word,frequency
च,1057
इति,575
न,571
वा,317
स,308
तु,303
एव,239
नमः,215
वै,215
ॐ,213
हि,192
ते,177
भवति,174
तथा,164
हां,151
एवं,130
तत्र,130
सा,123
मा,116
अथ,114
प्,106
तस्य,96
ये,96
यथा,95
मे,88
अपि,83
आह,81
य,80
॒,78
कुरु,71
तं,71
अत्र,70
ततः,70
वि,70
॑,70
यो,66
आ,65
अस्य,64
ननु,64
प्र,60
चैव,56
भवेत्,56
तेन,54
अत,52
ए॒व,52
सह,52
स्थाने,52
नाम,51
अस्ति,50
इत्यर्थः,50
त्वं,50
भावः,50
तेषां,49
कृत्वा,48
तत्,48
दीक्षा,46
भा॒नि,46
स्वतेज॑सा,46
च॑,45
तदुक्तं,45
यदि,44
अ,43
आसीत्,43
ततो,42
सः,42
कथं,41
किं,41
नो,41
दे॒वा,40
यत्र,39
या,39
करोति,38
त्वा,37
यः,37
सन्ति,37
तदा,36
ते॒,36
वेद॑,36
शेषः,36
स्यात्,36
दख्षि॑णा,35
त्वा॒,34
र्व्,34
किन्तु,33
मया,33
च्,32
इती,31
च॒,31
यत्,31
विना,31
सर्वं,31
ए॒वं,30
च॒रुं,30
प्रति,30
मध्ये,30
मां,30
तानि,29
दृश्यते,29
स्वाहा॒,29
आ॒यत॑नवान्,28
सर्वे,28
उच्यते,27
कर्म,27
ता,27
परं,27
यतः,27
सति,27
॑सि॒,27
अतः,26
इदं,26
भवन्ति,26
मम,26
यदा,26
ते॑,25
देव,25
नित्यं,25
पुनः,25
इत्याह,24
उवाच,24
नो॒,24
यस्य,24
स्वाहा,24
ऽ,24
गत्वा,23
दृष्ट्वा,23
पदं,23
मे॑,23
रूपं,23
वर्तते,23
इव,22
जनाः,22
जायते,22
तव,22
नो॑,22
म्,22
स्व॒स्ति,22
स॒ह,22
इह,21
खलु,21
चेत्,21
छन्दा,21
तां,21
यावत्,21
येन,21
स्वाहा॑,21
कृते,20
त,20
तमे,20
पूर्वं,20
सं,20
॑सि,20
अभवत्,19
अयं,19
तद्,19
परम्,19
प्रति॑,19
भविष्यति,19
भव॑ति,19
भारतस्य,19
यं,19
य॒ज्ञो,19
शच्च,19
इति॑,18
उक्तं,18
चापि,18
तस्मिन्,18
नः॑,18
पुरा,18
ब्रह्म,18
भो,18
भ्प्,18
सदा,18
इयं,17
किम्,17
क्रमात्,17
खलु॒,17
ततश्च,17
तस्मात्,17
ति,17
द्वे,17
परा,17
प्र॒जा,17
बोधिसत्त्वो,17
शिवं,17
स्थितः,17
स्थितो,17
स्म,17
ऽसि॒,17
अन्यथा,16
एते,16
कथ्यते,16
करणं,16
का,16
चि॑नुते,16
तथैव,16
नः,16
न॒,16
पदम्,16
माया,16
लिङ्गे,16
वः,16
विद्यते,16
सर्वत्र,16
स्थ,16
स्वयं,16
हाम्,16
अनेन,15
इत्थं,15
इत्यत,15
उप॑,15
एष,15
किञ्च,15
जिनपुत्र,15
ज्ञात्वा,15
तत्रैव,15
तस्मै,15
त्वया,15
देवं,15
नमो॑,15
प्रथमं,15
प्राप्य,15
भगवान्,15
यस्य॑,15
राजा,15
लभते,15
संशयः,15
सोम,15
स॒प्त,15
ऽसि,15
अद्य,14
इत्यस्य,14
कम॒ग्निं,14
काले,14
च॒रु,14
ज्ञानं,14
त्,14
नमो,14
नास्ति,14
नि,14
पि,14
प्रश्नः,14
भारत,14
भूतानां,14
मा॑,14
विषये,14
शक्यते,14
अतो,13
अस्मिन्,13
एवेति,13
कर्ता,13
कर्माणि,13
को,13
क्रमेण,13
गतः,13
तत,13
नवदिल्ली,13
न्,13
प्रतिष्ठा,13
ब्,13
भाव,13
मा॒,13
मे॒,13
लोके,13
वदन्ति,13
सर्वदा,13
आपो॒,12
इत्यपि,12
इत्य्,12
उक्तम्,12
एस्,12
कर्तुं,12
कर्मणां,12
कारणं,12
कुर्वन्ति,12
चि॑न्वा॒नः,12
जले,12
तर्हि,12
तस्याः,12
तस्यैव,12
तस्य॑,12
नात्र,12
निर्व॑पति,12
पञ्च,12
परमं,12
पुंसः,12
पृथक्,12
फलं,12
मनसा,12
यदाहुः,12
यदुक्तं,12
याति,12
वर्षे,12
वापि,12
वेद॒,12
शं,12
शिवः,12
श्रुत्वा,12
सम्यक्,12
सर्वा,12
सर्वेषां,12
स्थिता,12
ह,12
अग्ने॒,11
अहं,11
इत्या॑ह,11
इत्युक्तम्,11
इ॒मे,11
इ॒ह,11
एतत्,11
ए॒ता,11
ए॒ष,11
कला,11
कालं,11
कुरुते,11
गुणाः,11
चतुर्वर्णं,11
चेति,11
तदर्थं,11
देवाः,11
देवि,11
दे॒वता॑,11
दे॒वाः,11
नः॒,11
नाम॒,11
पदानि,11
परिगृह्णाति,11
पाठः,11
पुंसो,11
पुरुषस्य,11
प्रोक्तं,11
प॑शू॒नाम्,11
मम॑,11
यतो,11
रुद्राणा,11
रुद्राणीना,11
रुन्द्धे,11
व,11
विश्वे,11
विश्वे॑,11
वो,11
श्रूयते,11
सत्यं,11
सार्धं,11
सुभूते,11
सूर्यो॑,11
स्वः॑,11
अतश्च,10
अन्ये,10
अब्,10
इति॒,10
इत्यादि,10
इत्युच्यते,10
इ॒ति,10
इ॒दं,10
एकः,10
ए॒वा,10
ऐ,10
क,10
कर्मणा,10
कारणम्,10
कृतं,10
चास्य,10
तस्या,10
ताः,10
त्रिधा,10
दर्शयति,10
नाम्ना,10
पतये,10
परिणामयति,10
पुत्रो,10
प्र॒जाया॒,10
ब्रह्मा,10
भक्त्या,10
भू॒तानां,10
भ॑वति,10
मतम्,10
मन्दिरं,10
महासत्त्वः,10
मूर्ति,10
यान्ति,10
लक्षणम्,10
लिङ्गं,10
वद,10
विद्या,10
श,10
श्लो,10
सर्व,10
सर्वे॑षां,10
स्मृतः,10
ह॒,10
अस्तु,9
इत्यत्र,9
ए,9
एक,9
एवमेव,9
केन,9
क्षान्तिपारमितायां,9
गच्छ,9
गुणा,9
तच्च,9
तथापि,9
तद्यथा,9
तस्माद्,9
तस्यां,9
तिष्ठति,9
तौ,9
त्वां,9
दश,9
देवि॑का॒श्छन्दा,9
देवी,9
देशे,9
द्विधा,9
द्वौ,9
ध्यात्वा,9
नरः,9
नैव,9
परे,9
पीठे,9
पुण्यं,9
प्रवर्तते,9
प्रोक्ता,9
भस्म,9
भूत्वा,9
भोग्यं,9
भ्यां,9
मण्डले,9
मता,9
मनः,9
यद्,9
यद्वै,9
यावद्,9
य॒ज्ञं,9
रा॒ष्ट्रं,9
वयं,9
विदुः,9
व॒यं,9
शतिश्च,9
शिवस्य,9
शृणु,9
श्रीमन्मृगेन्द्रे,9
षट्,9
सो,9
सोम॑स्य,9
सोम॒,9
स्वरूपं,9
होत॒व्या॑,9
ऽयं,9
अनु॒,8
अव॑,8
इ,8
इत्यनेन,8
इन्द्रो॑,8
उ॒त,8
ऋ॒तस्य॑,8
एतच्च,8
एतेषां,8
एन्,8
एवम्,8
एषां,8
कामिके,8
कारयेत्,8
कार्यं,8
किञ्चित्,8
कृतवान्,8
क्रियते,8
क्रियया,8
गृह्णाति,8
गृ॒हे,8
जातः,8
जानाति,8
तत्वानि,8
तदाह,8
तदेव,8
तद्यथापि,8
तम्,8
तर्पयत,8
तस्मा,8
तस्यै॒षा,8
तान्,8
तेषु,8
त्व,8
दीक्षया,8
दे॒वता,8
द्यावा॑पृथि॒वी,8
धा॒ता,8
धा॒तारं॑,8
परां,8
परि,8
पादौ,8
पार्थ,8
पितरो,8
पुरतः,8
पू॒षा,8
प्रत्येकं,8
प्रवक्ष्यामि,8
प्रा॒णो,8
प्र॒जां,8
बभूव,8
बुद्धिः,8
ब्रह्म॑,8
ब्र॒ह्मा,8
भूमिं,8
भूयो,8
भोगः,8
भोगे,8
भ॒द्रं,8
महता,8
महान्,8
मुनिः,8
मूलं,8
य॒ज्ञ,8
लो॒कं,8
विशेषतः,8
वि॒द्वान्,8
शर्म॑,8
सद्यो,8
समाचरेत्,8
साम्रा,8
सु,8
सोऽपि,8
स्थानं,8
स्युः,8
स्वयम्,8
स॒,8
अनु॑,7
अस्यां,7
अहो,7
अ॒भि,7
आसन्,7
उ,7
एका,7
एतेन,7
एषा,7
कर्मणि,7
कालेन,7
के,7
क्वचित्,7
क्षेत्रे,7
गच्छति,7
तथाहि,7
तेन॑,7
तेन॒,7
त्वा॑,7
दक्षिणे,7
दत्त्वा,7
ददाति,7
दिने,7
दि॒वो,7
दी,7
देवः,7
देवीं,7
द्वाद॑शकपालं,7
द्वितीयं,7
द्वितीयः,7
द्वितीया,7
नमः॑,7
पञ्चधा,7
पञ्चार्णं,7
परस्परं,7
पुत्रं,7
पुरुषं,7
प्रणम्य,7
प्रतिपाद्यते,7
प्रतिष्ठायां,7
प्रथमः,7
प्राप्ते,7
प्राह,7
प्र॒जाः,7
प्र॒जाप॑तये,7
ब्रूहि,7
भवतीति,7
भूर्भुवः॒,7
भ्यो,7
मनसि,7
मन्त्राः,7
मन्यते,7
महत्,7
महेश्वरः,7
मृगेन्द्रे,7
यज॑ते॒,7
यज॑मानस्य॒,7
यत्ते॑,7
यथा॒,7
यद्येवं,7
यस्मात्,7
योगः,7
यो॑ऽपामा॒यत॑नं॒,7
रहस्यं,7
रुद्र,7
रुन्द्धे॒,7
रूप,7
रूपेण,7
रोचते,7
लिङ्‌गं,7
वक्ष्ये,7
वट्थ्स्व॒यम॑भिगूर्ताय॒,7
वर्च॑से,7
वाक्यं,7
वाच्यम्,7
वाव,7
विन्यसेत्,7
विस्तरेण,7
विहाय,7
वेद,7
वे॒द,7
व॒य,7
शक्ति,7
शतं,7
शतम्,7
शब्द,7
शिवा,7
श्री,7
सत्यम्,7
समं,7
सम्भवति,7
सहसा,7
सहस्रं,7
सि,7
सोमो॒,7
स्थिताः,7
स्याम,7
स्वयमेव,7
हु॑वे,7
हृदयं,7
अग्ने,6
अग्ने॑,6
अथवा,6
अधुना,6
अयमभिप्रायः,6
अ॒पां,6
अ॒पामा॒यत॑नम्,6
अ॒सौ,6
आत्मविद्या,6
आपः॑,6
आर्,6
इदानीं,6
इन्दोलोगिचल्,6
इन्स्तितुते,6
इष्यते,6
इ॒यं,6
ईश्वरः,6
उत,6
उत्तमम्,6
उप॑दधाति,6
ए॑वं,6
ए॒तं,6
ओर्,6
ओड़्,6
कथञ्चन,6
करिष्यति,6
कर्मणो,6
कालो,6
किञ्चन,6
कृतः,6
कृता,6
ख,6
गताः,6
गम्यते,6
गाय॒त्री,6
गुणानां,6
गुरुः,6
चा,6
चाह,6
चित्तं,6
चित्रं,6
चिन्त्यविश्वे,6
चैतन्यं,6
छन्द॑सां,6
छन्द॑सा॒,6
जन्म,6
जुहोति,6
जुहोति॒,6
जुहोमि,6
ज्ञानम्,6
ज्ञेयं,6
टि,6
तच्,6
तत्त्वं,6
तत्त्वसङ्ग्रहे,6
तत्व,6
तत्वे,6
तपसा,6
तावत्,6
ति॒रोऽधा॒,6
तेजसा,6
तैः,6
तैत्तिरीयसंहितायां,6
त्यक्त्वा,6
त्रिखण्डं,6
त्रिषु,6
त्रीणि,6
दक्षिणां,6
दर्शयितुं,6
दिक्,6
दि॒वि,6
दीक्षायां,6
दुःखं,6
दृष्टा,6
देवानां,6
देव॑,6
देहि,6
दे॒वो,6
धनञ्जयः,6
धूमवानिति,6
धृत्वा,6
नारद,6
निर्,6
निर्णयः,6
निवृत्तौ,6
निश्चितम्,6
नूनं,6
नेति,6
न्यायालयेन,6
न॑,6
पतन्ति,6
पशुः,6
पाहि॒,6
पुनर्,6
पुरु॑षः,6
पृथिवी,6
पृथिव्यादीनां,6
पौ॒ष्णं,6
प्रकृतेः,6
प्रजा,6
प्रजायते,6
प्रतिपुरुषं,6
प्रतिष्ठापयितुं,6
प्रति॑तिष्ठति,6
प्रति॒,6
प्रयत्नं,6
प्राकृतं,6
प्रायः,6
प्र॒जया॑,6
प॒शवो॒,6
बीजं,6
बुधाः,6
बुधैः,6
भगवतः,6
भव,6
भारताय,6
भुवि,6
भोक्ता,6
मन्त्रेण,6
मयि॒,6
मलेन,6
महाबलः,6
मानवः,6
मासस्य,6
मिथुनं,6
मुक्तबोध,6
मुक्तिः,6
मुक्तौ,6
मृ,6
यज॑मानो॒,6
यथाक्रमम्,6
यथा॑,6
यस्मिन्,6
यस्य॒,6
यानि,6
युक्तः,6
युज्यते,6
रा,6
राज्ये,6
रामः,6
रामो,6
रु॒द्रः,6
रूपम्,6
रू॒पं,6
र॒यिं,6
लक्षं,6
लक्षणं,6
वक्तुं,6
वचनं,6
वरं,6
वरदं,6
वर्तन्ते,6
वायोः,6
विद्यातत्वं,6
वेति,6
वो॒,6
व्रतं,6
शक्तिः,6
शत्,6
शब्देन,6
शिवतत्वं,6
शिवधर्मिणी,6
शुभम्,6
शेषं,6
श्च,6
सङ्क्षेप,6
सङ्ग्रामे,6
सत्यपि,6
सन्,6
सम्,6
सम्यक्सम्बोधौ,6
सर्वा॑,6
साधनैः,6
सिद्ध,6
सिद्धान्तशेखरे,6
सुखं,6
सूर्य॑स्य,6
सोमो,6
स्,6
स्थितम्,6
स्थ॒,6
स्यादिति,6
स्व,6
स्वेन,6
स॒त्यं,6
हत्वा,6
हस्ते,6
हिर॑ण्यं॒,6
ऽनु॒,6
ऽपि,6
॑शतिश्च,6
ं,5
अकरोत्,5
अगच्छत्,5
अथा॑रु॒णः,5
अरि॑ष्टनेमिः,5
अवदत्,5
अष्टौ,5
असौ,5
अ॒पा,5
इदम्,5
इन्द्र,5
इन्द्र॑पीतस्य॒,5
इन्द्र॒,5
उमेष्,5
ऋ॒तस्य॒,5
एतद्,5
एतैः,5
ए॒तस्य॑,5
ए॒ते,5
कन्या,5
करणेन,5
कर्मणः,5
कलादि,5
कश्चित्,5
कारणेन,5
कि,5
किक्कि॒टा,5
कुत,5
कुतः,5
कृष्णस्य,5
केचन,5
केवलं,5
के॒तवो॒,5
क्ता,5
क्रीडकान्,5
क्षितौ,5
गता,5
गतिः,5
गतिम्,5
गर्प्,5
गवां,5
गां,5
गृहे,5
गृह्यते,5
गृ॒ह्यन्ते॒,5
चकार,5
चतुरक्षरम्,5
चाक्षुषी,5
चिरं,5
चोक्तं,5
च्द्,5
छात्राः,5
जिह्वा,5
ज्ञानरत्नावल्यां,5
ज्ञायते,5
तः,5
तच्छ्रुत्वा,5
तदनु,5
तदयुक्तमित्याह,5
तदयुक्तम्,5
तदुक्तम्,5
तदे॒षाऽभ्यनू,5
तन्न,5
तमः,5
तया,5
तस्मा॑,5
ता॒दृगे॒व,5
तृतीयकाण्डे,5
तैलं,5
दत्ता,5
ददौ,5
दधातु,5
दम्प॑ती,5
दर्शनं,5
दिशो॒,5
दि॒व्या,5
देवस्य,5
देवा,5
देवेश,5
दे॑व,5
दे॒वस्य॑,5
दे॒वानां,5
दे॒वी,5
दे॒वेषु॑,5
द्रष्टुं,5
द्वाद॑शकपालं॒,5
द॑र्,5
ध्रुवम्,5
ध्वनि,5
नच,5
नमः॒,5
नाम॑,5
निर्व॑पति॒,5
निवर्तते,5
नैवेद्यं,5
न्यायालयस्य,5
पञ्च॑,5
पञ्च॑वि,5
परः,5
परित्यज्य,5
परि॑,5
पशोः,5
पश्यति,5
पाठे,5
पादः॑,5
पापं,5
पिता,5
पि॒तरो,5
पि॒ता,5
पु,5
पुत्र,5
पुत्रके,5
पुमान्,5
पुरुष,5
पुरुषः,5
पूजयेत्,5
पूजा,5
पू॒र्णा,5
पौ,5
प्रतिजानीते,5
प्रतीयते,5
प्रत्ये॒व,5
प्रथम,5
प्रथ॒मं,5
प्रधानमन्त्री,5
प्रभुः,5
प्रसज्यते,5
प्रसिद्धा,5
प्रातःकाले,5
प्राप्यते,5
प्रा॒ण,5
प्रा॒णाय॑,5
प॒शवः॑,5
प॒शूने॒व,5
फलम्,5
बहूनि,5
बार्,5
बाल्ये,5
बुद्धौ,5
बुधः,5
ब्रह्मण,5
ब्रह्मणः,5
ब्रह्मवा॒दिनो॑,5
भगवं,5
भागं,5
भाति,5
भार्या,5
भावयेत्,5
भुवनानां,5
भूतं,5
भेदमाह,5
भोः,5
भोगस्य,5
भोगो,5
मनो,5
मन्तव्यम्,5
मन्त्र,5
मन्दिरम्,5
मलस्य,5
मलादि,5
महापुराणे,5
महि॒,5
मह्यं,5
माम्,5
मिति,5
मिथु॑न,5
मोक्षं,5
यच्छ्रूयते,5
यस्तु,5
याः,5
यादवः,5
युक्तं,5
युक्ता,5
रक्ष,5
रागो,5
राजानं,5
री॒ढ्वम्,5
रूपाणि,5
लिप्,5
लोकेषु,5
लो॒के,5
ल॑भेत॒,5
वक्ष्यति,5
वक्ष्यामः,5
वत्स,5
वदति,5
वने,5
वसी॑यान्भवति,5
वाक्यम्,5
वारु॒णं,5
वासा॒,5
वासुदेवः,5
विज्ञाना,5
विधाय,5
विधिः,5
विभाव्य,5
विभुः,5
विश्वस्य,5
वीर्यपारमितायां,5
वी॒र्यं॑,5
वेदना,5
व्यक्ते,5
व्यज्यते,5
व्यवस्था,5
व्यासः,5
शक्या,5
शक्व॑री,5
शब्दस्य,5
शरणं,5
शरीरं,5
शा,5
शाकम्भरीदेव्याः,5
शिखा,5
शिव,5
शिवो,5
शिष्यं,5
शुभे,5
श्रीधरः,5
श्रीमत्किरणे,5
श्रीमत्स्वायम्भुवे,5
श्रुतिः,5
श॒स्त्रं,5
सकल,5
सप्तार्णं,5
समयी,5
समासाद्य,5
सम्बन्धः,5
सर्वतः,5
सर्वेषु,5
सवि॒ता,5
सहैव,5
सां,5
साक्षाद्,5
साधु,5
सारं,5
सारस्व॒तं,5
सिद्धा,5
सुत,5
सुराः,5
सू,5
सूचितम्,5
सोमा॑य,5
सौ॒म्यं,5
स्थानेषु,5
स्थित्वा,5
स्पर्शदीक्षा,5
स्मृता,5
स्वं,5
स्वस्य,5
स्वा,5
हस्प॒त्यं,5
हिरण्यं,5
हे,5
ऽना,5
॒शच्च॑,5
॒सि,5
अथो,4
अधिकं,4
अधिकृत्य,4
अधि॑,4
अनु,4
अन्यादृशम्,4
अयमर्थः,4
अवश्यं,4
अवसरः,4
असद्यो,4
अस्मै,4
अस्याः,4
अ॒ग्निः,4
अ॒यं,4
अ॒हं,4
आचार्यः,4
आत्मनो,4
आत्मा,4
आध्यक्ष्ये,4
आ॒ग्ने॒यम॒ष्टाक॑पालं॒,4
आ॒ह॒,4
इत्यन्वयः,4
इत्यस्ति,4
इत्यादिना,4
इत्या॑ह॒,4
इत्येव,4
इन्,4
इव॒,4
इष,4
इहैव,4
उन्देर्,4
उपदिश्यस्य,4
उप॑हूत॒स्योप॑हूतो,4
उ॒क्थं,4
उ॒प॒या॒मगृ॑हीतो,4
एतदेव,4
एतस्य,4
एता,4
एतानि,4
एति,4
एतेषु,4
एम्,4
ए॑नं,4
ए॒षो,4
ओ,4
कः,4
कथम्,4
कथितं,4
कर्णे॑भिः,4
कर्तृत्वं,4
कर्तृत्वम्,4
कर्मभिः,4
कर्मवशतो,4
कर्मसु,4
कर्मेन्द्रियाणि,4
कर्मैव,4
कलौ,4
कस्य,4
कामा॑य,4
कालः,4
कालस्य,4
किमपि,4
किर्त्,4
कुर्यात्,4
कूर्म्प्,4
कृतम्,4
कृतस्य,4
केचित्,4
केन्द्रसर्वकारेण,4
क्रियाः,4
क्षेतै॒ष,4
गन्धः,4
गमयति,4
गुणैः,4
गुरोः,4
गृ॑ह्णाति,4
ग्ब्र्,4
ग्रामे,4
घृतं,4
घृ॒तेन॒,4
चक्रे,4
चक्षुषा,4
चणकः,4
चतुर्थः,4
चन्द्रस्य,4
चात्र,4
चान्ये,4
चित्राणि,4
चेत्यर्थः,4
छन्द॑सामवतु,4
जगतः,4
जग॑ती,4
जनानां,4
जनान्,4
जलं,4
जाघनी,4
जातम्,4
जातु,4
जानन्ति,4
जुहाव,4
जु॑होमि,4
जु॒होति॑,4
ज्ञातुं,4
ज्ञान,4
ज्ञेयम्,4
ज्योति॑ष्मते॒,4
ज्योति॑ष्मन्तं,4
ज॑नयति,4
ज॑यति,4
ज॑यत्यृ॒तस्य॑,4
ततो॑,4
ततो॒,4
तत्रापि,4
तत्वं,4
तथेति,4
तदपि,4
तदा॑है॒तन्मे॑,4
तदेवं,4
तपसि,4
तपस्तेपे,4
तपस्वी,4
तयो॑रे॒तौ,4
तर्पयत॒,4
तव॑,4
तस्मान्नः,4
तस्मै॑,4
तस्मै॒,4
तस्यापि,4
तात,4
ताभ्यः॒,4
तावद्,4
तासां,4
तिरुवनन्तपुरं,4
ति॑ष्ठ,4
ति॑ष्ठति॒,4
तृतीयं,4
तेषा॑मेषा॒,4
त्यै,4
त्रयो,4
त्रि,4
त्र्यक्षरं,4
त्वम्,4
त्व्,4
त्स्,4
त॑नोति॒,4
त॑र्पयति॒,4
थे,4
दलस्य,4
दा,4
दास्यति,4
दिनाङ्के,4
दिनानि,4
दिवि,4
दिव्यं,4
दिशि,4
दि॒वः,4
दि॒वे,4
दीक्षां,4
दीयते,4
दु॑हा॒मा,4
दृश्यन्ते,4
देवाश्च,4
देवो,4
दे॒वता॒,4
दे॒वहि॑तं॒,4
दे॒वेभ्यः॑,4
द्,4
द्यौः,4
द्रवि॑णं,4
द्वयोः,4
द्वादश,4
द्विजोत्तमाः,4
द्वितीये,4
द्विथा,4
द॑दातु,4
द॑धाति,4
धनं,4
धनम्,4
धर्मस्य,4
धीमहि,4
धेहि,4
नगरस्य,4
नरा॒श,4
नर्,4
नव,4
नवदहली,4
नहि,4
ना,4
नाथ,4
नापि,4
नामेत्या॑ह,4
नारी,4
निधाय,4
नियमेन,4
निर्देशः,4
निर्वाणदा,4
निवृत्यादि,4
निश्चयो,4
न्यसेत्,4
न॑मत्ये॒ता,4
न॒रकः,4
न॒स्तार्क्ष्यो॒,4
पञ्चमः,4
पत्नीसंयाजा,4
पत॑यो,4
पदाध्वा,4
पप्रच्छ,4
परितः,4
परियोजनायाः,4
परिहरति,4
परि॒,4
पा,4
पात्रि॑यः,4
पात्र॑मसि॒,4
पाशः,4
पाशत्रय,4
पाशानां,4
पितरं,4
पितरः,4
पितामह,4
पितुः,4
पीठस्य,4
पुंसां,4
पुरस्कृत्य,4
पुराणि,4
पुरुषे,4
पु॒त्र॒व॒त्वाय॑,4
पू,4
पूर्व,4
पूर्ववत्,4
पृच्छामि,4
पृथिव्यां,4
पृथिव्यादि,4
पृ॑थि॒वी,4
पृ॑थि॒व्या,4
पौरुषं,4
प्रकल्पयेत्,4
प्रकृतिं,4
प्रकृतिः,4
प्रतिष्ठापयति,4
प्रथमम्,4
प्रथमा,4
प्रदेशेषु,4
प्रमेयदीपिका,4
प्रयत्नेन,4
प्रयोजिका,4
प्रसादं,4
प्राक्,4
प्राणो,4
प्रातः,4
प्राप्ता,4
प्रा॒णं,4
प्रा॒णः,4
प्रोक्तः,4
प्र॒जाप॑तये॒,4
प्र॒जाप॑तिर्य॒ज्ञः,4
प्र॒जावा,4
प्र॒त्यक्षे॑ण,4
प॑रिपा॒हि,4
प॑श्येमा॒क्षभि॒र्यज॑त्राः,4
प॒शून्,4
बलवतां,4
बहु,4
बहुधा,4
बालानां,4
बुद्धभूमौ,4
बुद्धेः,4
बृह॒स्पति॑र्दधातु,4
बे,4
ब्रह्मणा,4
ब्रह्मणे,4
ब्रह्म॑ण,4
ब्राह्मणः,4
भक्ति,4
भक्षयामि,4
भर,4
भवती,4
भवन्तु,4
भविता,4
भव॑त्या॒त्मना॒,4
भारतदलं,4
भावा,4
भावाः,4
भावि,4
भावे,4
भावेन,4
भाषमाणः,4
भाष्यम्,4
भाष्ये,4
भिन्ना,4
भुवनेश्वरम्,4
भू,4
भूः,4
भू॒त्वा,4
भेदं,4
भोगं,4
भोग्ये,4
भ्म्ज्,4
भ्यः॒,4
भ्यस्त्वा,4
भ्य॒,4
भ्रातृ॑व्यो,4
भ॑वति॒,4
भ॒वति,4
मण्डलस्य,4
मत्वा,4
मधु,4
मधुना,4
मधु॑,4
मधु॑मत॒,4
मध्य॒तो,4
मनुष्या,4
मनुष्याणां,4
मन्यन्ते,4
मयि॑,4
मय्,4
महात्मनः,4
महापर्वतराजः,4
महामुनिः,4
महासत्त्वो,4
माता,4
मायां,4
मुखे,4
मुच्यते,4
मुने,4
मूले,4
मे॒धा,4
मोक्ष,4
मोदी,4
म्स्प्व्,4
म॒रुतो॑,4
म॒ही,4
यज्ञं,4
यज॑मानो,4
यत,4
यथायोग्यं,4
यथाविधि,4
यदायुः॑,4
यन्,4
यस्या,4
यस्यां,4
यां,4
युक्तम्,4
योगेन,4
य॒ज्ञम्,4
य॒ज्ञस्य॒,4
य॒ज्ञिया॑,4
रम्स्,4
रयी॒णाम्,4
रसः॑,4
रहोनुशासकं,4
राजा॒,4
राज्ञः॒,4
राज्ञो,4
रात्रौ,4
राम,4
रामस्य,4
रामेण,4
रावणस्य,4
राष्ट्रपतिः,4
राष्ट्रे,4
रा॑जन्,4
रिति,4
रुन्द्ध,4
रुन्धे,4
रु॒द्रो,4
रेतः॑,4
रेसेअर्छ्,4
लक्षणस्य,4
लभेत्,4
लिङ्गवत्,4
लेभे,4
लोकधर्मिणी,4
लोकानां,4
लो॒का,4
वचनात्,4
वदन्ति॒,4
वरु॑णो,4
वर्गः,4
वर्षस्य,4
वशं,4
वषट्का॒रेण॒,4
वसू,4
वसू॑नि,4
वस्तु,4
वां,4
वाक्,4
वाचकं,4
वाचा,4
वाथ,4
वायवे,4
वायौ,4
वासो,4
वा॒चो,4
विजयं,4
विज्ञानाकल,4
विज्ञानेन,4
विज्ञेया,4
विद्यन्ते,4
विधीयते,4
विन्यस्य,4
विवादपदम्,4
विशेष,4
विशेषमाह,4
विशोधयेत्,4
विश्वनाथः,4
विश्वा॑,4
विश्वा॒,4
विश्वे॑षां,4
विषय,4
विषयेऽस्मिन्,4
विष्णवे,4
विष्णोः,4
विहरति,4
वि॒श्ववे॑दाः,4
वीर,4
वृत्तयो,4
वृत्तिः,4
वृ॒द्धश्र॑वाः,4
वो॑,4
व्यवस्थितः,4
व्यवस्थिता,4
व्यवस्थिताः,4
व्यशे॑म,4
व्यापकं,4
व्याप्तिं,4
व्यायामः,4
व्योम,4
व्यो॑म,4
व्रजेत्,4
व॒यम्,4
व॒ही,4
शक्याः,4
शमयति॒,4
शर्मा,4
शान्तिः॒,4
शिरः,4
शिवत्वं,4
शिववत्,4
शिवाय,4
शिवेन,4
शिव्प्,4
शि॒वा,4
शु॒क्रं,4
शु॒क्रमा,4
शृणु॒याम॑,4
शेष,4
श्रद्धया,4
श्रेष्ठ,4
श‍ृणु,4
षट्च॑त्वारि,4
षडक्षरम्,4
ष्ट्र॒भृतो॑,4
संसारः,4
संसारे,4
संहितायां,4
सङ्ख्या,4
सजलं,4
सञ्चिन्त्य,4
सत्त्वान्,4
सदः॒,4
सन्देहो,4
सप्त,4
समन्वितम्,4
समय,4
सम्पूज्य,4
सम्पूर्णं,4
सम्प्रति,4
सम्प्र॑ति,4
सम्बन्ध्य,4
सम्भवात्,4
सर्वकारेण,4
सर्वज्ञः,4
सर्वस्य,4
सर्वाः,4
सर्वाणि,4
सर॑स्वत्यै,4
सर॑स्वत्यै॒,4
सव॑नं,4
सहकारिणा,4
सहस्रशः,4
सहास्ते,4
साक्षात्,4
साङ्ख्याः,4
साधकस्य,4
साधनं,4
साधयति,4
सापेक्षा,4
साम्ना॑,4
साम्प्रतं,4
साहाय्यं,4
सिद्धः,4
सिद्धिः,4
सिद्धे,4
सुख,4
सु॒वीर्य,4
सोमं,4
सोमाय,4
सोमा॑य॒,4
स्कन्द॑ति॒,4
स्तुष्टु॒वा,4
स्तु॒तं,4
स्तु॒तस्य॑,4
स्ते॒,4
स्तोमे॑न,4
स्तोमो॑,4
स्तो॒तृभ्य॒,4
स्थापितं,4
स्था॒,4
स्थितानि,4
स्थितिः,4
स्थि॒रैरङ्गै,4
स्नात्वा,4
स्मृताः,4
स्यादित्यर्थः,4
स्या॑म॒,4
स्वतः,4
स्वां,4
स्वात्मनि,4
स्वान्यायुधानि,4
स्वामी,4
स॑स्त॒नूभिः॑,4
हिमालयात्,4
हि॒,4
हीति,4
होता,4
ह॒विषा॑,4
ऽग्नये॑,4
ऽग्निः,4
ऽस्य,4
ऽस्य॒,4
अकद्,3
अकुर्वन्,3
अजायत,3
अतोऽस्य,3
अथो॑,3
अदि॑तिः॒,3
अधः,3
अधीच्छेत्,3
अधो,3
अनन्तरं,3
अनादि,3
अनुत्तरस्यां,3
अन्धाः,3
अन्यः,3
अन्यथेति,3
अन्येषां,3
अप,3
अपरा,3
अपा,3
अभवन्,3
अभ॑व॒न्परासु॑रा॒,3
अयमेव,3
अयम्,3
अरु॑णासश्च,3
अर्थः,3
अलं,3
अविशब्दने,3
अवि॑सृष्टौ,3
अश्विना,3
अस्तु॒,3
अस्माकं,3
अस्माभिः,3
अस्या,3
अहम्,3
अ॑ध्व॒र्योः,3
अ॒ग्नि,3
अ॒ग्निं,3
अ॒ग्निर्मा॒,3
अ॒ग्निर्वा॒युश्च॒,3
अ॒न्या,3
अ॒पाश्न्यु॑ष्णिम॒पा,3
अ॒सश्च॑त,3
अ॒सि॒,3
अ॒स्माद॒स्मादि॒तोऽमुतः॑,3
आकरः,3
आकाशस्य,3
आदित्याना,3
आपदः,3
आपो,3
आपो॑,3
आप॑मापाम॒पः,3
आप॒,3
आरभ्य,3
आर्गोण्,3
आलोक्य,3
आविष्कारे,3
आवेदनानि,3
आशङ्कां,3
आहुः,3
इत,3
इत्यादीनि,3
इन्द्रस्य,3
इमं,3
इमां,3
इमे,3
इषान्त्,3
इ॒मं,3
इ॒ष्ट्वा,3
ई,3
उक्त्वा,3
उच्चरेत्,3
उत्तम,3
उत्तमं,3
उत्पद्यते,3
उद्‌घाटनं,3
उपरि,3
उपस्पृशत,3
उभे,3
उव्,3
उ॑,3
उ॑चैनमे॒वं,3
उ॒पाद॑धात्,3
उ॒भे,3
ऊचुः,3
ऊर्जं॑,3
ऋ॒चा,3
ऋ॒तं,3
ऋ॒ष॒यो,3
एकसत्त्वम्,3
एकाशीति,3
एका॑दश,3
एका॑दश॒,3
एकैकं,3
एतच्छ्रुत्वा,3
एतदर्थं,3
एतस्मिन्नेव,3
एवमुक्ता,3
एवायुधैर्ब्रह्मणो,3
एवाऽऽत्मा,3
ए॒तम॒ग्निं,3
ए॒वास्मै॑,3
ए॒वैनं॒,3
ए॒षा,3
ऐश्वर्यं,3
ओं,3
ओजो॒,3
ओष॑धयः,3
कं,3
कन्यां,3
कम्,3
करणानि,3
करणीयः,3
करोति॒,3
कर्तरि,3
कर्तव्यं,3
कर्तव्यः,3
कर्तव्यता,3
कर्तव्येति,3
कर्तुः,3
कर्मणैव,3
कर्मवशात्,3
कर॒द्यथा॑,3
कलां,3
कलाः,3
कलानां,3
कल्प्यते,3
कष्टं,3
कामं,3
कायेन,3
कारकः,3
कारणात्,3
कार्य,3
कार्यः,3
कार्यान्तरहेतुत्वे,3
कार्ये,3
काल,3
कालश्च,3
कालाग्नि,3
कालोत्तरे,3
किञ्चिद्,3
किल,3
कुब्ज्त्,3
कुर्वन्,3
कृतानि,3
कृतिः,3
कृधि,3
कृपया,3
कृष्णः,3
कृ॒तानि॑,3
कोलकाता,3
कोऽपि,3
कौन्तेय,3
क्रतु॒पाभ्या॑म॒स्य,3
क्रत्वे॒,3
क्रमः,3
क्रमशो,3
क्रमेणैव,3
क्रि,3
क्रियमाणं,3
क्रियाज्ञानं,3
क्व,3
क्षताः,3
क्षमः,3
क्षमा,3
क्ष॒त्रं,3
खाद्यानि,3
खे,3
ख्यातिं,3
गच्छे॑म,3
गच्छ॑ति॒,3
गते,3
गर्भं॑,3
गर्भ॒,3
गाः,3
गाय॒त्रेण॒,3
गावौ॒,3
गा॒तुं,3
गिरा,3
गुजरातराज्यस्य,3
गुणः,3
गुणो,3
गुह्यं,3
गृहं,3
गृहम्,3
गृहाणि,3
गृहीत्वा,3
गृह्णा॒मीति॒,3
गृह्यन्ते,3
गृ॒हा,3
गौतम,3
ग्रहे,3
घटादिवत्,3
घुषिर्,3
घृ॒तस्य॒,3
चक्रवातः,3
चतुर्थं,3
चतुर्विंशति,3
चतु॑श्चत्वारि,3
चत्वारि,3
चामृ॑त्युर॒घाऽऽह॑रत्,3
चितः,3
चित्,3
चिन्ता,3
चिन्तितवन्तः,3
चिह्नानि,3
चि॑नु॒ते,3
चेदपि,3
चेद्,3
चेन्न,3
चैवं,3
चोथ्स॑र्पति,3
चोथ्स॑र्पन्ति,3
छन्दा॒,3
छन्द॑,3
छन्द॑सा,3
जना,3
जनार्दनः,3
जन॑ना,3
जाग॑तेन॒,3
जातमिति,3
जाता,3
जा॑यते,3
जिन्व॑,3
जि॒ह्वा,3
जीवति,3
जी॒वं,3
जुष्टं॑,3
ज्ञानमेव,3
ज्ञानरत्नावल्याम्,3
ज्ञानेन,3
टेस्ट्,3
तत्क्षणात्,3
तत्पदं,3
तत्वाधिपाय,3
तत्सर्वं,3
तदव॑रुन्धे,3
तदानीं,3
तदिदं,3
तदूर्ध्वं,3
तदेवेति,3
तद्धि,3
तपसः,3
तपो॒,3
तमसा,3
तमेव,3
तयोः,3
तल्लिङ्‌गं,3
तामि॒ह,3
तारं,3
तासु,3
तिष्ठत्यन्तरा,3
तीर्थेषु,3
तूर्णं,3
तृतीये,3
तेजो॑,3
तेना,3
तेनोक्तम्,3
तेभ्यो॑,3
तेषामपि,3
तेषामेव,3
त्मना,3
त्री,3
त्रैष्टु॑भेन॒,3
त्वत्तः,3
त्वमेव,3
त्वयि,3
त्वाम्,3
त्वे,3
त॑नोति,3
दक्षा॑य,3
दक्षि॑णां॒,3
दख्षि॑णै॒न्द्रमेका॑दशकपालमृष॒भो,3
दग्ध्वा,3
दधाति,3
दधाति॒,3
दर्वी,3
दर्शनार्थं,3
दर्शपूर्णमासयोः,3
दशधा,3
दशा,3
दाता,3
दानं,3
दा॒शुषे॒,3
दिवं,3
दिशं,3
दीक्षाबीजम्,3
दीक्षितस्य,3
दीक्षैव,3
दीर्घः,3
दुग्धम्,3
दुहाना,3
दु॒ग्धे,3
दृश्यत,3
दृश्य॑ते,3
दृष्टे,3
दृष्टो,3
दृष्ट्या,3
देव्या,3
देव्याः,3
देशस्य,3
देह,3
देहं,3
देहो,3
दे॑वाः,3
दे॒वं,3
दे॒वः,3
दे॒वताः॒,3
दे॒वाना॒मप्ये॑तु॒,3
दे॒वान्,3
दे॒वेभ्यः॒,3
दे॒वेभ्यो॒,3
दो,3
दोषः,3
दोषो,3
द्रष्टव्यम्,3
द्वन्द्वं,3
द्वयं,3
द्वारि,3
द्विच॑त्वारि,3
द्वेधा,3
धर्मं,3
धर्मः,3
धर्मैः,3
ध्रु॒वस्याध्य॑क्षाभ्यां,3
नगरं,3
नन्वेवं,3
नभ॑सा,3
नम,3
नमस्तस्मै,3
नमस्तुभ्यं,3
नम॑,3
नरके,3
नराणां,3
नरेन्द्रमोदिना,3
नरो,3
नर्प्,3
नवधा,3
नवम्बर्,3
नश्यति,3
नायकस्य,3
नार्ति॒मार्च्छ॑ति॒,3
नाश,3
नाशः,3
नास्य,3
निः,3
निकृत्या,3
नित्यः,3
नित्यम्,3
निद्रा,3
नियमे,3
नियामकं,3
निरर्थकः,3
निर्णयस्य,3
निर्दोषं,3
निर्बीजका,3
निर्मलत्वेन,3
निर्वाणा,3
निर्व॑पेत्,3
निवृत्ति,3
निवृत्तिश्च,3
निवेदयेत्,3
निश्चित्य,3
नु,3
नृप,3
नृपम्,3
नेह,3
नैवं,3
नोपलभते,3
नोप॑,3
नोप॒नम॑ति,3
न्द्र,3
न्यायाधिपः,3
न्यायेन,3
न॑मति,3
प,3
पं,3
पञ्चमी,3
पञ्चवर्णं,3
पञ्च॑चत्वारि,3
पटलः,3
पठन्ति,3
पण्डितः,3
पतिं,3
पतिः,3
पते,3
पत्रकारिता,3
पदे,3
पर,3
परतो,3
परन्तु,3
परमां,3
परमे,3
परमेश्वरेति,3
परम्परया,3
परया,3
पराजित्य,3
परा॑,3
परिकीर्तितः,3
परिकीर्तिता,3
परिज्ञाने,3
परिष्वज्य,3
परिसङ्ख्यया,3
परेण,3
पर्ण॒मयी॑,3
पर्यन्तं,3
पर्यन्तम्,3
पवस्व॒,3
पशु,3
पशू॒नां,3
पश्यामि,3
पाकिस्थानेन,3
पाठ,3
पाण्डवाः,3
पाण्डवानां,3
पातु,3
पाथः॑,3
पादमुद्रा,3
पापानि,3
पार्थिवं,3
पार्श्वरेखाद्वय,3
पालनं,3
पाशा,3
पाहि,3
पिबेत्,3
पि॒तृपी॑तस्य॒,3
पीठादौ,3
पीत्वा,3
पुटे,3
पुण्यक्रियावस्तूनि,3
पुद्गलं,3
पुनरुच्यते,3
पुनरेव,3
पुनश्च,3
पुराणं,3
पुरुषो,3
पुरे,3
पुरो॒डाशं॒,3
पुरो॒डाश॑म॒ष्टाक॑पालं॒,3
पु॒रस्ता,3
पु॒रा,3
पूजया,3
पूजयामास,3
पूज्याः,3
पूरणं,3
पूर्वदिशि,3
पूर्वे,3
पृत॑ना,3
पृथिवीं,3
पृथि॒व्या,3
पृथ्व्यादि,3
पृषदा॒ज्य,3
पृष्ठे,3
पृ॒ष्ठे,3
पौष्करे,3
प्न्च्,3
प्रकारमाह,3
प्रकाशयति,3
प्रकीर्तिता,3
प्रकुर्वीत,3
प्रकृतौ,3
प्रकृत्यादि,3
प्रजानां,3
प्रजापतिः,3
प्रज्ञापारमितां,3
प्रणवं,3
प्रणिपत्य,3
प्रतिपद्यते,3
प्रतिपद्यितव्यं,3
प्रतिपाद्य,3
प्रतिपुन्नियतः,3
प्रतिमास्वपि,3
प्रतिरोद्धुं,3
प्रतिष्ठाया,3
प्रति॒ष्ठा,3
प्रदक्षिणं,3
प्रदापयेत्,3
प्रधानस्य,3
प्रभाषेत,3
प्रभुम्,3
प्रभो,3
प्रमाणम्,3
प्रमाणोक्तिरिति,3
प्रयत्नः,3
प्रलया,3
प्रलये,3
प्रवर्तत,3
प्रवर्तन्ते,3
प्रवर्तयितुं,3
प्रवर्तितम्,3
प्रवृत्तानां,3
प्रवृत्तौ,3
प्रशंसन्ति,3
प्रसङ्गात्,3
प्रसन्नो,3
प्रसाध्य,3
प्रसिद्धः,3
प्रागेव,3
प्राग्,3
प्राण,3
प्रापत्,3
प्रापयत्,3
प्राप्नोति,3
प्रामाण्यम्,3
प्रारम्भे,3
प्रा॒णैरप॑प्रसर्पति॒,3
प्रा॒णैरप॑प्रसर्पन्ति॒,3
प्रा॒णैरप॑प्रसृपत॒,3
प्रा॒णैरप॑प्रसृप॒,3
प्रिये,3
प्रि॒यम्पाथो॒,3
प्रि॒यम्पाथ॒,3
प्रैव,3
प्रोक्तम्,3
प्रोक्तो,3
प्र॑युञ्जी॒त,3
प्र॒जाप॑तिः,3
प्र॒जाप॑तिः॒,3
प्र॒जाप॑ति॒स्तमे॒व,3
प्र॒ति॒ष्ठा,3
प्र॒दृश्य॑ते,3
प्र॒विशेत्,3
प॑रं,3
प॒दे,3
प॒शवो॑,3
फल,3
फलानि,3
फलितम्,3
बलिं,3
बलिपीठं,3
बलेन,3
बहवो,3
बहुरूपाय,3
बाला,3
बीजानि,3
बुद्धेरपि,3
बुद्ध्या,3
बृह॒स्पतिः॑,3
बृह॒स्पत॑ये॒,3
ब्य्,3
ब्रह्मक्षत्रे,3
ब्रह्मविष्णुहरा,3
ब्रह्म॑णा,3
ब्रह्म॒,3
ब्रा,3
ब्राह्मणो,3
भक्तिश्च,3
भद्रा,3
भरतर्षभ,3
भवः,3
भवता,3
भवति॒,3
भवतीत्यर्थः,3
भवतु,3
भवत्पक्षे,3
भविष्यतः,3
भवेद्,3
भव्यं,3
भव॑ति॒,3
भस्मना,3
भागे,3
भारतं,3
भारते,3
भारतेन,3
भावात्,3
भासते,3
भा॒गो,3
भिन्नः,3
भुक्त्वा,3
भुङ्क्ते,3
भुवनपतित्वं,3
भुवनान्याह,3
भुव॑नस्य,3
भूतले,3
भूतानि,3
भूमौ,3
भू॑यासं॒,3
भू॒तम्,3
भेद,3
भेदेन,3
भैरवः,3
भोक्तारं,3
भोगमोक्षौ,3
भोगाय,3
भोगार्थं,3
भ्किर्,3
भ्य,3
भ॑वतः,3
मण्डलम्,3
मण्डलानि,3
मताः,3
मद्,3
मधुरः,3
मध्यमाय,3
मध्य॒त,3
मनसः,3
मनो॑,3
मन्त्री,3
मन्त्रे,3
मन्त्रौ,3
मन्दिरस्य,3
मन्दिराणि,3
मम्मि,3
मयि,3
मलं,3
महत्त्वपूर्णं,3
महादेव,3
महेश्वरम्,3
महोदयः,3
मह॒त,3
मह॒ते,3
माध्यन्दिनं,3
मासि,3
मा॒तरं॑,3
मा॒ता,3
मा॒या,3
मित्रावरुणा,3
मिथ्या,3
मिलित्वा,3
मि॒त्रः,3
मुक्तो,3
मुखं,3
मुख्यन्यायाधीशस्य,3
मुनेः,3
मुमुक्षु,3
मूर्तिया,3
मूर्तीश,3
मूर्ध्नि,3
मृत्युः,3
मृ॒त्युम्,3
मॄ,3
मे॒धाम्मयि॑,3
मोथ्सृ॑प,3
मोथ्सृ॑पत,3
मोदिना,3
म्यूसियम्,3
म॒ग्निं,3
म॒रुतः॑,3
यच्छ,3
यज॑ते,3
यज॑मानस्य,3
यज॑मानाय,3
यज॑मानाय॒,3
यत्किं,3
यत्नेन,3
यद्यपि,3
यद्रा,3
यद्वा,3
यन्ति,3
यन्ति॒,3
यमस्य,3
यम्मे॒धा,3
यया,3
यश्,3
यश्च॒,3
यस्ते,3
यस्ते॑,3
याचिका,3
युक्त,3
युगपद्,3
युगे,3
युद्धे,3
युधि,3
यु॒नज्मि॑,3
यू,3
येषां,3
योगिनः,3
योगी,3
य॑ज्ञ॒हनो॑,3
य॒ज्ञस्य॑,3
य॒ज्ञाय॑,3
रक्षतु॒,3
रक्षा,3
रणे,3
रश्मि॒पत॑यः,3
रसः,3
रसलिङ्‌गं,3
रसस्यो,3
रस्,3
रहोनुशासकः,3
राजनैतिक,3
राजन्,3
राजा॑,3
राज्ञः,3
राज्ञी,3
राज्यं,3
राज्यस्य,3
रामं,3
रामे,3
रास्व॒,3
रा॒यस्पोष,3
रा॒ष्ट्रमाद॑दत॒,3
रुद्रं,3
रुद्रभागे,3
रुद्राय,3
रु॒द्रा,3
रूपा,3
रू॒पाणि॑,3
र्त्यै,3
र॑क्ष,3
र॑भे,3
लक्षणमाह,3
लक्षणमाहा,3
लब्धः,3
लिङ्गानि,3
लोकस्य,3
लो॒कम॒भि,3
ल॑भते,3
वः॑,3
वक्ष्यत,3
वक्ष्यते,3
वक्ष्यमाण,3
वक्ष्यामि,3
वचः,3
वज्रो॑,3
वरदानेन,3
वरम्,3
वरारोहे,3
वरुण,3
वर्,3
वर्चः॑,3
वर्चो॑,3
वर्चो॒दा,3
वर्च॑स्वन्तम्मनु॒ष्ये॑षु,3
वर्जयित्वा,3
वर्जयेत्,3
वर्णानां,3
वसन्ति,3
वह्नि,3
वाच,3
वाचं॑,3
वाचकम्,3
वाचि,3
वात॑रश॒नाः,3
वादने,3
वादिनं,3
वामदेवे,3
वायुः,3
वास्तो,3
वा॑यो,3
वा॒,3
वा॒चः,3
वा॒युः,3
वा॒युर॑सि,3
वा॒य्वश्वा॑,3
विंशति,3
विकल्पं,3
विकल्पो,3
विकारे,3
विकारो,3
विचार्य,3
विज्ञानं,3
विदुषां,3
विद्यातत्वाधिपाय,3
विद्यायां,3
विद्वान्,3
विधवानां,3
विधानं,3
विधिना,3
विनिश्चितम्,3
विन्यासः,3
विपणम्,3
विपाचयेत्,3
विप्र,3
विभज्य,3
विभागं,3
विराजते,3
विरुद्ध्य,3
विरोधः,3
विलम्बेन,3
विलोमतः,3
विविधानि,3
विशिष्यते,3
विशेत्,3
विशेषः,3
विशेषेण,3
विश्वविद्यालयेन,3
विश्वामित्र,3
विषयं,3
विषयाणां,3
विष्णुं,3
विष्णोः॒,3
विष्णौ,3
विसृज्य,3
विहिता,3
वि॒द्यात्,3
वि॒धाय॑,3
वि॒श्वक॑र्मा,3
वी,3
वृङ्क्ते॒,3
वृणीष्व,3
वृ॑श्च्यते॒,3
वृ॒त्रं,3
वे,3
वेत्ति,3
वैशम्पायन,3
वैश्वदे॒वं,3
व्यनक्ति,3
व्यवस्थितिः,3
व्यवस्थितौ,3
व्याख्यानं,3
व्याख्यानम्,3
व्याख्याने,3
व्याधयः,3
व्यापारः,3
व्याप्तिः,3
व्योमव्यापि,3
व्र॒तम्,3
व॒थ्सौ,3
व॒शा,3
व॒शिनी॑,3
शक्ता,3
शक्नुवन्ति,3
शक्यं,3
शङ्करः,3
शन्त॑मा,3
शब्दश्च,3
शब्दानुशासनम्,3
शब्दार्थः,3
शब्दो,3
शम्भवे,3
शम्भुना,3
शरीरे,3
शर्म,3
शर्व,3
शस्यते,3
शास्त्रस्य,3
शिरसा,3
शिरो,3
शिला,3
शिवतत्वे,3
शिवाख्यं,3
शिवागमे,3
शिवे,3
शिशवः,3
शिष्याणां,3
शि॑तिपृ॒ष्ठो,3
शुक्र,3
शुक्लं,3
शुचिः,3
शूद्रा,3
शृणोति,3
शोधनीया,3
श्या॒मो,3
श्रद्धा,3
श्रीं,3
श्रीमन्मतङ्गादौ,3
श्रीमन्महाभारते,3
श्रुता,3
श्रेष्ठं,3
श्रोत्रं॒,3
श्वासकोशस्य,3
श॒तं,3
श॒तधा॑,3
षमिः,3
षु,3
संवथ्स॒रीणा,3
संवीक्ष्य,3
संस्कृत,3
संस्कृतं,3
संस्कृतस्य,3
संस्थया,3
संहिता,3
सकलं,3
सकलः,3
सखा॒,3
सङ्ग्रहः,3
सङ्घे,3
सञ्जयः,3
सती,3
सत्त्वं,3
सत्त्वानां,3
सत्य,3
सत्यां,3
सन्त,3
सबीजा,3
समन्ततः,3
समन्वितः,3
समम्,3
समाः,3
समानीतः,3
समा॒नानां,3
समि॒षा,3
सम्भवती,3
सर्गः,3
सर्गस्थिती,3
सर्वकर्तृत्वं,3
सर्वज्ञानोक्तरे,3
सर्वतो,3
सर्वसत्त्वैः,3
सर्वाकारज्ञताम्,3
सर्वा॒,3
सर्वेऽपि,3
सर्वैः,3
सर्वोच्च,3
सर॑स्वति,3
सर॑स्वती,3
सर॑स्वते,3
सवि॒तुः,3
सवि॒त्रे,3
सव॑ने॒,3
साँयकाले,3
सादरम्,3
साधकाचार्ययोः,3
साधनम्,3
साधयन्ति,3
साधुः,3
सावित्रीं,3
सावि॒त्रं,3
साहाय्येन,3
सा॑वि॒त्रं,3
सा॒क,3
सिद्धेः,3
सिद्ध्यति,3
सिद्ध्यतीति,3
सिव्स्व्,3
सुचिरं,3
सुधीः,3
सुप्,3
सुबोधं,3
सुभ्व्,3
सुमुहूर्ते,3
सुरक्षा,3
सुव्रत,3
सु॑व॒र्गं,3
सु॒कृतो॑,3
सु॒मृ॒डी॒का,3
सु॒हवा॒,3
सूक्ष्म,3
सूक्ष्मं,3
सूक्ष्माय,3
सूचना,3
सूत,3
सूर्यः,3
सूर्या॑य॒,3
सूर्ये,3
सूर्ये॑ण,3
सूर्यो॒,3
सूर्य॑श्च,3
सृ॑जे॒येति॒,3
सैनिकाः,3
सैनिकानां,3
सोपि,3
सोमं॑,3
सोमः॑,3
सोमवासरे,3
सोमे,3
सोम॑स्य॒,3
स्तु॒तस्तो॑मस्य,3
स्ते,3
स्थानम्,3
स्थास्यति,3
स्थित,3
स्थितं,3
स्थिते,3
स्थूलं,3
स्पर्शः,3
स्पष्टं,3
स्फाटिकं,3
स्फ्यः,3
स्मृतौ,3
स्याद्,3
स्य॒,3
स्वभावः,3
स्वस्थे,3
स्वातन्त्र्यं,3
स्वातन्त्र्येण,3
स्वायम्भुवे,3
स्वीकृत्य,3
स्व॒स्तिः,3
स्व॒स्तिम्,3
स॑न्तु॒,3
स॑पीतस्य,3
स॑मु॒द्रवा॑ससम्,3
स॑र्पत्या॒त्मनो,3
स॒त्याः,3
स॒न्दृशि॑,3
स॒प्तप॑दा॒,3
स॒माहि॑तासो,3
स॒हस्रं॑,3
हरः,3
हरिम्,3
हरिवंशे,3
हरेः,3
हस्तेन,3
हा,3
हाटकेश्वरसञ्ज्ञितम्,3
हासिषं॒,3
हि॑,3
हेतुः,3
हेतोः,3
होता॑,3
ह्रीं,3
ह॒विः,3
ह॒व्यं,3
ह॒व्यम्,3
ऽथ॑,3
ऽनु॑,3
ऽव॑,3
ऽसि॑,3
ऽहं,3
॑सीव॒,3
॒शु,3
ड़ोर्,3
अकुर्वत॒,2
अकृतस्य,2
अगर्वाल्,2
अग्ना॑विष्णू॒,2
अग्निं,2
अग्निः,2
अग्निश्च,2
अग्नौ,2
अग्रे॒,2
अङ्गाद्,2
अङ्गीकारः,2
अङ्गीकृतशाखाः,2
अज,2
अजराः,2
अज्ञातस्य,2
अज्ञानं,2
अणिमादि,2
अणुभिश्च,2
अतस्तस्य,2
अति,2
अति॑,2
अत्यन्तं,2
अत्रापि,2
अथाग्ने॑रष्टपु॑रुष॒स्य,2
अथा॑,2
अथैव,2
अथैषां,2
अथोत्तरेण,2
अथ॑,2
अद्यावधि,2
अद्रु॑हः,2
अद्स्प्ग्,2
अधि,2
अधिक,2
अधिकतया,2
अधिकारः,2
अधिष्ठापयेत्,2
अध्यक्षं,2
अध्ययन,2
अध्यायः,2
अनन्तश्च,2
अनन्तादय,2
अनपस्फुर॑न्त,2
अनाद्यनादिसम्बन्धो,2
अनुग्रहाति,2
अनुज्ञा,2
अनुत्तरा,2
अनुमतिः,2
अनुमीयते,2
अनुसन्धत्ते,2
अनु॑मतिर्मन्यते,2
अनेकतत्त्वपरिकल्पनाभावप्रसङ्गाच्च,2
अनेनैव,2
अन्तरिक्षमलिनीकरणं,2
अन्ते,2
अन्नं॒,2
अन्यतमा,2
अन्यत्,2
अन्यत्र,2
अन्येषामपि,2
अन्यो,2
अन्य्,2
अपरं,2
अपर्यन्तः,2
अपहृतानि,2
अपां,2
अपेक्षया,2
अप्तत्वे,2
अप्य्,2
अप्र,2
अप्रवृत्तः,2
अप॑दे॒वीरि॒तो,2
अब्रुवन्,2
अभि,2
अभिप्रेतम्,2
अभिसम्बोद्धव्या,2
अभ्यासस्य,2
अमी,2
अम्बु,2
अयोध्यानगरे,2
अरिसोण,2
अर्चनं,2
अर्थात्,2
अर्हसि,2
अल्,2
अल्तेरेद्,2
अल्पता,2
अल्ल्,2
अवघुषितं,2
अवतार्य,2
अवहत्,2
अवे,2
अव्यक्तं,2
अव्याप्त्यतिव्याप्त्यसंभवाभावोपपादनम्,2
अशुद्धे,2
अश्रूणि,2
अष्टधा,2
अष्टमः,2
अष्टवादने,2
असति,2
असि,2
असिद्धस्य,2
अस्ति॑,2
अस्मि,2
अस्याम्,2
अस्व्स्स्,2
अहङ्कारतत्वाधिपाय,2
अहङ्कारतत्वाय,2
अहङ्कृते,2
अहिल्या,2
अह॑नी॒,2
अ॑ग्ने,2
अ॑भ्याता॒नैरसु॑रान॒भ्यात॑न्वत॒,2
अ॑सृजत॒,2
अ॑स्य,2
अ॑स्य॒,2
अ॒,2
अ॒ग्निना॑,2
अ॒ग्नि॒हो॒त्रे,2
अ॒ग्नेर्योनिः॒,2
अ॒ग्ने॒,2
अ॒द्य,2
अ॒न्तरि॑क्षेण,2
अ॒मृतं॒,2
अ॒ष्टयो॑नीम॒ष्टपु॑त्राम्,2
अ॒स्मे,2
अ॒स्मै॒,2
अ॒स्य,2
अ॒स्याहु॑तयो,2
आकरो,2
आकू,2
आगमेषु,2
आग॑च्छ॒थ्सो,2
आङः,2
आचष्ट,2
आचार्य,2
आडः,2
आत्मनः,2
आत्मना,2
आत्मनि,2
आदि,2
आदित्यः,2
आदित्ये,2
आदिशब्देन,2
आदिष्टम्,2
आधारेण,2
आधिपत्यं,2
आधि॑पत्याय,2
आनीय,2
आनेतुं,2
आन्तरत्वं,2
आपद्,2
आप्नोति,2
आभरणान्य्,2
आयसं,2
आयुः,2
आयुधानि,2
आयुरारोग्यमैश्वर्यं,2
आयु॑र्मे,2
आयु॑ष्मन्तः,2
आयु॑ष्ये॒वेन्द्रि॒ये,2
आयोजकाः,2
आरण्यिकायाः,2
आरब्धा,2
आरोग्यं,2
आलय,2
आलोच्यते,2
आवयोः,2
आवश्यकं,2
आवश्यकः,2
आवश्यकता,2
आवश्यकी,2
आविवाय,2
आश्चर्यो,2
आस,2
आसीदिति,2
आस्ट्रेलिया,2
आहत्य,2
आहा,2
आ॑हुः,2
आ॒ग्ने॒यं,2
आ॒त्मन्ध॑त्त,2
आ॒दि॒त्यानदि॑तिं,2
आ॒यत॑नं॒,2
आ॒यत॑नम्,2
इज्यानलवती,2
इतरे,2
इतीरितः,2
इतो,2
इत्यतो,2
इत्यदोषः,2
इत्यमरः,2
इत्ययं,2
इत्यर्थ,2
इत्यादिभिः,2
इत्यादिषु,2
इत्युक्त,2
इत्युक्तः,2
इत्येके,2
इत्येतानि,2
इत्येते,2
इत्येवं,2
इथोउत्थे,2
इदमपि,2
इदमेव,2
इन्टोर्,2
इन्द्रं॑,2
इन्द्रः,2
इन्द्रः॑,2
इन्द्राभिधानसमर्थो,2
इन्द्राय,2
इन्द्रि॒यं,2
इन्द्रि॒यस्य॑,2
इन्द्र॑स्य॒,2
इन्निङ्सेन,2
इन्निङ्स्,2
इमानि,2
इयम्,2
इवेक्षते,2
इ॑त्याचा॒र्याः,2
इ॑न्द्रि॒यं,2
इ॑ष्टापू॒र्तेन॑,2
इ॒तः,2
इ॒द,2
इ॒दमुन्मृ॑जे,2
इ॒धी॒म॒हि॒,2
इ॒ध्मः,2
इ॒न्द्र॒घो॒षा,2
इ॒व,2
ईशे,2
ईश्वरं,2
ईषत्सुरभिः,2
उः,2
उक्तः,2
उक्ता,2
उक्ताः,2
उक्तो,2
उग्रार्चानां,2
उत्कर्षः,2
उत्तरप्रदेशे,2
उत्तरे,2
उत्पन्नेन,2
उत्सांसि,2
उत्साह्य,2
उदाहरणं,2
उदाहृदं,2
उदितो,2
उद्गाता,2
उद्यमने,2
उद॑तिष्ठत्,2
उन्नतशिक्षामण्डले,2
उप,2
उपकरणानां,2
उपकरणानि,2
उपग्रहस्य,2
उपदर्श्य,2
उपनीतस्य,2
उपपद्यते,2
उपयोक्तुं,2
उपसम्पद्य,2
उपादानं,2
उपादाय,2
उपाध्यायतायां,2
उपा॒,2
उपै॑नम्,2
उप॑दधताम्,2
उभयतः,2
उभौ,2
उरसि,2
उषसि,2
उष्णजलस्य,2
उ॒क्थेषु॑,2
उ॒तो,2
उ॒परि॑,2
उ॒ल्बणम्,2
ऊर्जं,2
ऊर्ध्वाना,2
ऊ॒र्ध्वं,2
ऊ॒र्ध्वम्,2
ऋणं,2
ऋतस्य,2
ऋते,2
ऋषय,2
ऋष॑यो॒,2
ऋ॒तम॑सि,2
ऋ॒तवः॑,2
एइथेर्,2
एकत्वं,2
एकत्वे,2
एकाक्षो,2
एकाशीतिसाहस्र्यां,2
एकेन,2
एको,2
एको॑,2
एक॑पदी,2
एतस्मात्,2
एतां,2
एत्य,2
एद्,2
एनं,2
एनमिति,2
एन्तेरेद्,2
एन॑सा,2
एल्,2
एवञ्च,2
एवमिहापि,2
एवमुक्त्वा,2
एवेत्यर्थः,2
एवोक्तं,2
एषः,2
एषु,2
ए॑तु,2
ए॒तत्,2
ए॒तद्वै,2
ए॒तस्मि॑ल्लोँ॒के,2
ए॒ताव॒द्वा,2
ए॒तौ,2
ए॒वाभि,2
ए॒वास्मै,2
ए॒वास्मै॒,2
ए॒वैन,2
ए॒वैनं॑,2
ए॒वैन॒,2
ओज॑सा॒,2
ओडिशा,2
ओन्लिने,2
ओन्ल्य्,2
ओरिगिनल्,2
ओर्बिट्टर्,2
ओष॑धयः॒,2
कथमुच्यते,2
कथयति,2
कथा,2
कथिता,2
कदा,2
कदाचन,2
कदाचिद्,2
कनिष्ठाय,2
कन्ये,2
कपर्दिने,2
कपाली,2
कपिलाना,2
कफः,2
कमलं,2
करणम्,2
करणीयम्,2
करणे,2
करिष्यतीति,2
करैः,2
करोत्येव,2
करोमि,2
कर्णिका,2
कर्तव्यमिति,2
कर्तव्येत्यर्थः,2
कर्तार्पुरमार्गस्य,2
कर्तृता,2
कर्तृत्व,2
कर्त्री,2
कर्मकारकः,2
कर्मण,2
कर्मत्वात्,2
कर्मभेदादेव,2
कर्मा,2
कर्माऽपि,2
कर्म॑,2
कर्म॑णा॒,2
कलयन्ना,2
कलातत्वाधिपाय,2
कलातत्वाय,2
कलादिरूपस्य,2
कलाबद्धरहितः,2
कलायां,2
कल्पते,2
कल्पयित्वा,2
कल्पयेत्,2
कल्पयेत्पुनः,2
कल्पितं,2
कवचं,2
कश्चिन्न,2
कश्यपः,2
कस्मा,2
कस्मिन्,2
कस्या,2
काचन,2
कात्यायनः,2
कान्ति,2
कामाः,2
कामे,2
काय,2
कारकाणां,2
कारणे,2
कारणेश्वरस्य,2
कारिका,2
कारिता,2
कारेणेन,2
कार्यकरत्वम्,2
कार्यक्रमाः,2
कार्यक्रमे,2
कार्यक्षमतावर्धनाय,2
कार्यते,2
कार्यत्वसिद्धिः,2
कार्यस्य,2
कालस्तु,2
कालहाटकदेशिकैः,2
किंवा,2
किः,2
किमत्र,2
किमु,2
किरणे,2
किलोमीट्टर्,2
किष्कुणा,2
कीदृशी,2
कीर्तयिष्यामि,2
कुक्कुटाण्डं,2
कुतो,2
कुन्ती,2
कुपिते,2
कुमार,2
कुमार्,2
कुम्भं,2
कुरुत,2
कुर्वते,2
कुर्वाणा,2
कुलपुत्र,2
कुवन्ति,2
कुशलमूलानि,2
कुस्म,2
कृतवतः,2
कृतवती,2
कृतवन्तौ,2
कृतार्थोऽहं,2
कृतेति,2
कृत्यं,2
कृत्रिमद्वीपेषु,2
कृपणां,2
कृपानिधिः,2
कृष्णं,2
कृष्णेन,2
कृष्णोऽपि,2
कृ॒तं,2
कृ॒त्वोप॑,2
कृ॒ष्णानां,2
कृ॒ष्णो,2
केचिदाहुः,2
केचिन्नियेमुरि॑न्न,2
केनचित्,2
केनापि,2
केनाऽपि,2
केन्द्रम्,2
केषुचित्,2
कै,2
कोटि,2
कोटिं,2
कोण्ग्रस्,2
कोह्लेः,2
कोऽसौ,2
कौमारि,2
क्,2
क्रतुं,2
क्रतुः,2
क्रमव्यङ्ग्या,2
क्रमसन्दर्भः,2
क्रमेणाह,2
क्रमो॑,2
क्रामति॒,2
क्रा॒न्तम॑सि॒,2
क्रियमाणः,2
क्रिया,2
क्रियाकौशलसम्भवा,2
क्रियाणां,2
क्रियावती,2
क्रियावेशो,2
क्रियाशक्तेः,2
क्रि॒यन्त॑,2
क्रीयते,2
क्रुद्धः,2
क्र॑मस्व,2
क्लीं,2
क्लेशा,2
क्षणमपि,2
क्षणिकस्य,2
क्षत्रियाणां,2
क्षरा,2
क्षा,2
क्षिप्रं,2
क्षीयते,2
क्षीरस्य,2
क्षी॒रे,2
क्ष्मादि,2
क्ष॒त्रम्पा,2
क्ष॒त्रम्पा॑तु॒,2
क्ष॒त्रस्य॑,2
क॑रोति,2
क॑र्,2
क॒विर्गृ॒हप॑ति॒र्युवा,2
कॢप्ते,2
खग्वाग्रं,2
खण्डनं,2
खण्डे,2
खाद्यानाम्,2
खा॒त्वा,2
ख्ष॒त्त्रस्य॒,2
गगनं,2
गगनादीनां,2
गच्छते॒,2
गच्छन्ति,2
गच्छेयं,2
गज,2
गणपति,2
गत्वात्मानं,2
गदुअ,2
गन्धपुष्पानुलेपनैः,2
गन्धमादनो,2
गन्धर्व,2
गन्धर्वः,2
गन्धादि,2
गन्ध॒र्वस्तस्य॑,2
गन्ध॒र्वस्तस्य॒,2
गमने,2
गमयति॒,2
गर्भो,2
गवे,2
गा,2
गात्रा॑णां,2
गात्र॒भाजो॑,2
गाथां,2
गायत्रीं,2
गाय॒त्रो,2
गा॑वीधु॒कं,2
गीतं,2
गुडूची,2
गुण,2
गुणत्वेन,2
गुणवृत्तिभ्यो,2
गुणेभ्य,2
गुरु,2
गुरुं,2
गुरुणा,2
गुरुम्,2
गुरुलिङ्‌गं,2
गुरुशिष्यं,2
गुहा,2
गुह्याय,2
गृह,2
गृहीतं,2
गृहीतवान्,2
गृहीता,2
गृही॒त्वा,2
गृह्णामि॒,2
गृह्णाम्युपया॒मगृ॑हीतो,2
गृह्यन्ते॒,2
गृ॒हप॑तये॒,2
गृ॒ह्यते॒,2
गोतबाय,2
गोधूमस्य,2
गोपा॒येति॑,2
गोपा॒येति॒,2
गोपुरम्,2
गोप्ता,2
गोमतीं,2
गोषु॒,2
गौतमः,2
गौतमेन,2
गौरवं,2
ग्,2
ग्ने,2
ग्रन्थः,2
ग्रन्थेषु,2
ग्रहण,2
ग्रहणं,2
ग्रहीतुं,2
ग्रामीणं,2
ग्रा॒मी,2
ग्रा॒म्याः,2
ग्लहे॑,2
ग॑न्धर्व॒गणाः,2
ग॑मयि॒त्वा,2
ग॑म्याच्छ॒स्त्रस्य॑,2
घट,2
घटना,2
घण्टां,2
घृ॒तव॑द्विधेम,2
घृ॒तेन॑,2
घोरं,2
घोराणि,2
घ्,2
चक्रिरे,2
चक्षुः,2
चक्षुः॒,2
चक्षुरुन्मील्य,2
चक्षुश्च,2
चतुः,2
चतुः॑शरावम्प॒क्त्वा,2
चतुर्वणं,2
चतु॑ष्पदा,2
चतु॑ष्पदे,2
चतु॑स्त्रि,2
चन्दनं,2
चन्द्र,2
चन्द्रं,2
चरेत्,2
चलनचित्रम्,2
चात्मनः,2
चाध्वा,2
चार्थः,2
चाहं,2
चा॑तुर्मा॒स्येषु॑,2
चा॒तु॒,2
चिकित्सा,2
चिता॑नाः,2
चितिः,2
चित्तस्य,2
चित्रस्य,2
चिद्वतां,2
चिन्तयामास,2
चिन्तयित्वा,2
चिन्त्यं,2
चिर्चुम्स्तन्चेस्,2
चि॑न्वा॒न,2
चीनस्य,2
चीनादेशः,2
चेतनम्,2
चेतेश्वर्,2
चेदाह,2
चेष्टन्ते,2
चेह,2
चैतन्यम्,2
चैतन्याभिव्यक्तिः,2
चैनं,2
चैषां,2
चोदयति,2
चोपिएद्,2
चोरणम्,2
च्यात्मानो॒,2
च॑म॒सो,2
च॒त्वारि॑,2
च॒त्वार्ये॒तान्य॒क्षरा॑णि॒,2
च॒न्द्रमा॑,2
च॒न्द्रमा॒,2
च॒न्द्रम॑से॒,2
च॒न्द्र॒,2
छन्दस्यः,2
छन्दांसि,2
छन्द॒सेन्द्र॑स्य,2
छलेन,2
जः,2
जगतो,2
जगत्,2
जगत्कारणं,2
जगद्,2
जगद्बीजं,2
जगन्निवास,2
जगाम,2
जग्राह,2
जटाधरः,2
जडत्वे,2
जन,2
जनः,2
जनः॑,2
जननं,2
जनसंख्या,2
जना॑य॒,2
जनितोत,2
जनेषु,2
जनै,2
जन्मनि,2
जन्मादि,2
जप,2
जप्त्वा,2
जम्भय,2
जयः,2
जयति,2
जयामि॒,2
जलदाय,2
जलपानाय,2
जलस्य,2
जलाशये,2
जाघन्या,2
जाघन्यां,2
जातं,2
जाताः,2
जातावेकवचनम्,2
जाति,2
जातो,2
जान॑राज्यायै॒ष,2
जायतां,2
जायन्त,2
जाय॑ते,2
जा॑यत,2
जा॒तं,2
जा॒तानि॒,2
जा॒या,2
जि,2
जिज्ञासते,2
जि॑न्व,2
जि॒न्वेत्या॑ह,2
जीणे,2
जीवः,2
जीवन,2
जीवनं,2
जीवनकाले,2
जीवन्ति,2
जीवन्ति॒,2
जीवन्मुक्त,2
जीवितं,2
जीविवर्गाणां,2
जी॒वाय॒,2
जुषा॒ण,2
जुष्टो॑,2
जुहुयात्,2
जुहु॒मस्तन्नो॑,2
जु॑षस्व,2
जु॑होति,2
जु॒षस्व॑,2
जु॒होति॒,2
जेतुम्,2
ज्,2
ज्ञत्वा,2
ज्ञातव्यानि,2
ज्ञानक्रियात्मनो,2
ज्ञानवती,2
ज्ञानस्य,2
ज्ञानिने,2
ज्ञानिनोऽपि,2
ज्ञापयति,2
ज्ञेया,2
ज्यं,2
ज्यं॒,2
ज्ये॒ष्ठानां,2
ज्यैष्ठ्य॑मे॒व,2
ज्योतिपालो,2
ज्योतिर्,2
ज्योतिष्मती,2
ज्योति॑षा॒,2
ज्योति॑ष्मतः,2
ज्वलन्तं,2
ज॑नाः,2
ज॒नया॒,2
ज॒रायु॑,2
झ,2
झटित्येव,2
टिप्पणी,2
टीका,2
टैटानस्य,2
ट्रेस्,2
ठाणानगरस्य,2
डि,2
डुला,2
डोलर्,2
णिचा,2
णेवच्छ,2
णो॑,2
ण्यम्,2
ण्ये॒वैन,2
तज्,2
ततस्तु,2
तत्कार्यं,2
तत्क्षेत्रे,2
तत्तत्,2
तत्तन्मन्त्रैः,2
तत्त्वतः,2
तत्त्वम्,2
तत्त्वानां,2
तत्परत्वे,2
तत्रात्मतत्वं,2
तत्राहा,2
तत्रेति,2
तत्र॑,2
तत्वत्रयन्यासो,2
तत्वप्रकाशे,2
तत्समवाये,2
तत्सम्भवे,2
तत्सिद्धौ,2
तत॑,2
तत॒,2
तथागतस्य,2
तथात्मा,2
तथात्व,2
तथेच्छा,2
तथोक्तं,2
तदनन्तरं,2
तदन्यथा,2
तदभावे,2
तदर्द्धां,2
तदसु॑रा,2
तदिति,2
तदीयं,2
तदुक्तमिति,2
तदे,2
तदेतदाह,2
तद्रा,2
तद्रेखा,2
तद्वाक्यं,2
तनुः,2
तन्तुं॑,2
तन्त्री,2
तन्निरोधे,2
तन्नि॒बोध॑त,2
तन्मध्ये,2
तन्मात्रा,2
तन्मूले,2
तपः,2
तपश्चक्रे,2
तपो,2
तप॑त,2
तम,2
तमवर्षस्य,2
तमहं,2
तमा,2
तमु॑,2
तम॑ब्रवीत्,2
तल्लक्षणं,2
तल्लिङ्गमौत्सुक्यं,2
तवे॑व,2
तस्थौ,2
तस्माज्ज्ञानं,2
तस्मात्ते,2
तस्मात्सिंह,2
तस्माद्धाप्येतर्हि,2
तस्माल्लिङ्गानि,2
तस्मा॑दि॒द,2
तस्मा॒देन॑सो॒,2
तस्मिंश्च,2
तस्मिन्नतिरथे,2
तस्मिन्नपि,2
तस्मिन्नेव,2
तस्याम्,2
तस्या॒,2
तस्यै॑,2
तस्य॒,2
ताननुक्र॑मिष्या॒मः,2
तानेव,2
तानेवोद्दिशति,2
ताभ्यां,2
तामेव,2
तारतम्येन,2
तावत्कालं,2
ता॑नून॒प्त्रस्य॑,2
तिष्ठते,2
तिष्ठ॑तीव॒,2
तिसृभिश्च,2
ति॑ष्ठति,2
ति॒रोऽधाः॒,2
तीरे,2
तुभ्यं,2
तुरीयं,2
तुरु,2
तुल्ये,2
तुष्टाव,2
तुष्टिः,2
तु॒रीया॑,2
तृतीयः,2
तृतीयप्रश्ने,2
तृतीयसव॒नम्प्र॑ति॒गीर्य॑,2
तृतीया,2
तृप्तिः,2
तृश्शिवपेरूर्,2
तृ॑तीयसव॒न,2
तृ॒तीय॒,2
तृ॒प्तासः॑,2
तृ॒प्तो,2
तेजसः,2
तेजो॒,2
तेज॑,2
तेभ्यः,2
तेभ्य॑,2
तेषां॒,2
तेषाम्,2
तेऽग्रतः,2
तै,2
तैर्जितः,2
त्यज,2
त्रयः,2
त्रयम्,2
त्रयाणामपि,2
त्रयोविंशति,2
त्रय॑स्त्रि,2
त्रा,2
त्रिः,2
त्रिकालं,2
त्रिखण्डत्वं,2
त्रिखण्डाध्वा,2
त्रितयं,2
त्रितीयं,2
त्रित्वे,2
त्रिपुण्ड्रं,2
त्रिभुवनं,2
त्रिविधं,2
त्रिविधा,2
त्रिविधाद्भवबन्धनात्,2
त्रिविष्टपम्,2
त्रि॑कपा॒लं,2
त्रि॒पदा॑,2
त्रि॒ष्टुप्त्रैष्टु॑भ॒म्माध्यं॑दिन॒,2
त्रीणि॑,2
त्रीण्ये॒तान्य॒क्षरा॑णि,2
त्रुट्यादिप्रत्ययस्यार्थः,2
त्वत्,2
त्वदन्यो,2
त्वदृते,2
त्वदे॒तान्य॒न्यो,2
त्वनपेक्षं,2
त्वमपि,2
त्वम॑ग्ने,2
त्वष्टा॑,2
त्वामन्वत्र॑,2
त्वामु॒,2
त्वाम॑ग्ने॒,2
त्वेव॒,2
त्वै,2
त॒नुवो॑,2
त॒नूषु॑,2
त॒न्वन्रज॑सो,2
त॒र्पय॑त,2
दक्षि॑णा॒,2
दख्षि॑णा॒,2
दग्धं,2
दण्डो,2
दत,2
दत्तो,2
दत्वा,2
ददर्श,2
दद्यात्,2
दधातु॒,2
दधात्ये॒ता,2
दमे॑दमे,2
दय्,2
दरिद्रस्तु,2
दर्,2
दर्शनात्,2
दर्शने,2
दर्शनेन,2
दर्शयामास,2
दर्शयित्वा,2
दर्शितः,2
दलं,2
दलानि,2
दशपञ्च,2
दशसु,2
दश॑,2
दश॒मे,2
दह,2
दहति,2
दह॑ति,2
दातुं,2
दानपारमितां,2
दानवानां,2
दायित्वं,2
दायेषु,2
दास्यामि,2
दा॒शुषे,2
दिति,2
दिनम्,2
दिरेच्तिओन्,2
दिवङ्गतः,2
दिवा,2
दिवातरात्,2
दिवौकसो,2
दिव्या,2
दिव॑मे॒वाभि,2
दिशः॒,2
दिशो,2
दिष्ट्या,2
दिस्त्रिबुतेद्,2
दि॒क्षु,2
दीन,2
दीप्ते,2
दीर्घे,2
दी॒क्षां,2
दुःखानि,2
दुःखाय,2
दुरात्मनः,2
दुर्लभम्,2
दुष्करं,2
दुष्टानां,2
दुहे॒,2
दुह्रते॒,2
दु॑हे॒,2
दूतं,2
दूरं,2
दूरे,2
दूषयति,2
दू॒त,2
दू॒तं,2
दृ,2
दृक्,2
दृक्क्रिये,2
दृतिम्,2
दृष्टः,2
दृष्टाः,2
दृष्ट्‍वा,2
देयम्,2
देवता,2
देवताम्,2
देवते,2
देवदत्तो,2
देवदारु,2
देवयश॒स्ये॑व,2
देवसेना,2
देवाय,2
देवा॒,2
देवि॑का॒,2
देवीः,2
देवेन,2
देवेषु,2
देवैश्च,2
देव॒त्रैवैनां,2
देव॒सूव॑रीः,2
देहधर्मस्य,2
देहिनाम्,2
दे॒वका॑मः,2
दे॒वस्य॒,2
दे॒वां,2
दे॒वाना,2
दे॒वानां॒,2
दे॒वाना॑मि॒दम॑स्तु,2
दे॒वाने॒व,2
दे॒वा॒,2
दे॒वीः,2
दे॒वीम्,2
दे॒वीरजी॑ता,2
दे॒वीर्भु॑वन॒सूव॑रीः,2
दे॒वेन॒,2
दे॒वेभ्यो॑,2
दे॒वेभ्य॒,2
दे॒व्या,2
दैत्यं,2
दैवेन,2
दैव्यं॒,2
दोषान्,2
द्यति॒,2
द्य्च्ज़्को,2
द्रव्याणां,2
द्रव्याणि,2
द्रष्टव्या,2
द्रष्टुः,2
द्रोणे,2
द्र॒प्सो,2
द्वादशकपालस्य,2
द्वाद॑श,2
द्वाद॑शकपाल,2
द्वाभ्यां,2
द्विजः,2
द्विजा,2
द्वित्वे,2
द्विवारं,2
द्विविधं,2
द्विविधा,2
द्विष॒तो,2
द॑त्ते॒,2
द॑धिरे,2
द॑र्शपूर्णमा॒सयोः,2
द॒द्यात्,2
धत्ते,2
धत्त॒,2
धनु॑रार्त्निः,2
धरणीतले,2
धरादयः,2
धरित्र्यां,2
धर्मचक्रं,2
धर्मराजस्य,2
धर्मादीनां,2
धर्माधर्मात्मकं,2
धर्मार्थकाममोक्षाणां,2
धा,2
धातोः,2
धाम॑,2
धारयन्तम्,2
धारयेत्,2
धारा॑,2
धार्यं,2
धावति॒,2
धावनाङ्कैः,2
धियो,2
धि॒या,2
धीमता,2
धूमवान्,2
धू॑नोमि,2
धृतराष्ट्रस्य,2
धेहि॒,2
धे॒नुर्दख्षि॑णा॒,2
ध्यानपारमितां,2
ध्यानम्,2
ध्वनिव्यङ्ग्यत्वं,2
ध्व॒र्युम॑भ्या॒ह्वय॑ते॒,2
नक्तं॒,2
नक्ष॑त्राणि॒,2
नगरसभायां,2
नगरी,2
नगरीयं,2
नन्वत्र,2
नप्त्रे॒,2
नभसि,2
नभो,2
नमन्ति॒,2
नमस्कारं,2
नमस्कृत्य,2
नमस्तु,2
नमो॒,2
नम॑सा,2
नयस्व,2
नरव्याघ्र,2
नराः,2
नराधिप,2
नरेन्द्रमोदी,2
नरेश्वर,2
नवजीवन,2
नवमं,2
नव॒,2
नश्यन्ति,2
नह्यामि,2
नागरिकः,2
नागरिकाः,2
नाटकं,2
नात्मनः,2
नाद्यः,2
नाना,2
नान्यस्य,2
नाभसि,2
नामतः,2
नामानं,2
नाम्नो,2
नाम॑भिर्विधेम,2
नाश॑य,2
नासा,2
नासीत्,2
ना॒चि॒के॒तम॒ग्निं,2
निगतव्याख्यानमेव,2
निगदव्याख्यानमेव,2
निगद॑व्याख्या॒ताः,2
निग्रह,2
नित्यत्वेन,2
नित्यशः,2
नित्यस्य,2
नित्या,2
नित्यौ,2
निपात,2
निबीजा,2
निमित्तं,2
नियतं,2
नियता,2
नियति,2
नियमं,2
नियमः,2
नियोजयेत्,2
निरञ्जनः,2
निरधिकारैव,2
निरपेक्षं,2
निरपेक्षा,2
निरयं,2
निराकृतता,2
निराह,2
निरीक्षणं,2
निरीक्षितम्,2
निरुप्यते,2
निरूपयति,2
निर्जलं,2
निर्णये,2
निर्मितः,2
निर्मितम्,2
निर्मिता,2
निर्मुक्तो,2
निर्वाण,2
निर्वाणद्वयबीजाय,2
निर्वाणम्,2
निर्वाणाख्या,2
निर्वृतिम्,2
निवृत्तिः,2
निवृत्तिकलायां,2
निवेदयामि,2
निश्चिता,2
निष्कासयताम्,2
निष्कासयत्,2
निहते,2
नि॑विश॒न्ते,2
नि॒बोध॑त,2
नीयते,2
नूतनं,2
नूतननियमानुसारं,2
नूतनानां,2
नृसिंहप्रसादस्य,2
नेता,2
नेतुं,2
नेपथ्य,2
नैऋते,2
नैनं,2
नैषा,2
नोत्,2
नोप॒नमे॒च्छन्दा,2
नौ,2
न्तप्यमानाना,2
न्तमसि,2
न्तु॒,2
न्तृतीयसवनं,2
न्प्रावृह,2
न्मनुष्ययश॒सेन॑,2
न्यवेदयत्,2
न्यसेदित्यर्थः,2
न्या,2
न्याय,2
न्यायाधिपेन,2
न्यायालयं,2
न्यायालयः,2
न्यासे,2
न्यासो,2
न्यू,2
न्यूनं,2
न्लोअदेद्,2
न्वि॑न्द्र,2
न्वेव,2
न॑म,2
न॑म॒स्कृत्य॒,2
न॒म॒त्ये॒ताः,2
पक्षे,2
पक्ष्मरेखे,2
पचेत्,2
पञ्चकम्,2
पञ्चकला,2
पञ्चत्वं,2
पञ्चमूर्त्यात्मके,2
पठनं,2
पठितं,2
पण्डिताः,2
पतञ्जलिः,2
पतिम्,2
पते॒,2
पत्युः,2
पत्राणि,2
पत्रिका,2
पत॒,2
पथि,2
पदा,2
पदानां,2
पदार्थान्,2
पद्भ्यां,2
पद्मं,2
पनी॑यसी,2
पपु॑रिं,2
पम्च,2
पयो॑,2
परत,2
परतः,2
परतन्त्रं,2
परतन्त्राश्च,2
परमः,2
परम्परायां,2
परलोके,2
परशरीरे,2
परस्परम्,2
परापरभेदेन,2
पराम्,2
परावधी,2
परा॒,2
परा॒वत॒,2
परिकल्प्यते,2
परिणामी,2
परितो,2
परिपक्व,2
परिपालयन्,2
परिमिता,2
परिवर्धनं,2
परिष्कृतस्य,2
परिष्कृते,2
परिहारः,2
परुषाणा,2
परेषामपि,2
परो,2
पर्,2
पर्यटति,2
पर्यन्त,2
पर्व,2
पर्वतं,2
पवित्रं,2
पवित्राणि,2
पव॑माना॒ना,2
पव॑माने॒भ्यो,2
पशाव्,2
पशुरित्युच्यते,2
पशुलक्षणं,2
पशु॒पत॑ये,2
पशु॒मान्,2
पशु॒मान्भ॑वति,2
पशूनां,2
पशू॒नामुप॑,2
पशो,2
पशोरज्ञतया,2
पश्चिमे,2
पश्य,2
पश्यत,2
पाकं,2
पाकजापाकजौ,2
पाङ्क्तो॑,2
पाण्डव,2
पातकं,2
पात्रं,2
पात्र॑मसि,2
पात्र॑म॒सीन्द्रो॑,2
पात॒,2
पादः,2
पादमितं,2
पादुकां,2
पापसमाचारा,2
पापी॑यान्भवति॒,2
पापैः,2
पारतन्त्र्यं,2
पारमहंस्यां,2
पारसनाथ,2
पार्श्वतः,2
पार्श्वनाथस्य,2
पाशं,2
पाशम्,2
पाशविश्लेषं,2
पाशुपते,2
पा॒त,2
पा॒शिनः,2
पिङ्ग,2
पिङ्गलः,2
पिटक,2
पिण्डिका,2
पितामहाय,2
पितॄणां,2
पिबति,2
पि॒तरः॑,2
पि॒तृभ्यो॑,2
पि॒पृ॒तां,2
पीठं,2
पीडितः,2
पुं,2
पुटं,2
पुणे,2
पुत्रः,2
पुत्रक,2
पुत्रा,2
पुत्रि,2
पुत्रेण,2
पुनः॑,2
पुनरपि,2
पुनर्जायते,2
पुनर्न,2
पुनातु,2
पुनित,2
पुन॑र्गृह्णाति,2
पुन॑र्नो,2
पुमा,2
पुरः,2
पुरतो,2
पुरस्ताद्,2
पुरां,2
पुराणां,2
पुरातनत्वम्,2
पुरावस्तु,2
पुरुषादिकमायान्ते,2
पुरोवर्तिज्ञाने,2
पुरो॒गाः,2
पुर्यष्टक,2
पुष्प॑वान्,2
पुस्तकं,2
पु॑रो॒डाशं॒,2
पु॒त्र,2
पु॒त्रं,2
पु॒पू॒र्या॒,2
पु॒रः,2
पु॒रायु॑षः॒,2
पूजां,2
पूजान्ते,2
पूजायां,2
पूजारः,2
पूरणम्,2
पूर्वः॑,2
पूर्वतनी,2
पूर्वदेहेषु,2
पूर्वमेव,2
पूर्वोक्त,2
पूर्व॒,2
पू॒र्वीः,2
पू॒र्व्यं,2
पू॒ष्णे,2
पृथिव्यन्त,2
पृथि॒वी,2
पृथि॒वीमु॒त,2
पृथि॒व्यै,2
पृथ्वी,2
पृष्टभूमौ,2
पृष्ठस्था,2
पृष्ठानि,2
पृ॑थि॒व्याम्,2
पृ॒थ्सु,2
पेर्मिस्सिओन्,2
पौरस्य,2
पौस्,2
प्न्,2
प्या॑यस्व॒,2
प्रकटयति,2
प्रकर्षावस्थां,2
प्रकारान्तरेण,2
प्रकारेण,2
प्रकारो,2
प्रकाशः,2
प्रकाशते,2
प्रकाशरूपत्वात्,2
प्रकीर्तिताः,2
प्रकृतितत्वाधिपाय,2
प्रकृतितत्वाय,2
प्रकृते,2
प्रकृत्याद्यष्टबन्धेन,2
प्रख्यापितः,2
प्रचलन्ति,2
प्रचे॑ता,2
प्रजया,2
प्रजहाति,2
प्रजाः,2
प्रजापते,2
प्रजा॑पते॒,2
प्रज्ञायन्ते,2
प्रणवोपनिषत्,2
प्रतापवान्,2
प्रतिगृह्य,2
प्रतिचाकशान्,2
प्रतिज्ञा,2
प्रतिज्ञातं,2
प्रतिदिनं,2
प्रतिपद्यति,2
प्रतिपर्णं,2
प्रतिपादितं,2
प्रतिमा,2
प्रतिलब्धेषु,2
प्रतिवादिनो,2
प्रतिष्ठितं,2
प्रतिष्ठितम्,2
प्रतिष्ठिताः,2
प्रतिसज्जानि,2
प्रति॑तिष्ठ॒न्ति,2
प्रति॑ष्ठितम्,2
प्रति॑ष्ठिताः,2
प्रति॒गीर्य॑,2
प्रतीत्य,2
प्रत्यक्षं,2
प्रत्यक्षस्य,2
प्रत्यक्षेण,2
प्रत्यभिज्ञानं,2
प्रत्ययः,2
प्रत्यवेक्षते,2
प्रत्येकबुद्धभूमौ,2
प्रत्येकबोधौ,2
प्रत्य॑मुञ्चत्,2
प्रथमक्रिकेट्,2
प्रथमचित्तोत्पादम्,2
प्रथममाह,2
प्रथमस्थानं,2
प्रथमे,2
प्रथमो,2
प्रथ॒मो,2
प्रदर्शितवान्,2
प्रदेशे,2
प्रधिव्यादि,2
प्रपञ्चितं,2
प्रपद्ये,2
प्रपितामह॒,2
प्रपूजयेत्,2
प्रभक्तितः,2
प्रभाते,2
प्रभावतः,2
प्रभुर्देवो,2
प्रभृति,2
प्रमाणं,2
प्रमाणाभावाच्च,2
प्रमाणेन,2
प्रमाणोक्तिरित्येव,2
प्रयाति,2
प्रयुङ्क्ते,2
प्रयोजनं,2
प्रयोजनम्,2
प्रलयाकलः,2
प्रवर्तकः,2
प्रवर्तताम्,2
प्रवर्तनानि,2
प्रवहन्ति,2
प्रविवेश,2
प्रविशन्ति,2
प्रवृत्तो,2
प्रसङ्ग,2
प्रसङ्गाद्,2
प्रसज्यत,2
प्रसन्नः,2
प्रसार्य,2
प्रसिद्धं,2
प्रसिद्धानि,2
प्रसिद्धिं,2
प्रसीद,2
प्रसुप्ता,2
प्रहर्षितः,2
प्रागभावः,2
प्रागुक्तम्,2
प्राची,2
प्राणः,2
प्राणाः,2
प्राणातिपातात्,2
प्राणानां,2
प्राणे,2
प्रातःसव॒नम्प्र॑ति॒गीर्य॒,2
प्रातस्सवन,2
प्राधान्यात्,2
प्राप्तं,2
प्राप्तः,2
प्राप्तम्,2
प्राप्ताः,2
प्राप्तो,2
प्राप्नोतीत्यर्थः,2
प्रायो,2
प्रासाद,2
प्रासादस्य,2
प्रा॑णग्र॒हाः,2
प्रा॑ण॒भृतः॑,2
प्रा॑तःसव॒ने,2
प्रा॒जा॒प॒त्याः,2
प्रा॒णम्मयि॑,2
प्रा॒णा,2
प्रा॒णाः,2
प्रा॒णाने॒व,2
प्रा॒णैरे॒व,2
प्रियः,2
प्रिया,2
प्रियाय,2
प्रिवते,2
प्रि॒यासः॑,2
प्रुषायति,2
प्रेषितः,2
प्रेस्स्,2
प्रोच्यते,2
प्रोवाच,2
प्र॑तिग॒रे,2
प्र॑पद्य॒न्ते,2
प्र॑युज्य॒न्ते,2
प्र॑स॒वे,2
प्र॒जाभ्य॑स्त्वा,2
प्र॒जामिषम्,2
प्र॒जायै॑,2
प्र॒जास्वे॒व,2
प्र॒णीयो॑पसमा॒धाय॑,2
प्र॒दिशो॒,2
प्र॒मायु॑काः,2
प॑र्जन्य॒सूव॑रीः,2
प॑वते,2
प॑शू॒नां,2
प॒थिभिः॑,2
प॒दं,2
प॒राय॑णम्,2
प॒रा॒,2
प॒र्जन्यो॑,2
प॒र्जन्यो॒,2
प॒र्णो,2
प॒शव॒,2
प॒शुना॑,2
प॒शु॒ब॒न्धे,2
फर्ग्युसन्,2
फाल्गुने,2
ब,2
बङ्गलादेशदलं,2
बङ्ग्लादेशं,2
बद्धो,2
बन्धन,2
बन्धमोक्षस्वरूपं,2
बन्धो,2
बलं॑,2
बलं॒,2
बलदेवः,2
बलम्,2
बलवान्,2
बलि,2
बहवः,2
बहुवारं,2
बहुविधं,2
बाणलिङ्‌गं,2
बाणादौ,2
बान्धवानां,2
बाबा,2
बालकः,2
बालकाण्डे,2
बालो,2
बाह्य,2
बाह्यं,2
बाह्यमाभ्यन्तरं,2
बाह्यानि,2
बिलनौ,2
बीजदीक्षा,2
बीजा,2
बुद्धिदेवानां,2
बुद्धिबोधे,2
बुद्धिश्चापि,2
बुधवासरे,2
बुधाय,2
बुभुक्षोपराणिमादि,2
बुल्बुल्,2
बृंहितान्तर,2
बृह॑स्पते,2
बृह॒ती,2
बृह॒स्पति॑ना,2
बृ॒हत्,2
बोधः,2
बोधिमण्डनिषण्ण,2
बोधिसत्त्व,2
बोधिसत्त्वनियामम्,2
बोधिसत्त्वभूमौ,2
बोधिसत्त्वेन,2
बौद्धस्य,2
बौद्धो,2
ब्रह्मचर्येण,2
ब्रह्मज्ञानं,2
ब्रह्मणि,2
ब्रह्मणो,2
ब्रह्मवर्च॒सं,2
ब्रह्मशिलायां,2
ब्रह्महत्यां,2
ब्रह्माङ्गसंयुतम्,2
ब्रह्माण्डस्य,2
ब्राह्मणा,2
ब्राह्मणानां,2
ब्राह्मणेभ्यो,2
ब्राह्मी,2
ब्राह्म॒णाना॒,2
ब्रैल्,2
ब॑भूव,2
ब॑भूव॒,2
ब॒भूथ॑,2
ब॒भ्रुर्दख्षि॑णा,2
भक्ता,2
भक्तानां,2
भक्तिं,2
भक्तिः,2
भक्तितः,2
भक्षीय॒,2
भगवति,2
भगवते,2
भगवतो,2
भगवद्गीतारामानुजभाष्य,2
भगवन्न्,2
भगाकारमूर्ध्वाग्रं,2
भगाकारस्य,2
भग्योपक्रममुन्नयेत्,2
भजनानि,2
भजन्ति,2
भजामि,2
भजे,2
भट्नागरः,2
भद्रकाली,2
भद्रके,2
भद्रे,2
भयं,2
भयेन,2
भरत,2
भरता॒,2
भरी॑मभिः,2
भर॑ता,2
भवतो,2
भवद्भिरपि,2
भवन्तीत्यर्थः,2
भवान्,2
भवितुं,2
भवितुमर्हति,2
भविष्यतीति,2
भविष्यन्ति,2
भवे,2
भवेदिति,2
भव्यं॒,2
भाक्,2
भागवतं,2
भागार्धवर्जनात्,2
भानुमते,2
भारतदेशः,2
भारतदेशे,2
भारतप्रधानमन्त्रिणा,2
भारतसंघः,2
भारतसर्वोच्चन्यायालयस्य,2
भारतीयसंविधानस्य,2
भावप्रकाशिका,2
भावयेदित्यर्थः,2
भावस्य,2
भावाभावौ,2
भावो,2
भाषते,2
भाषा,2
भाषायां,2
भा॒ग,2
भिः,2
भिक्षान्नं,2
भिक्षुः,2
भिनद्मि,2
भिन्नानि,2
भिषग्वराः,2
भीष्मेण,2
भुवं,2
भुवः॑,2
भुवन,2
भुवनजदेहेष्वयं,2
भुवनाध्वा,2
भुवनानि,2
भुवनेषु,2
भुव॑नं,2
भुव॑नस्य॒,2
भूमिः,2
भूयः,2
भूयात्,2
भूया॒,2
भू॒तम॑सि॒,2
भू॒तानि॑,2
भू॒मी,2
भृशं,2
भृशम्,2
भेदतः,2
भेदमभिधाय,2
भेदात्,2
भेदो,2
भेष॒ज,2
भेष॒जं,2
भोक्तृत्वेन,2
भोगकारिका,2
भोगभूमिषु,2
भोगलोलिका,2
भोगसाधनता,2
भोगसिद्धये,2
भोगाङ्गत्वं,2
भोगेच्छा,2
भोगोऽस्य,2
भोग्यतया,2
भोग्यत्वमेव,2
भोग्यम्,2
भोग्यानां,2
भोज्यं,2
भोज॑नानि॒,2
भ्यं॒,2
भ्राता,2
भ्र॑,2
भ॑र,2
भ॒द्रा,2
भ॒रे॒ति॑,2
म,2
मई,2
मख॒घ्न,2
मख॒घ्ने,2
मङ्गलं,2
मङ्गलवासरे,2
मणिम॑विन्दत्,2
मतिः,2
मधुर,2
मधु॒,2
मध्वः,2
मनः॑,2
मनः॒,2
मनस्तत्वाय,2
मनीषिणः,2
मनुष्ययश॒सी,2
मनु॒ष्या,2
मनु॒ष्ये,2
मनो॒,2
मन्तव्यः,2
मन्त्रा,2
मन्त्राध्वा,2
मन्त्राध्वेति,2
मन्त्रान्,2
मन्त्रावृत्तिः,2
मन्त्रिसभामेलने,2
मन्दिरे,2
मन्यताम्,2
मन्यस्व,2
मन॑सा॒,2
मन॑सो,2
मम॒,2
मयङ्क्,2
मया॑,2
मयैव,2
मरणं,2
मरी,2
मरुतः,2
मर्क्,2
मर्द्दन्ता,2
मर्यादा,2
मल,2
मलसद्भाव,2
महतां,2
महती,2
महतो,2
महदादयः,2
महर्षिभिः,2
महा,2
महाकल्पे,2
महादेवः,2
महादेवस्य,2
महादेवि,2
महादेवो,2
महाद्युतिः,2
महानाम्नीर्म॑हामा॒नाः,2
महान्नैव,2
महापुराण,2
महाबाहो,2
महाभाग,2
महामन्त्रं,2
महामाया,2
महाराष्ट्रस्य,2
महासत्त्व,2
महासत्त्वेन,2
मही,2
महीं,2
महीन्द्रराजपक्सस्य,2
महीवाय्वोः,2
महे,2
महेशो,2
महेश्वरस्य,2
महोदयेन,2
मह्यां,2
मांसं,2
माचिरम्,2
मातुश्च,2
मात्रं,2
मात्रास्तैरनुमानतः,2
माध्यं॑दिने॒,2
माध्यं॑दिन॒,2
मानता,2
मानत्वे,2
मानवाः,2
मानसं,2
मानसी,2
मानुषाः,2
माने,2
मान्दा॑सु,2
मामुवाच,2
मायया,2
मायामयं,2
मायावाद्युक्तैक्यस्य,2
मायासमुद्भवः,2
मासा,2
मासिकपत्रिकायाः,2
मासे,2
मितं,2
मित्रश्च,2
मित्राणि,2
मिथः,2
मि॑थु॒नौ,2
मि॒त्रो॑,2
मि॒थु॒न॒वान्भ॑वति,2
मी॑यते,2
मुक्त,2
मुक्तः,2
मुक्तबोद्ह,2
मुक्तस्यापि,2
मुक्ता,2
मुक्तिं,2
मुक्तिर्हि,2
मुक्त्यवस्थायां,2
मुक्त्वा,2
मुखम्,2
मुख्यं,2
मुख॒त,2
मुञ्च,2
मुञ्चति,2
मुनयस्तथा,2
मुनिं,2
मुनिसत्तम,2
मुनीश्वराः,2
मुहम्मद्,2
मुह्यन्ति,2
मु॑मोक्तु,2
मु॒ख॒त,2
मूर्तयः,2
मूर्तयस्तु,2
मूर्तिः,2
मूर्ती,2
मूर्तीशानां,2
मूर्ध्ना,2
मूल्यं,2
मूल्यम्,2
मूषिका,2
मृगो,2
मृतं,2
मृतः,2
मृताः,2
मृत्युं,2
मृदुत्वादि,2
मृ॒त्योर्मा॑,2
मेलनं,2
मोक्षः,2
मोक्षकारिकासु,2
मोचिका,2
मोहिताः,2
मोहो,2
मौनी,2
म्यूसियं,2
म्र्ग्त्,2
म॑हद्भि॒श्च,2
म॑हसः॒,2
म॒यूर॑रोमभिः,2
म॒रुतां,2
म॒रुद्भ्यः॑,2
म॒हानि॑रष्टो॒,2
म॒ह॒सो,2
यक्षि,2
यक्ष्ये,2
यच्च,2
यच्छतु,2
यजते॒,2
यजन्ते,2
यजमानस्य,2
यजमानो,2
यजामहे,2
यजाम॒,2
यजा॑महे,2
यजु॑षा,2
यजेत्,2
यज्ञ,2
यज्ञः,2
यज्ञक्र॒तुष्विति॑,2
यज्ञे,2
यज्ञेन,2
यज॑मान॒,2
यज॑मा॒नो,2
यज॒ते,2
यत्कर्म,2
यत्का॑मास्ते,2
यत्कृतं,2
यत्ते॒,2
यत्नः,2
यत्पृ॑षदा॒ज्यम्पुन॑र्गृ॒ह्णाति॑,2
यत्रास्ति,2
यत्रैत॑दुप॒दृश्य॑ते,2
यत्संपूर्णप्रयोजनम्,2
यथालाभं,2
यथैव,2
यथोद्देशं,2
यदाल॑ब्धायाम॒भ्रः,2
यदाह,2
यदि॑,2
यदि॒,2
यदी,2
यदे॒व,2
यद्य॒ज्ञे,2
यद्य॒ज्ञेन॒,2
यन्तो॒,2
यन्त्रे,2
यमः,2
यमो,2
यम्,2
ययौ,2
यर्,2
यशो,2
यश्च,2
यश्चरते,2
यस्,2
यस्ता,2
यस्मिन्नेतत्कर्म,2
यस्याः,2
यस्यामिति,2
यस्यै॒ष,2
याचिता,2
यातयति,2
यान्तं,2
यान्ति॒,2
याम्यो,2
यावत्स,2
यावन्,2
यावल्,2
यावा॑ने॒व,2
याव॑दे॒तत्,2
याव॑दे॒वास्ति॑,2
याव॑न्तो,2
यासि॑,2
यास्ते॒,2
याऽस्य,2
यु,2
युक्तमेवेति,2
युक्तिमत्,2
युगं,2
युज्यत,2
युतः,2
युधिष्ठिरंप्रति,2
यु॒ञ्जा॒नो,2
येन॑,2
येन॒,2
योक्ष्यते,2
योग,2
योगदीक्षा,2
योगशिष्यस्य,2
योगिनां,2
योगिने,2
योगे,2
योजनशतं,2
योजनशतसहस्रं,2
योजनसहस्रं,2
योजयति,2
योजा॒,2
योनिः,2
योनिः॑,2
योनि॑नोर्ध्वमु॒दीष॑त,2
योनि॑र्,2
योनेः,2
योनेर्योन्यन्तरं,2
योनौ॑,2
योषितः,2
य्र्प्स्,2
य्स्,2
य॑व॒मयं॑,2
य॒ज्ञः,2
य॒ज्ञमा,2
य॒ज्ञम्मि॑मिक्षताम्,2
य॒ज्ञे,2
य॒ज्ञेन॒,2
य॒ज्ञो॑,2
य॒त्र,2
य॒मः,2
य॒मस्य॑,2
र,2
रं,2
रक्षः॑,2
रक्षणार्थं,2
रख्षो॒,2
रख्षो॒घ्ने,2
रघम्,2
रचितानि,2
रजताना,2
रजा,2
रणे॑रणे,2
रत्नगर्भस्य,2
रथं,2
रथः॑,2
रथम्,2
रथवाहनवा॒हो,2
रथे॑न,2
रथो॒,2
रन्तुं,2
रन्ध्रमध्ये,2
रम्,2
रवेः,2
रसा,2
रहिते,2
राक्षसानां,2
रागतत्वाधिपाय,2
रागतत्वाय,2
रागे,2
रागोऽपि,2
राजन्यागते,2
राजपक्सः,2
राजपाक्से,2
राजभवने,2
राजर्षिः,2
राजसाद्,2
राजेन्द्र,2
राज॒सूया॑य॒,2
रात्रिः,2
रात्रिः॑,2
रामचन्द्रन्,2
रामजन्मभूमि,2
रामरूपी,2
रामेश्वर,2
राय,2
राशिः,2
राष्ट्रयोः,2
राष्ट्रस्य,2
राष्ट्रेभ्यः,2
रा॒का,2
रा॒तिर॑स्तु,2
रा॒ते,2
रा॒यस्पोषे॑ण॒,2
रा॒ष्ट्र,2
रा॒ष्ट्रमव॑,2
रा॒ष्ट्रे,2
रा॒ष्ट्रेणै॒वास्मै॑,2
रा॒स्वाज्या॑नि,2
रिघ्त्स्,2
रितिन्ग्,2
रित्यनुवर्तते,2
रियाद्,2
रीरिषः,2
रुक्मी,2
रुद्रः,2
रुद्रपदे,2
रुद्रा,2
रुद्राः,2
रुद्राणां,2
रुद्रे,2
रुद्र॒,2
रु॒क्मं,2
रु॒द्र,2
रु॒द्राय॑,2
रु॒न्द्धे,2
रु॒न्धे॒,2
रूपे,2
रूपेऽप्येतद्धि,2
रूप्यकाणां,2
रूप्यकाणि,2
रू॒पम्,2
रू॒पम॑सि॒,2
रू॒पेण॒,2
रू॒पेभ्यो॑,2
रेतः,2
रेतो॑,2
रेपुब्लिस्हेद्,2
रेप्रोदुचेद्,2
रेसेअर्च्ह्,2
रेसेर्वेद्,2
रो,2
रोग,2
रोच॒ने,2
रोद्धुं,2
रोद॑सी,2
रो॑हति॒,2
रौ॒द्रं,2
र्मञ्ज्,2
र॒श्मिभिः॑,2
लकुलीश्वरः,2
लक्षण,2
लक्षणमुक्तं,2
लक्षणया,2
लक्षणेति,2
लक्ष्मणेन,2
लख्नौ,2
लब्धम्,2
लब्धा,2
लब्धानि,2
लब्धे,2
लब्ध्वा,2
लभ्यते,2
लयः,2
लयभोगौ,2
लयस्तु,2
लयो,2
लाभः,2
लावणजलाशयं,2
लिखितं,2
लिखितम्,2
लिङ्गपीठशिलानां,2
लिङ्गपीठशिलासु,2
लिङ्गपीठशिलास्वपि,2
लिङ्गस्य,2
लिङ्‌गानि,2
लेशाद्,2
लोकधातुं,2
लोकधातुकोटीशतसहस्रं,2
लोकधातौ,2
लोकान्,2
लोहित,2
ल॑भते॒,2
वक्तव्यं,2
वक्ष्यमाणो,2
वक्ष्यामि॒,2
वचने,2
वचनेन,2
वचस्तस्य,2
वचांसि,2
वच्मि,2
वज्र,2
वज्रं॑,2
वज्रः,2
वज्रेण,2
वज्रे॑ण,2
वज्रो॒,2
वज्र॑मेनम॒भि,2
वज्र॑मे॒व,2
वज्र॑म॒न्तर्ध॑त्ते,2
वदामि,2
वदेत्,2
वधार्थाय,2
वधो,2
वना॑,2
वन्दे,2
वपुषा,2
वपुषि,2
वयः,2
वयम्,2
वयसि,2
वया,2
वर,2
वरदाय,2
वरुण्पद्धतिव्याख्या,2
वरु॑णः,2
वरु॑णाय॒,2
वरु॑णो॒,2
वरो,2
वर्चसा,2
वर्चो॒,2
वर्णं,2
वर्णा,2
वर्णाध्वा,2
वर्णितम्,2
वर्णो॒,2
वर्तनं,2
वर्तितम्,2
वर्धनं,2
वर्यं,2
वर्यस्य,2
वर्षं,2
वर्ष्म॒,2
वश्योर्ध्वस्थितिः,2
वषट्का॒रः,2
वषट्का॒रो,2
वसति,2
वसा॑नः,2
वसि॑ष्ठः,2
वसुः॑,2
वसुधाद्यस्तत्त्वगणः,2
वसु॑भिः,2
वसो,2
वस॑वस्त्वा॒,2
वहसे,2
वाक्य,2
वाक्यत,2
वाक्यशेषः,2
वाक्ये,2
वाक्येन,2
वाग्जु॑षा॒णा,2
वाग्भटस्तु,2
वाचं,2
वाचो,2
वाजिन्,2
वातावरणं,2
वात॑रश॒ना,2
वामना,2
वामादि,2
वामाद्या,2
वायवः,2
वायु,2
वायुत्वाद्,2
वायुप्रदूषणं,2
वार्तिकानि,2
वासुदेवस्य,2
वास॒वैः,2
वाहनानि,2
वा॑जिनीवन्क॒र्कीं,2
वा॑म॒नो,2
वा॒चीत्या॑ह॒,2
वा॒चीन्द्रा॒येत्या॑ह,2
वा॒चे,2
वा॒युर्वै,2
वा॒य॒व्यं॑,2
वा॒श्रेव॑,2
विए,2
विकारपूरणं,2
विकारस्य,2
विक्रयः,2
विक्षेपणं,2
विगते,2
विघ्नो,2
विचक्षणैः,2
विचारयेत्,2
विचारविषयतया,2
विचिन्त्य,2
विजित्य,2
विज्ञान,2
विज्ञाय,2
विज्ञायते,2
वित्तं,2
विदितं,2
विद्धि,2
विद्यमानः,2
विद्यमानेन,2
विद्यमानेषु,2
विद्यया,2
विद्यातत्वे,2
विद्यात्,2
विद्यालयेषु,2
विद्याशब्देन,2
विधाता,2
विधिमाशृत्य,2
विधीयन्ते,2
विधेम,2
विध॑र्म॒,2
विनश्यति,2
विनश्वरः,2
विनापि,2
विनाशं,2
विनाशयेत्,2
विनाशाय,2
विनिर्दिशेत्,2
विनिवर्तते,2
विनिश्चित्य,2
विनैव,2
विन्यस्थाः,2
विपर्ययः,2
विपश्चितः,2
विपुलं,2
विप्रं,2
विभावयेत्,2
विभुं,2
विभू॒दाव्ने॒,2
विभो,2
विमृश्यते,2
विरुद्धम्,2
विरोध,2
विलिख्य,2
विवक्षिते,2
विवरणम्,2
विविक्तं,2
विविधानां,2
विवेकः,2
विव्याध,2
विशः,2
विशः॒,2
विशब्दनार्थकस्य,2
विशब्दने,2
विशां,2
विशिष्टं,2
विशुध्यति,2
विशो॑,2
विश्वं,2
विश्वतः,2
विश्वरूपाय,2
विश्वविद्यालयस्य,2
विश्वा,2
विश्वेषां,2
विश्वे॒,2
विश्व॑स्य,2
विषं,2
विषयाः,2
विषु॑रूपे॒,2
विष्णु,2
विष्णो,2
विष्णो॒र्विक्रा,2
वि॒द्वान्प्र॒सर्प॑ति॒,2
वि॒न्दते,2
वि॒भुः,2
वि॒राज्ये॒व,2
वि॒श्यध्यू॑हति,2
वि॒श्वतः॑,2
वि॒श्वरू॑प॒,2
वि॒श्व॒च॒र्,2
वीक्ष्य,2
वीर्यपारमितां,2
वी॒र,2
वृतं,2
वृतः,2
वृत्तिं,2
वृत्त्या,2
वृथा,2
वृद्धज्ञानरत्नावल्याम्,2
वृद्धिः,2
वृषा,2
वृषा॒,2
वृष्टि॑मे॒वाव॑,2
वृष्टि॒मव॑,2
वृष्णीनां,2
वृ॑णीमह॒,2
वृ॑ष॒भस्य॑,2
वृ॑हन्तु॒,2
वृ॒द्धो,2
वेगेन,2
वेदः,2
वेदा,2
वेदाङ्गानि,2
वेदान्त,2
वेदार्थ,2
वेदे,2
वेद्यं,2
वेयिल्स्,2
वेष्टितं,2
वैज्ञानिकाः,2
वैज्ञानिकैः,2
वैदेशिक,2
वैनयिको,2
वैराग्यं,2
वैशसम्,2
वैश्यानां,2
वैश्वान॒रं,2
वैष्ण॒वं,2
वैष्ण॒व्यर्चा,2
वै॒श्व॒सृ॒जम॒ग्निं,2
वोढ॑वे,2
व्त्,2
व्यक्ताव्यक्ते,2
व्यञ्जयती,2
व्यन्तः,2
व्यपोहति,2
व्यशातयत्,2
व्याख्यातं,2
व्याख्यातम्,2
व्याख्याति,2
व्याचष्टे,2
व्यापकतया,2
व्यापकत्वेन,2
व्यापिनी,2
व्याप्य,2
व्याय॑च्छन्ते॒,2
व्या॒नाय॑,2
व्युषिताश्वः,2
व्यूहं,2
व्येतु,2
व्यो॑मन,2
व्रजति,2
व्रणिताः,2
व्रते,2
व॑,2
व॑यत॒,2
व॑र्,2
व॑र्तन,2
व॑र्तयति॒,2
व॒त्सामि॒ह,2
व॒पां,2
शकदिति,2
शक्तं,2
शक्तम्,2
शक्तय,2
शक्तिं,2
शक्तिनिपात,2
शक्तिपातस्य,2
शक्तिपातेन,2
शक्तो,2
शक्त्यन्तं,2
शक्नोति,2
शक्नोतीति,2
शक्नोमि,2
शक्र,2
शङ्करम्,2
शङ्करलाल,2
शङ्खं,2
शतरुद्राणां,2
शतानन्द,2
शतानन्देश्वरस्य,2
शतानि,2
शनिग्रहस्य,2
शपि,2
शपूर्णमा॒सौ,2
शब्दं,2
शब्दचित्तसदेशान्तं,2
शब्दधी,2
शब्दप्रयोगे,2
शमि॑तार,2
शम्भु,2
शम्भुः,2
शम्भो,2
शयनीये,2
शयानो,2
शरं,2
शरणागताः,2
शरम्,2
शरीर,2
शरीरम्,2
शरीरिणां,2
शरीरेषु,2
शरैः,2
शर्मणः,2
शर्वः,2
शाखयोः,2
शान्तं,2
शान्तम्,2
शान्तिं,2
शान्तिः॑,2
शान्तिकला,2
शान्तौ,2
शासनकाले,2
शास्त्री,2
शास्त्रेण,2
शिक्षा,2
शिक्षामन्त्री,2
शिखण्डिना,2
शिरसि,2
शिरोन्तं,2
शिलायां,2
शिवज्ञानं,2
शिवतत्वाख्यं,2
शिवत्व,2
शिवभक्तस्य,2
शिवशक्ति,2
शिवस्तु,2
शिवाग्निजम्,2
शिवाजीमहाराजस्य,2
शिवान्तं,2
शिशुं,2
शिशूनां,2
शीतः,2
शीतर्तौ,2
शीलपारमितां,2
शुक्रं,2
शुचयः,2
शुद्धात्मके,2
शुद्धाध्वनि,2
शुद्धिं,2
शुद्धिः,2
शुद्धिरिष्यते,2
शुद्धिर्न,2
शुद्धे,2
शुद्ध्यर्थं,2
शुनक्याः,2
शुभैः,2
शु॒क्रस्य॑,2
शु॒क्रेण॑,2
शु॒द्धो,2
शूद्रः,2
शून्यं,2
शूलं,2
शृत॒त्वाय॑,2
शेख्,2
शेते,2
शैक्षिकनयस्य,2
शैक्षिकनियमे,2
शैक्षिकमण्डले,2
शैख्,2
शोणितं,2
शोधनं,2
शोधनः,2
शोधने,2
शोभनम्,2
शौचं,2
श्चेत्ये॒ते,2
श्यामं,2
श्यामाना,2
श्ये॒नाय॒,2
श्य॒न्ते,2
श्रवणात्,2
श्रव॒णः,2
श्रावकभूमौ,2
श्रा॑व॒यास्तु॒,2
श्रितः,2
श्रिया,2
श्रि॒ता,2
श्रीगणेशाय,2
श्रीमत्,2
श्रीमद्भागवते,2
श्रीमन्मतङ्गे,2
श्रीमन्मृगेन्द्रेऽपि,2
श्रीमहादेव,2
श्रीरामहृदयं,2
श्रीलङ्कदेशस्य,2
श्रीलङ्कस्य,2
श्रीस्कान्दे,2
श्रुतम्,2
श्रुतेः,2
श्रूयत,2
श्रेयसे,2
श्रेष्ठा,2
श्रेष्ठो॑,2
श्रोत्रं॑,2
श्रौष॒ड्यज॒,2
श्लोक,2
श्वान॒रो,2
श्वासकोशः,2
श्व॒र,2
श॒तमा॑नम्भवति,2
श॒तायुः॒,2
श॒तेन्द्रि॑य॒,2
श॒स्तोक्थ॑स्य॒,2
श॒स्त्रस्य॑,2
षट्त्रि,2
षडध्वानां,2
षडानना,2
षड्,2
षड्भागं,2
षड्विधस्मृतः,2
षति॒,2
षष्टं,2
षष्ठे,2
ष्ट्र॒भृता,2
ष्ट्र॒भृद्भी॑,2
ष्ठापयति,2
ष्पते॒,2
ष॒णे॒,2
संबध्यते,2
संयुतः,2
संयुतम्,2
संयोगो,2
संयोजनं,2
संरम्भोऽहङ्कृतेर्वृत्तिः,2
संवथ्सर,2
संवथ्स॒रो,2
संविदा॒नः,2
संवे॒शाय॑,2
संव्यवस्थितः,2
संशयं,2
संशुद्धिः,2
संशुद्धौ,2
संसार,2
संसारावस्थायां,2
संसारिणां,2
संसिद्धं,2
संस्कारेण,2
संस्कारो,2
संस्कार्यः,2
संस्कृतः,2
संस्कृतकक्ष्यासु,2
संस्थितः,2
संस्थिता,2
संस्पृशेत्,2
सं॒व॒थ्स॒रो,2
सकला,2
सकलानपि,2
सकाशात्,2
सक्तिः,2
सक्तिर्भोगेषु,2
सखा,2
सङ्कोचेन,2
सङ्क्षिप्य,2
सङ्क्षेपः,2
सङ्ख्ये,2
सङ्ग्रामेषु,2
सङ्घ,2
सङ्घननप्रक्रिया,2
सङ्घादुपसम्पत्,2
सचरति,2
सञ्जय,2
सञ्जाता,2
सञ्जायते,2
सतां,2
सत्,2
सत्त्वा,2
सत्यनेकत्वाद्,2
सत्येन,2
सत्सु,2
सदः॑,2
सदाशिव,2
सदा॑,2
सदेशान्तं,2
सद्दृष्टिभृत्त्वं,2
सन्ति॑,2
सन्तु,2
सन्तो,2
सन्दर्भः,2
सन्देहः,2
सन्वत्त्वमिति,2
सप्तकोटि,2
सप्ततत्वानि,2
सप्तमी,2
सप्तवर्णकम्,2
सप्तविंशतिः,2
सफलं,2
सभायां,2
समग्रपरिवर्तनं,2
समतां,2
समपद्यत,2
सममिति,2
समयदीक्षायां,2
समये,2
समरे,2
समर्पणं,2
समर्पयति,2
समवेतमुत्पद्यते,2
समस्त,2
समा,2
समाख्यातो,2
समागतः,2
समाजे,2
समाप्तः,2
समाप्तिम्,2
समामनन्ति,2
समाश्रितः,2
समासेन,2
समाहूय,2
समीक्ष्यते,2
समीप,2
समीपे,2
समीहिता,2
समुच्चरन्,2
समुद्रे,2
समूहः,2
समृ॒च्छते॑,2
समे,2
समो,2
सम्पन्ने,2
सम्पा॑दय॒त्यथो॑,2
सम्बन्ध,2
सम्बन्धी,2
सम्भवतीति,2
सम्भवे,2
सम्भूतिं,2
सम्मतिः,2
सम॑भूत्,2
सम॒मुष्मि॑ल्लोँ॒क,2
सय,2
सरस्वति,2
सरस्वती,2
सरीसृ॒पेभ्यः॒,2
सर्वः,2
सर्वकर्म,2
सर्वकारः,2
सर्वज्ञता,2
सर्वज्ञत्व,2
सर्वज्ञत्वं,2
सर्वज्ञानोत्तरे,2
सर्वतोमुखम्,2
सर्वत्वाय,2
सर्वपदं,2
सर्वपापहरं,2
सर्वलौकिकध्यानाभिज्ञाविमोक्षसमाधिसमापत्तीनाम्,2
सर्वाः॒,2
सर्वेषामपि,2
सर्वे॑,2
सर्वे॒,2
सर्वोच्चन्यायालयेन,2
सर्व॑दा,2
सर्व॒मायु॑रेति॒,2
सर्षये,2
सर॑स्वती॒,2
सर॑स्वते॒,2
सर॑स्वन्त॒मव॑से,2
सलिलं,2
सवन,2
सव॑न,2
सव॑ना,2
सव॑ने,2
ससाधनौ,2
सस्यस्य,2
सहचारदर्शनं,2
सहस्रकम्,2
सहस्रमयुतं,2
सहस्र॒धाय॑सम्,2
सहा,2
सहितौ,2
सहेति,2
सहेत्युच्यते,2
साक्षिन्,2
साङ्‌गं,2
साधका,2
साधके,2
साधनबुद्धिः,2
साधनमाह,2
साधने,2
साधयितुमाह,2
साधारणं,2
साधारणानि,2
साधारणे,2
साधिकरण,2
साधिकारैव,2
साध्यते,2
सामान्यजाः,2
साम्प्रतम्,2
साम्बमीशानं,2
साम्येन,2
साम॑,2
सायं,2
सारस्व॒तीमा,2
सार्द्धं,2
सार्ध,2
साहित्य,2
सा॑धुदे॒विनी॑म्,2
सा॒वि॒त्रम॒ग्निं,2
सिंहिः,2
सिद्धं,2
सिद्धत्वात्,2
सिद्धमेव,2
सिद्धयो,2
सिद्धस्य,2
सिद्धाः,2
सिद्धान्तेति,2
सिद्धिं,2
सिद्ध्य॒न्ते,2
सिनी॑वालि॒,2
सिन्ध॑वो,2
सि॑नीवा॒ली,2
सि॑नीवा॒ल्यै,2
सीतया,2
सीता,2
सीमनि,2
सी॑द॒,2
सुकृ॒तस्य॒,2
सुखदुःखादि,2
सुखदुःखादिलक्षणा,2
सुखदुःखानु,2
सुखम्,2
सुखादिकं,2
सुतं,2
सुतः,2
सुतम्,2
सुदुष्करम्,2
सुनिश्चितम्,2
सुप्रभेदे,2
सुप॒र्णा,2
सुबोधमेतत्,2
सुब्रह्मण्यो,2
सुभगे,2
सुम॒तौ,2
सुरक्षां,2
सुरभिः,2
सुरा,2
सुराणां,2
सुरेशाय,2
सुवन्तां॒,2
सुवर्णं,2
सुव॑र्,2
सुव॒र्गं,2
सुस्मूर्षते,2
सु॑पा॒णिः,2
सु॒त्राम्णे॑,2
सु॒भगा॒,2
सु॒यजा॑,2
सु॒व॒र्गं,2
सूक्तम्,2
सूक्ष्मः,2
सूक्ष्मदेहः,2
सूक्ष्मदेहरूपा,2
सूक्ष्मदेहस्य,2
सूक्ष्मनादाय,2
सूक्ष्मशिवोक्तमश्चैकनेत्रकः,2
सूचितं,2
सूत्रं,2
सूत्रकारैरेव,2
सूत्रम्,2
सूत्रे,2
सूर्य,2
सूर्या,2
सूर्ये॑,2
सृष्टमिदं,2
सृष्टिः,2
सृष्टौ,2
सृष्ट्वा,2
से,2
सेनान्ये,2
सेयं,2
सैव,2
सोक्थ,2
सोत्सर्गं,2
सोमः॒,2
सोमेन,2
सोमो॑,2
सोम॑,2
सोल्द्,2
सो॑,2
सो॒मादा,2
सौत्,2
सौदिराजस्य,2
सौदिराष्ट्रस्य,2
सौदिराष्ट्रे,2
सौभाग्यं,2
सौवर्णं,2
सौ॒म्या,2
स्कि,2
स्त,2
स्तः,2
स्तुतिर्,2
स्तुत्वा,2
स्तुद्य्,2
स्तु॒तम॒स्यूर्ज॒म्मह्य,2
स्तोतुं,2
स्तोत्रं,2
स्तो॒तृभ्यः॑,2
स्त्रीणां,2
स्तड़्ड़्,2
स्थापनं,2
स्थापयामास,2
स्थापितः,2
स्थाप्य,2
स्थावरं,2
स्थिति,2
स्थ॑,2
स्नानङ्करणीयम्,2
स्पर्धायां,2
स्पर्श,2
स्पर्शहोमान्ते,2
स्पृश्यमानं,2
स्पृष्ट्वा,2
स्मरणं,2
स्मरति,2
स्मरन्,2
स्मृतीनां,2
स्म॒,2
स्या,2
स्रु॒चा,2
स्वकर्मतः,2
स्वकष्टं,2
स्वगृहं,2
स्वतःसिद्धं,2
स्वतन्त्रः,2
स्वतो,2
स्वत्,2
स्वत॒पसः,2
स्वपक्षे,2
स्वपिति,2
स्वभाव,2
स्वमायया,2
स्वयमुत्पद्यते,2
स्वयम्भूतं,2
स्वरूपेण,2
स्वर्गं,2
स्वल्पः,2
स्वस्थं,2
स्वस्वगोचरे,2
स्वाना॒,2
स्वायम्भुव,2
स्वायै॑,2
स्वार्थे,2
स्वाविद्यया,2
स्वा॒दुना॑,2
स्वीकृतं,2
स्वे,2
स्वेदः,2
स्वेन॑,2
स्वैः,2
स्व॒धायै॒,2
स॑ञ्चस्क॒रर्द्धि॑या,2
स॑वि॒त्रे,2
स॒त्यप्र॑सवाय,2
स॒त्या,2
स॒त्यानां॒,2
स॒त्रि॒यम॒ग्निं,2
स॒द्यो,2
स॒न्दृशः॑,2
स॒प्तक॑पालं,2
स॒प्तद॑श,2
स॒प्तैतान्य॒क्षरा॑णि,2
स॒प्त॒मे,2
हताः,2
हनूमते,2
हन्त,2
हन्तो,2
हमद्,2
हरति,2
हरतु,2
हरिं,2
हरित,2
हरिवो,2
हरि॑तो॒,2
हरि॑भिः,2
हरी,2
हरी॒,2
हरो॒,2
हवं॑,2
हस्ताभ्यां,2
हस्ति,2
हाटकेश्वरसम्भवम्,2
हार,2
हिंसा,2
हिंसायाम्,2
हिते,2
हितैषिणी,2
हित्वा,2
हिन॒स्ति,2
हिमयुगस्य,2
हिमवान्,2
हि॑त,2
हि॒ताः,2
हुताशनः,2
हुनेत्,2
हुवेम,2
हृत्कण्ठतालु,2
हृत्कुम्भस्य,2
हृत्कुम्भे,2
हृदय,2
हृदयम्,2
हृदि,2
हृ॒दो,2
हेतुना,2
हेमन्ते,2
हैड्रजनधिष्ठितां,2
होत्रा॑णा॒,2
होमो,2
होमौ॑,2
होवाच,2
हो॒त्रि॒य,2
हौत्री,2
ह्म॒णाः,2
ह्यनुमानम्,2
ह्येष,2
ह्ये॑ष,2
ह्य॑ग्ने,2
ह्स्व्स्,2
ह॒विषो॑,2
ह॒व्या,2
ऽकामयत,2
ऽकु॑र्वत॒,2
ऽग्निं,2
ऽग्नेः,2
ऽङ्गे,2
ऽथ,2
ऽथो॑,2
ऽथो॒,2
ऽथ॒,2
ऽदि॒त्यं,2
ऽपा,2
ऽपां,2
ऽप्य्,2
ऽप॒,2
ऽभि,2
ऽर्वाञ्चो॑,2
ऽष्टाक्ष॑रा,2
ऽष्टौ,2
ऽस्ति,2
ऽस्माकं॑,2
ऽहम्,2
॑शत्,2
॑श॒तिश्च॑,2
॑षि॒,2
॒सः,2
ड़ोर्म्,2
ड़्,2
ंशु,1
ं॑,1
अँशश्च,1
अं,1
अंशत,1
अंशावतरणपर्वणि,1
अंशास्तेऽशिना,1
अंशिनः,1
अंशे,1
अः,1
अकर्तरि,1
अकर्तृगामीति,1
अकर्तृत्वाऽभ्युपगमे,1
अकर्मकत्वादाह,1
अकर्मकृत्,1
अकल्मषः,1
अकस्मादेव,1
अकार,1
अकारणतया,1
अकारणाच्चास्याः,1
अकारयत्,1
अकारादि,1
अकारान्ता,1
अकिञ्चित्करा,1
अकुरुताम्,1
अकुशलमिश्रपुण्यकारिणोऽयं,1
अकुशलैः,1
अकूटा,1
अकृतञ्च,1
अकृतविधिः,1
अकृत्रिमं,1
अकृ॑शासो,1
अक्कादमिक,1
अक्खि॑द्रा॒,1
अक्टूबर,1
अक्तूबर,1
अक्रुद्धस्य,1
अक्र॒न्,1
अक्लीब,1
अक्षणिकस्य,1
अक्षणिकस्यैव,1
अक्षतान्समर्पयामि,1
अक्षभूमिता,1
अक्षयश्चाव्ययश्चैव,1
अक्षयाकारेण,1
अक्षरं,1
अक्षरसमूहे,1
अक्षरार्थस्तु,1
अक्षाधारोऽक्षगम्योऽयमनीशानां,1
अक्षि॑त॒मित्या॑ह॒,1
अक्षि॑दुः॒खोत्थि॑तस्यै॒व,1
अक्षोभ्यं,1
अक्ष्यामयेनैवाभिष्यन्दे,1
अक्ष॒न्नमी॑मदन्त॒,1
अखडचण्डी,1
अखिलमतिमहिम्ना,1
अख्य॑न्,1
अख्ष॑न्,1
अगच्छम्,1
अगन्मबिभ्रतो,1
अगमयित्व,1
अगम्यागमनात्पूतो,1
अगर्वालम्,1
अगस्त्यः,1
अगृहीतव्याप्तिकश्चेदिति,1
अगृह्णत्,1
अग्नय,1
अग्नयः,1
अग्नये,1
अग्नावुष्ण,1
अग्निकार्यसंस्कृतोग्निः,1
अग्निदेवालयः,1
अग्निपूजापरा,1
अग्निमण्डपमासाद्य,1
अग्निमानित्यंशेऽसङ्गतिर्नाशङ्क्यत,1
अग्निमारोप्य,1
अग्निमूर्तिः,1
अग्निरघोर,1
अग्निरुद्रो,1
अग्निर्देवो,1
अग्निर्लीलाब्घिजनकः,1
अग्निशब्दस्य,1
अग्निशब्देन,1
अग्निशमन,1
अग्निशमनसेना,1
अग्निसङ्क्रमणं,1
अग्निसात्,1
अग्निहोत्रस्वाध्यायाध्ययनादिसत्कर्मणामपि,1
अग्निहोत्रादिके,1
अग्नीषोमात्मके,1
अग्नीषोमीयं,1
अग्नीषोमौ,1
अग्नी॑षोमौ,1
अग्नेः,1
अग्र,1
अग्रतो,1
अग्रपाकं,1
अग्रियः,1
अग्रे,1
अग्र्यवेषप्रमदाजनाकुलं,1
अग्र्याम्,1
अग्र॑,1
अघोरशिवाचार्यकृतवृत्तिसहिता,1
अघोरशिवाचार्यैः,1
अघोरशिवाय,1
अघोरहृदयायेति,1
अघोरास्त्रं,1
अघोरास्रं,1
अघोरे,1
अघोरेणात्ममन्त्रेण,1
अघोरेश्वर,1
अङादेशे,1
अङ्कानपेक्षया,1
अङ्कोलैः,1
अङ्ग,1
अङ्गं,1
अङ्गजा,1
अङ्गभङ्गवलनोत्क्षिप्तभुजयुगलम्,1
अङ्गाः,1
अङ्गानि,1
अङ्गारकस्तोत्रं,1
अङ्गारसवातमिव,1
अङ्गारो,1
अङ्गा॑रेषु,1
अङ्गा॒न्यह्रु॑ता॒,1
अङ्गिरा,1
अङ्गीकृतं,1
अङ्गीकृतम्,1
अङ्गीकृतवन्तं,1
अङ्गीकृतवान्,1
अङ्गुलत्रयमानेन,1
अङ्गुलिरिति,1
अङ्गुलीषु,1
अङ्गुल्यः,1
अङ्गुष्ठमध्यमाभ्याञ्च,1
अङ्गुष्ठमातृकादयः,1
अङ्गुष्ठमातृकादयो,1
अङ्गुष्ठमात्र,1
अङ्गुष्ठार्धप्रमाणम्,1
अङ्घा॑रि॒र्बम्भा॑रिः,1
अङ्‌कितम्,1
अङ्‌किता,1
अङ्‌गशुश्रूषया,1
अचञ्चलतया,1
अचलं,1
अचिकीर्तदिति,1
अचितश्चितिसम्बन्धाद्,1
अचिद्वतामनेकत्वाद्,1
अचिन्तयत्,1
अचिन्त्यत्वेनातय॑त्वात्तन्मयानि,1
अचि॑त्ती॒,1
अचीकणदिति,1
अचीकृतदिति,1
अचुकुस्मतेति,1
अचुच्यवत्,1
अचेतनं,1
अचेतनत्वादेव,1
अचेतनमपि,1
अचेतनाचेतनेति,1
अचैतन्यमतो,1
अचैतन्येऽप्यनेकत्वसङ्ख्यासम्बन्धहेतुतः,1
अच्,1
अच्युतपिषारटिवर्यः,1
अजनयत्,1
अजमोदं,1
अजमोदादिकं,1
अजम्,1
अजयदिति,1
अजरोऽरुक्,1
अजर॒,1
अजागः,1
अजातोदकमित्येतैर्लिङ्गैर्विज्ञाय,1
अजायत्,1
अजा॑यन्त॒,1
अजिज्ञपत्,1
अजिन्वत्,1
अजिन्वदज,1
अजिराप्रभव,1
अजुहवीत्,1
अजुहोत्,1
अजेशाय,1
अज्ज,1
अज्ञः,1
अज्ञात्वा,1
अज्ञात्वाधिक्यादिशङ्कायां,1
अज्ञानमिति,1
अज्ञानमोचनं,1
अज्ञानविमोहिताः,1
अज्ञानसाक्षिण्यरविन्दलोचने,1
अज्ञानहेतुकमिति,1
अज्ञानहेतुना,1
अज्ञानाज्ज्ञानतो,1
अज्ञानामित्युक्तमत्रापीति,1
अज्ञानिनामिति,1
अज्ञे,1
अज्ञोजन्तुरनिशोऽयमात्मा,1
अज्यते,1
अञ्च,1
अञ्चितापसृतौ,1
अञ्जनं,1
अञ्जनात्,1
अञ्जनादीशनुन्नानां,1
अञ्जनान्मलादेव,1
अञ्जनेति,1
अञ्जसान,1
अञ्जानः,1
अटरूपकवागुजी,1
अडभावे,1
अणस्स,1
अणुरज्ञानरहितः,1
अणुशश्च,1
अणोः,1
अण्वस्त्रविक्षेपण्य,1
अण्वस्त्रसंविधानानि,1
अण्वस्त्रायुधानि,1
अतत्परत्वेन,1
अतन्तावासुदेव,1
अतरत्,1
अतरो,1
अतश्चैवं,1
अतश्चैषां,1
अतार्षीन्,1
अतिक्रमितुम्,1
अतिक्रान्तः,1
अतिक्रामन्,1
अतिगुरुतरं,1
अतिगुह्यतमं,1
अतिगुह्याष्टकास्तथा,1
अतिगौरवम्,1
अतिनूतनानि,1
अतिभोजनं,1
अतिलोहिताना,1
अतिलोहितीना,1
अतिवाहयत्यात्मनां,1
अतिशयः,1
अतिष्ठत्,1
अतिष्ठत्तुमुले,1
अतिष्ठत्स्थाणुभूतस्स,1
अतिहारं,1
अति॑ता॒म्राणि॑,1
अति॑थिरि॒ति,1
अति॑द्रुतः,1
अति॒,1
अतीतपात्रसञ्चारे,1
अतीतानि,1
अतीतेति,1
अतीव,1
अतृ॑ष्य॒,1
अतेनानुमितिः,1
अतोदीर्घोयञीति,1
अतोऽनादिना,1
अतोऽनादिरेव,1
अतोऽस्ति,1
अत्त्वम्,1
अत्भुतं,1
अत्य,1
अत्यंतकृपयायुक्तं,1
अत्यं॒,1
अत्यक्तो,1
अत्यन्तमेव,1
अत्यन्तोच्छेदतो,1
अत्याधानमुपश्लेषणं,1
अत्याधुनिकः,1
अत्यायतैर्,1
अत्युत्तमपरिसरे,1
अत्युन्नतं,1
अत्युपकारकः,1
अत्युष्णनिश्वासदग्धयेव,1
अत्येका॑दश,1
अत्यैरपि,1
अत्रत्य,1
अत्रत्येषु,1
अत्राग्नेः,1
अत्रादिशब्दे,1
अत्रादिशब्देन,1
अत्रान्तरे,1
अत्रान्ये,1
अत्रापी,1
अत्राश्रमभेदाभिन्नेषु,1
अत्रेतः,1
अत्रैव,1
अत्रोत्तरं,1
अत्लटिको,1
अत्स्मृदृ,1
अत॑प्ततनू॒र्न,1
अथं,1
अथपानाव्यानलयचिन्तानन्तरम्,1
अथर्य,1
अथर्वाङ्गिरसो,1
अथवाऽऽहुर्दरिद्रस्य,1
अथस्तनोदुम्बरमारभ्याधः,1
अथा,1
अथागृहीतव्याप्तिकस्य,1
अथाचार्यो,1
अथात्ममलस्य,1
अथात्र,1
अथाध्वशुद्धिपरिज्ञानस्यापि,1
अथानन्तरं,1
अथान्तःकरणसिद्धिरुच्यते,1
अथाभिषेकरहिता,1
अथाभ्येत्य,1
अथार्जुनरथं,1
अथाशोकः,1
अथाश्रु,1
अथाष्टपक्षमाशृत्य,1
अथासौ,1
अथाह,1
अथाऽऽदित्यस्याष्टपु॑रुष॒स्य,1
अथा॒हम॑नुका॒मिनी॒,1
अथेन्द्रियाणामपि,1
अथेमे,1
अथै,1
अथैतन्नवतत्वादि,1
अथैता,1
अथैतेषामेव,1
अथैष,1
अथोक्त,1
अथोक्तस्य,1
अथोत्तरार्धेन,1
अथोद्दिश्य,1
अथोद्देशक्रमानुसारेण,1
अथोद्धाम्य,1
अथोद्ध्रियमाण,1
अथोपरि,1
अथोपरिष्टाद्,1
अथोभयोरपि,1
अथ॑र्वणः,1
अथ॒,1
अदं,1
अददात्,1
अददु॒स्तम्प॒शुभि॒श्चर॑न्तं,1
अदन्तादपि,1
अदन्तेषु,1
अदर्शनाभावादेव,1
अदा,1
अदादिः,1
अदि,1
अदि॑तिः,1
अदि॑तिर्जा॒तमदि॑ति॒र्जनि॑त्वम्,1
अदि॑तिर्मा॒ता,1
अदि॑ति॒र्द्यौरदि॑तिर॒न्तरि॑क्षम्,1
अदि॑तेः,1
अदीक्षितस्यापि,1
अदुःखो॑,1
अदुपधावित्यन्ये,1
अदृश्या,1
अदृष्टा,1
अदृष्वा,1
अदेशः,1
अदो॒,1
अद्भिः,1
अद्भ्यो॒,1
अद्यत्वे,1
अद्यापि,1
अद्यारभ्योद्यागप्रापनं,1
अद्यैव,1
अद्राक्षीत्,1
अद्वयं,1
अद्वितीयः,1
अद॑धुर्भाग॒धेय॒ममा॑वास्ये,1
अद॑ब्धव्रतप्रमति॒र्वसि॑ष्ठः,1
अद॑ब्धानि॒,1
अधर्ममात्र,1
अधर्ममात्रस्य,1
अधर्माज्ञानानैश्वर्याख्यं,1
अधर्मादित्रयं,1
अधर्मादित्रयाज्जाता,1
अधस्तनांशद्वयेपि,1
अधस्तात्,1
अधस्तान्मायामयं,1
अधा॑,1
अधिकतायाः,1
अधिकमात्रायां,1
अधिकसमये,1
अधिकस्य,1
अधिका,1
अधिकाः,1
अधिकार,1
अधिकारबलमोक्षपूर्वकं,1
अधिकारभेदात्,1
अधिकारानुगुण्येन,1
अधिकारानुबन्धस्य,1
अधिकारिणः,1
अधिकारी,1
अधिकारीति,1
अधिकारो,1
अधिकार्यादिरूपानुबन्धेष्वत्यर्थः,1
अधिदेवतेव,1
अधिनियमः,1
अधिमात्रत्वमतिशयितत्वम्,1
अधिमात्रोपायाश्च,1
अधिराजाः,1
अधिष्ठानानन्तरं,1
अधिष्ठान्,1
अधिसंवथ्स॑रं,1
अधि॑पतिरसि,1
अधि॑पतीन्करोतु,1
अधि॒,1
अधीने,1
अधुनापि,1
अधुनोच्यते,1
अधोगतिः,1
अधोभागद्वये,1
अधोर्धभागं,1
अध्यक्षः,1
अध्यक्षतायां,1
अध्यक्षस्थानं,1
अध्यक्षेण,1
अध्यनशीलता,1
अध्ययनं,1
अध्ययनाय,1
अध्यात्मपारोक्ष्यं,1
अध्यात्मरामगङ्गेयं,1
अध्यात्मरामायणमेव,1
अध्यापकपदे,1
अध्यापकाः,1
अध्याये,1
अध्यायेऽनुवाकोऽस्ति,1
अध्यायैः,1
अध्युद्भृतम्,1
अध्येका॑दश,1
अध्येतुरध्यापयितुश्च,1
अध्येषेत्,1
अध्य॒मृत॑मसि,1
अध्वशुद्धिखल्वयन्तीक्षेति,1
अध्वा,1
अध॑रान्थ्स॒पत्नान्॑,1
अनः,1
अनङ्गः,1
अनतिक्रम्य,1
अनत्याधान,1
अनधिगतार्थगन्तृ,1
अननुप्राप्य,1
अननुष्टाश्चे,1
अनन्तकृष्णशर्मा,1
अनन्तरत्नान्यादाय,1
अनन्तर्,1
अनन्तशक्तिश्च,1
अनन्तशब्देनापि,1
अनन्तस्य,1
अनन्ता,1
अनन्ताः,1
अनन्तादयः,1
अनन्तादी,1
अनन्ताद्याः,1
अनन्तानाम्,1
अनन्तानि,1
अनन्तायेत्यनन्तस्य,1
अनन्तेन,1
अनन्तो,1
अनन्यम्,1
अनपेक्षम्,1
अनपेक्षिताचार्य,1
अनप्नसः,1
अनप्नसो,1
अनभिव्यक्तचैतन्या,1
अनभिव्यक्तविशेषशब्दमात्रस्वरूपं,1
अनयन्त,1
अनयाससदामुक्यिर्योग्याऽयोग्यविचारिणी,1
अनयोरिति,1
अनर्थं,1
अनर्थका,1
अनलः,1
अनलकर्मा,1
अनल्पेन,1
अनवक्रम्य,1
अनवधिरुत्पादश्चेति,1
अनवधेयवचनोऽश्रद्धेयवचन,1
अनवरतमनन्तपुरुषभोगजननोपचितशक्तेर्मायायाः,1
अनवर्णे,1
अनसा,1
अनागसो,1
अनात्मा,1
अनाथायेति,1
अनादर्तव्यम्,1
अनादिं,1
अनादित्वादेव,1
अनादित्वेन,1
अनादिनिधनं,1
अनादिमलबद्धः,1
अनादिमलमुक्तत्वात्,1
अनादिमलसम्बन्धां,1
अनादिरयं,1
अनादिरूपेण,1
अनादिश्चासावात्मनामनादिसम्बन्धश्चानाद्यावारकः,1
अनादे,1
अनामिकाभ्यां,1
अनायाससिद्धिलाभाद्,1
अनाविलं,1
अनाश्चर्यं,1
अनाश्रिताय,1
अना॑धृष्टाः,1
अनिता,1
अनिन्धनं,1
अनियमः,1
अनिर्मोक्षश्च,1
अनिर्वृत्य,1
अनिवार्यः,1
अनिष्टं,1
अनि॑भृष्टा,1
अनुकूलं,1
अनुक्त्वेति,1
अनुग्रहं,1
अनुग्रहाय,1
अनुग्राह्यः,1
अनुचिन्तयन्,1
अनुच्छेदे,1
अनुजीविपीयमानोच्चषकधारावारिविनोद्यमानास्यशोषरुजि,1
अनुज्ञापयेत्,1
अनुत्पत्तिकैर्,1
अनुत्पन्न,1
अनुत्पन्नशब्दवाच्यः,1
अनुत्पन्नेन,1
अनुत्पादप्रसङ्गाच्च,1
अनुत्पादेन,1
अनुत्पाद्य,1
अनुत॒प्यमा॑ना,1
अनुदान,1
अनुपदवक्ष्यमाण,1
अनुपम,1
अनुपमां,1
अनुपसर्गाच्चेति,1
अनुपसर्गात्परोऽपि,1
अनुपसर्गाद्भाषणेऽपि,1
अनुपातः,1
अनुपादेयत्वेति,1
अनुप्रवेशेन,1
अनुप्राप्तम्,1
अनुप्राप्तुं,1
अनुप्राप्नोति,1
अनुबद्धमनुबन्धिकाभिः,1
अनुभवामि,1
अनुभूतम्,1
अनुभूयतदनन्तरमुक्तिः,1
अनुमानस्य,1
अनुमानेन,1
अनुयाजो,1
अनुरक्तस्य,1
अनुरागश्चात्र,1
अनुलक्ष्य,1
अनुवर्तते,1
अनुवर्त्य,1
अनुवादकश्च,1
अनुवादत्वमात्रेणानभिमतत्व,1
अनुवैद्यानां,1
अनुशतिकादित्वादुभयमदवृद्धिः,1
अनुशासीत,1
अनुशास्यन्ते,1
अनुशिष्यादित्यत्र,1
अनुष्टुब्छन्दोऽतिरिक्तमत्र,1
अनुष्ठेयो,1
अनुसन्धानं,1
अनुसन्धानम्,1
अनुसन्धानेन,1
अनुसर,1
अनुसरणयोग्यं,1
अनुसृतवती,1
अनुस्यूततया,1
अनु॑बध्नाति,1
अनु॑मतिस्त्रि॒ष्टुग्रा॒का,1
अनु॑मत्यै,1
अनु॑मानश्चतुष्ट॒यम्,1
अनु॑वर्तते,1
अनु॒हाय॑,1
अनूबन्ध्योऽस्म्य॑हं,1
अनृ॒णो,1
अनेक,1
अनेकचित्तविभ्रान्ताः,1
अनेकयज्ञदानानि,1
अनेकविधानुपद,1
अनेकशतानि,1
अनेका,1
अनेकात्मा,1
अनेकानि,1
अनेकान्,1
अनेकाभिर्विचित्राभिः,1
अनेकार्थगुणाधारं,1
अनेके,1
अनेनाष्टमूतीनामप्यवस्थितिरुक्ता,1
अनेवन्त्वे,1
अनैवं,1
अन्ग,1
अन्तःकरणसंस्थानां,1
अन्तःकरणाधिष्ठानेन,1
अन्तःप्रविष्ट,1
अन्तःस्था,1
अन्तकाह्वानाक्षरैरिव,1
अन्ततः,1
अन्तरको॒श,1
अन्तरश्मनो,1
अन्तरस्य,1
अन्तरान्तरेण,1
अन्तरिक्ष,1
अन्तरिक्षतापमानस्य,1
अन्तरिक्षसंरचना,1
अन्तरिक्षे,1
अन्तरे,1
अन्तरेण,1
अन्तर्बहिश्च,1
अन्तर्भवति,1
अन्तर्भेदरहितम्,1
अन्तर्मुखागतानां,1
अन्तर्मुखानि,1
अन्तश,1
अन्ताराष्ट्रियं,1
अन्तिकेऽन्त्योच्छ्वासस्य,1
अन्तिम,1
अन्तिमः,1
अन्तिमसप्ताहे,1
अन्तिमा,1
अन्तिमाध्यायस्य,1
अन्तु,1
अन्तेगुणतत्वादि,1
अन्तेवासिना,1
अन्त्यभाण्डस्थिताः,1
अन्त्यात्पदा,1
अन्त्ये,1
अन्त्रादा,1
अन्त॑मः॒,1
अन्धता,1
अन्धताया,1
अन्धेन,1
अन्धो॒,1
अन्धौ,1
अन्ध॑सः,1
अन्नं॑,1
अन्नदानं,1
अन्नदाने,1
अन्नमश्नीत॑,1
अन्नम्,1
अन्ना,1
अन्नादेः,1
अन्न॑वानन्ना॒दो,1
अन्य,1
अन्यं,1
अन्यच्छं,1
अन्यजनान्,1
अन्यतमं,1
अन्यतास्थितस्य,1
अन्यत्रानुपलब्धस्य,1
अन्यत्रापि,1
अन्यथाथः,1
अन्यथाहि,1
अन्यथाऽनन्यदिति,1
अन्यथाऽनवस्थाप्रसङ्गादित्यभिप्रायेणाऽऽह,1
अन्यथैवोपपन्नतामिति,1
अन्यदिति,1
अन्यद्,1
अन्यपदादारभ्य,1
अन्यपरादपि,1
अन्यपरादपीति,1
अन्यमित्यव्यवसथैव,1
अन्यम्,1
अन्यरूपेण,1
अन्यसूत्रोक्तमार्गेण,1
अन्यस्तु,1
अन्यस्मादन्योत्पादात्,1
अन्यस्माद्वा,1
अन्यस्मै,1
अन्यहा,1
अन्या,1
अन्यानि,1
अन्यान्यपि,1
अन्यायाः,1
अन्यासां,1
अन्यूनामाणवं,1
अन्येतु,1
अन्येषामशेषपाशविद्वेषण,1
अन्येऽन्तःकरणं,1
अन्येऽपि,1
अन्योन्य,1
अन्योन्यविकृतित्वात्,1
अन्योन्यस्मै,1
अन्योन्यहारनिहतौ,1
अन्योन्याभिभवाश्रयजननमिथुनवृत्तयश्च,1
अन्योऽन्तर,1
अन्योऽर्थप्रत्ययोऽपरः,1
अन्य॑द्वा,1
अन्वपद्यत,1
अन्वयव्यतिरेकयोर्वेति,1
अन्वयव्यतिरेकाभ्यां,1
अन्वयव्यभिचारः,1
अन्वाश्रितां,1
अन्विद॑नुमते॒,1
अन्विष्टम्,1
अन्वेति,1
अन्वै,1
अन्वैतां,1
अपकल्मषान्,1
अपकासनार्थः,1
अपकासनेन,1
अपक्रमित,1
अपक्रमिते,1
अपग्रहस्य,1
अपघातस्य,1
अपघातानि,1
अपचायामिति,1
अपत्याय,1
अपध्वस्तैर्वस्तिव॑र्णैरि॒व,1
अपनयनमधःप्रापणं,1
अपनीतोपसम्पाद्ये,1
अपप्लावयति,1
अपमान,1
अपमृत्यु,1
अपमृत्युजयार्थं,1
अपरः,1
अपरञ्चास्ति,1
अपरदिशि,1
अपरपक्षे,1
अपराजितया,1
अपराजितो,1
अपराधं,1
अपराधश्च,1
अपरान्,1
अपरिपाच्य,1
अपरिमितसुखनिधिविमलसुदेह,1
अपरिशोध्य,1
अपरे,1
अपरेपक्षे,1
अपरोक्षज्ञानद्वारा,1
अपरोक्षज्ञानसाधनता,1
अपरोक्षज्ञानसाधनम्,1
अपवर्गाभावः,1
अपश्यमहमेतान्थ्सप्त,1
अपश्यमहमेथ्सूर्यमण्डलं,1
अपस्पशत,1
अपहरेः,1
अपान्तरतमो,1
अपाम,1
अपारशक्तिः,1
अपालयत्सर्ववर्णान्पिता,1
अपा॑गूहत,1
अपा॑म॒,1
अपितु,1
अपिधान,1
अपिबन्,1
अपिशब्दादिन्द्रियवर्गे,1
अपिशलस्य,1
अपिशलेरपि,1
अपी,1
अपी॑त,1
अपी॑हि,1
अपी॒ह्या,1
अपुत्रा,1
अपूर्णनिर्माणे,1
अपूर्व,1
अपूर्वं,1
अपूर्वकोत्पाद,1
अपृथक्कृतसाध्यो,1
अपृथग्धीः,1
अपेतो॑,1
अपे॑त॒,1
अपै॑तं,1
अपो,1
अपोवह्नौ,1
अपो॒ऽश्नन्ति॑,1
अप्तत्वाधिपाय,1
अप्तत्वाय,1
अप्तित्वं,1
अप्पधिपत्वमस्य,1
अप्पधिपाय,1
अप्पाणं,1
अप्पाणअं,1
अप्प्रत्यय,1
अप्यङ्गरागजननाय,1
अप्यत्र,1
अप्यनुवादत्वाविशेषादिति,1
अप्यासीत्,1
अप्युत्तमाधममध्यमभेदभिन्नाः,1
अप्युपलक्षिताः,1
अप्येकयैवैकविँ,1
अप्येते,1
अप्येवं,1
अप्रणिहितं,1
अप्रतिमं,1
अप्रत्यक्षाणां,1
अप्रबुद्धः,1
अप्रमत्तश्च,1
अप्रमत्तश्चरेद्भैक्ष्यं,1
अप्रमाणमिति,1
अप्रमादश्च,1
अप्रयुक्ता,1
अप्रवर्त्य,1
अप्रसक्तेरुदित्करमं,1
अप्राणिजातिवाचन,1
अप्राणिजातेश्चेति,1
अप्राप्तगुणभावे,1
अप्राप्तानस्त्रमायाभिरग्रसत्सात्यकिः,1
अप्राप्य,1
अप्र॑तीत्त॒म्मयि॒,1
अप्र॑युच्छन्न्,1
अप्सु,1
अप्स॒रसः॑,1
अप॑क्रामत,1
अप॑श्यन्तो,1
अप॑सस्पा॒रे,1
अप॒स्युवो॒,1
अफ्गानस्य,1
अफ्गानिस्थानतः,1
अफ्गानिस्थानस्य,1
अफ्गानिस्थाने,1
अफ्गान्,1
अफ्सु,1
अफ्‌गानस्य,1
अबाधो,1
अबोवे,1
अब्द,1
अब्दे,1
अब्रवीत्,1
अब्रूत,1
अब्लिङ्गैः,1
अभक्तम्,1
अभक्षयत्,1
अभयं,1
अभया,1
अभवच्च,1
अभवम्,1
अभाग्यया,1
अभार्यम्,1
अभावनं,1
अभावश्च,1
अभावस्य,1
अभावात्,1
अभावे,1
अभिजनवान्,1
अभितः,1
अभिधून्वता॑,1
अभिधून्वन्तोऽभिघ्न॑न्त,1
अभिध्यालुर्,1
अभिप्रसिद्धा,1
अभिप्रायः,1
अभिभवे,1
अभिभूयमानमभावेन,1
अभिमन्त्र्यषडङ्गेन,1
अभिमुख्यां,1
अभिरुचे,1
अभिवर्णितवान्,1
अभिवाञ्च्य,1
अभिविधिर्नाम्,1
अभिविधिश्चेति,1
अभिवृद्धिं,1
अभिवृद्धिः,1
अभिव्यज्यन्ते,1
अभिव्याप्य,1
अभिशस्तेर्,1
अभिषिक्तः,1
अभिषुत,1
अभिषेकतो,1
अभिषेकरहितेत्यर्थः,1
अभिषेकान्ते,1
अभिषेक्,1
अभिष्यन्दो,1
अभिसमाचारिकान्,1
अभिहिता,1
अभीष्टेत्यर्थः,1
अभूव॒न्,1
अभू॒माद॑र्श्म॒,1
अभू॒माम॑न्महि,1
अभेदभावरूपोऽद्वैतयोगश्च,1
अभेदेनैव,1
अभ्यतप,1
अभ्यद्रवत्सुसङ्क्रुद्धो,1
अभ्यधावत,1
अभ्यनुज्ञायां,1
अभ्ययुर्धरणीं,1
अभ्यर्थितम्,1
अभ्यर्थितवान्,1
अभ्यसंहर,1
अभ्यस्ताः,1
अभ्यस्याब्दत्रयं,1
अभ्यासः,1
अभ्यासह्यस्वे,1
अभ्यासेन,1
अभ्यासेन्ति,1
अभ्युत्थितः,1
अभ्युदयापवर्ग,1
अभ्युपगम्येत्यर्थः,1
अभ्येत्य,1
अभ्रकस्य,1
अभ्रा,1
अभ्स्,1
अभ॑वन्प॒रासु॑रा॒,1
अमन्यत,1
अमरीकया,1
अमरीकाया,1
अमरेशः,1
अमरेशादि,1
अमरोलीप्रदेशे,1
अमर्त्य,1
अमलत्वादेव,1
अमात्यगणपरिवृत्तः,1
अमात्यगुणवृत्तिश्च,1
अमाद्यदिन्द्रः,1
अमि॑थितः,1
अमुं,1
अमुख्ये,1
अमुञ्चो,1
अमुतो,1
अमुत्राहम्,1
अमुमेव,1
अमुष्मिन्लोके,1
अमूँल्लोकान,1
अमूल्याभरणानि,1
अमृतं,1
अमृतत्वं,1
अमृतात्मिकायै,1
अमेध्याशनिपातश्च,1
अमेरिकस्य,1
अमेरिक्कस्य,1
अमोघेति,1
अम्बलाल्,1
अम्बादि,1
अम्बिकावल्लभो,1
अयः,1
अयच्छत्,1
अयमकुशः,1
अयमत्र,1
अयमधिराजराजशब्दार्थः,1
अयमेतदन्नं,1
अयस्कान्तसन्निधानादयस,1
अयस्काराद्,1
अयागमधुना,1
अयादेशे,1
अया॑तयामा॒नीत्यया॑त,1
अया॑तयामा॒न्यव॑,1
अयीयतत्,1
अयुक्तम्,1
अयुद्धं,1
अयो,1
अयोगेति,1
अयोग्यत्वान्,1
अयोध्ययां,1
अयोध्या,1
अयोध्यागमनं,1
अयोध्यामगमद्रामो,1
अयोध्यायां,1
अयोध्यायाः,1
अयोमुखीयमिति,1
अय्थोद्देशं,1
अय्यर,1
अय॑थादेवतं,1
अय॑ने॒,1
अरण्ये॑ऽधीयी॒त,1
अरण्ये॑ऽधीयी॒रन्न्,1
अरतिपरिगृहीतमीर्ष्ययेव,1
अरब,1
अरविन्दाश्रमेन,1
अरातयः,1
अरिः,1
अरि॑ष्टं॒,1
अरुणप्रश्नः,1
अरुणाः,1
अरुणाचलोत्सवपद्धत्यां,1
अरुणीरप,1
अरुणोदयः,1
अरुणोदयवेलायां,1
अरुण्,1
अरुस्राणमिदं,1
अरूपानग्निधूमेति,1
अरूपिन्नप्यरूपिन्यै,1
अरोगाङ्गा,1
अरोपणाय,1
अर्,1
अर्कस्तस्यान्नमेव,1
अर्काय,1
अर्घ्यमर्घ्यमिति,1
अर्चयित्वाच्युतं,1
अर्चिष्मत्यां,1
अर्च्छनीया,1
अर्च्या,1
अर्जुनः,1
अर्जुनस्य,1
अर्जुनेन,1
अर्थना,1
अर्थभावनमित्यनेन,1
अर्थवादव्यापारात्मा,1
अर्थहानिर्विवित्सा,1
अर्थहेतोर्हि,1
अर्थाद्,1
अर्थान्तरं,1
अर्थापनं,1
अर्थिषु,1
अर्थौ,1
अर्धचन्द्रमिदं,1
अर्धमासा॑,1
अर्धहोरायाः,1
अर्पि॑ताः,1
अर्बन्,1
अर्बुदानि,1
अर्षा,1
अर्हत्त्वे,1
अर्हसीति,1
अर॒पा,1
अलंक्रियते,1
अलक्षणाः,1
अलङ्कार,1
अलङ्कारः,1
अलङ्कारकारेणाप्युक्तम्,1
अलङ्कृतां,1
अलभन्त,1
अलम्,1
अलाबूरिति,1
अलाबूशब्दस्य,1
अलाबूशब्दादूङन्तात्सुबुत्पत्तिः,1
अलाबूशब्दादूङि,1
अलाब्वा,1
अलाब्वेति,1
अलास्क,1
अलिखत्,1
अलीकगमनं,1
अलुलोकत्,1
अलुलोचदित्यत्र,1
अल्सो,1
अवः,1
अवकल्कनवृत्तेः,1
अवकल्कनवृत्तेर्भूधातोर्णिच्,1
अवकाशः,1
अवकाशस्यास्पदस्य,1
अवक्रमितुं,1
अवगतं,1
अवङ्,1
अवतंसयतीति,1
अवधानादिना,1
अवधेयं,1
अवपतन्ताना,1
अवपतन्तीना,1
अवपूर्वः,1
अवप॑तन्ता॒श्च,1
अवबुध्यते,1
अवभृथं,1
अवमानहतश्चासीत्तेषामपि,1
अवयवाः,1
अवयवान्तरराहित्यान्न्यूनं,1
अवयोः,1
अवरगोदानीयकानां,1
अवरुद्धा,1
अवरोद्धुं,1
अवलोकनं,1
अवशः,1
अवशइष्टावुदानसमानौ,1
अवशिष्टानि,1
अवशिष्टे,1
अवश्यनेयं,1
अवश्यम्,1
अवश्यम्भाव्यं,1
अवसितम्,1
अवस्थानां,1
अवस्थितेत्यर्थः,1
अवा,1
अवाङ्मानस,1
अवान्तस्तुरव्यवृत्तिर्जगति,1
अवाप्तिरेव,1
अवाप्नुवन्तीति,1
अवारितं,1
अवासृजः,1
अवा॑हाः,1
अविकल्पं,1
अविकारमनाद्यन्तं,1
अविकारित्वात्,1
अविकारोऽप्रमेयोऽहमव्यक्तो,1
अविच्छिन्नं,1
अविच्छिन्नदीयमानकमलकुमुदेन्दीवरदलम्,1
अविच्छिन्नस्य,1
अविद्यमान,1
अविधानादिति,1
अविनाभाविनी,1
अविभक्ताः,1
अविभागस्थिता,1
अविभाव्य,1
अविभुत्वात्,1
अविभुत्वे,1
अविभुत्वेन,1
अविभौ,1
अविरतचन्दनचर्चापराणां,1
अविरतसञ्चरदबलाचरणतलालक्तकद्रवारुणितम्,1
अविवेकिनः,1
अविवेचितस्वरूपा,1
अविशब्दनार्थकाद्धुषधातोर्निष्ठ,1
अविशेषो,1
अविष्यामनु,1
अवृणीत,1
अवेहि,1
अवैराग्यलक्षणस्य,1
अवोचत्,1
अव्च्,1
अव्प्र्,1
अव्यक्त,1
अव्यक्ततां,1
अव्यक्तबुद्ध्यहंकारतन्मात्रासंभवां,1
अव्यक्तमिति,1
अव्यक्तव्यक्तो,1
अव्यक्तेन,1
अव्यग्रो,1
अव्यवहित,1
अव्यापकाश्चाधर्मादयो,1
अव्याप्तिप्रसक्त्यभावादिति,1
अव्यो,1
अव॑थः,1
अव॑द्र॒फ्सो,1
अव॑रुध्या॒,1
अव॑रुध्यै॒,1
अव॑सि,1
अव॒शीय॑न्ते॒,1
अव॒सा,1
अशकदिति,1
अशक्तः,1
अशक्ताः,1
अशक्तिरप्रवृत्तत्वात्,1
अशक्तिर्देववैकल्यादसामर्थ्यं,1
अशक्यम्,1
अशिश्रे॒च्छुचे,1
अशीतोष्णो,1
अशीतोष्णौ,1
अशुचौ,1
अशुद्धाध्वनि,1
अशुद्धिः,1
अशुद्धिरित्येव,1
अशुध्वनि,1
अशृङ्गा,1
अशेत,1
अशेषं,1
अशेषपाशविश्वेषो,1
अशोकं,1
अश्नो॒त्यन्ति॑तो॒,1
अश्मनी,1
अश्रान्तपरिश्रमं,1
अश्रुतानि,1
अश्वः॑,1
अश्वकर्णगिरिर्महापर्वतराजः,1
अश्वमेधयाजिनमिति,1
अश्वमेधे,1
अश्वा॑वन्त,1
अश्विनः,1
अश्विन्,1
अश्विन्यजाय,1
अश्वे॑षु,1
अश्व॑स्य॒,1
अष्कृधोयुरजरः,1
अष्ट,1
अष्टत्वादयः,1
अष्टदष्ट्याधिकं,1
अष्टपक्षे,1
अष्टमी,1
अष्टमीं,1
अष्टमूर्तयः,1
अष्टमे,1
अष्टषष्टिरियं,1
अष्टषष्टिषु,1
अष्टषष्टिसु,1
अष्टषष्ट्यधिकं,1
अष्टषष्ट्युद्भवं,1
अष्टसंस्कारितं,1
अष्टसहस्रं,1
अष्टाकपालादिप्ररोचनार्था,1
अष्टाक्षरं,1
अष्टाक्षराणि,1
अष्टाक्षरेण,1
अष्टाङ्गहृदय,1
अष्टाङ्गहृदयकृद्,1
अष्टाचत्वारिंशदिष्टकान्त्स,1
अष्टादशोऽध्यायः,1
अष्टाध्यायी,1
अष्टाध्यायीम्,1
अष्टाध्याय्याः,1
अष्टार्णं,1
अष्टोत्तर,1
अष्टोत्तरशतं,1
अष्टोत्तरशतंयावत्फलहस्तः,1
असंभवपरिहारः,1
असंयतं,1
असंस्तुता,1
असंहत्यैव,1
असङ्गतिशङ्कायां,1
असतोऽतद्विषयत्वेनाप्रमाणत्वात्,1
असत्सु,1
असदिति,1
असद्भाव,1
असमञ्जस्य,1
असमर्थता,1
असम्मूढः,1
असरम्,1
असश्चत,1
असाध्यं,1
असाध्यत्वात्,1
असामान्यो,1
असा॑म,1
असिताङ्गभैरवनाथाय,1
असिताङ्गोरुरुश्चण्डः,1
असितेक्षणानां,1
असि॑तवर्णा॒,1
असीत्,1
असीमलावण्यरदच्छदेत्थं,1
असुपः,1
असुराणां,1
असुरान्,1
असुरान्प्र,1
असु॑रानजय॒न्,1
असृज्यन्त,1
असृज्येतां,1
असोमपा,1
अस्तभ्यम्,1
अस्तित्वे,1
अस्तो॑षत॒,1
अस्त्य्,1
अस्त्र,1
अस्त्रं,1
अस्त्वेभ्यः,1
अस्त्व्,1
अस्थाने,1
अस्थिसङ्करकायेन,1
अस्थ्य॒स्थ्ना,1
अस्मत्,1
अस्मत्किल,1
अस्मत्कुलक्रममुदारमुदाहरद्भिरन्यैश्च,1
अस्मत्तः,1
अस्माकम्,1
अस्मात्,1
अस्मात्प्रमाणात्,1
अस्मात्प्रविश्यान्न॑मद्धी॒ति,1
अस्माभिरिति,1
अस्याध्यायैककथनाद्,1
अस्याभिनयो,1
अस्यार्थः,1
अस्याश्च,1
अस्यास्तु,1
अस्योभमनवद्यञ्च,1
अस्य्,1
अस्वास्थ्यप्रदः,1
अस॑तः,1
अस॑त्,1
अस॒दत्र॑,1
अह,1
अहः॑,1
अहङ्कारतत्वाधिपत्वमस्याभिमानं,1
अहङ्कारवृत्त्यात्मकप्रत्ययोऽर्थप्रत्ययादन्य,1
अहङ्कारादिभूतान्तानां,1
अहङ्कारेऽप्ययं,1
अहन्यहनि,1
अहमदाबादमण्डलम्,1
अहरहः,1
अहरहर्वा,1
अहर्निशं,1
अहल्याशापशमनं,1
अहश्च,1
अहानेका,1
अहिंस्यः,1
अहिच्छत्रपुरस्य,1
अहिदैत्येनावरुद्धानामपि,1
अहिर्बुध्न्यार्यमाग्नेययाम्यभेषु,1
अहिल्याख्यानमेव,1
अहिल्येश्वरदेवस्य,1
अहुतादो,1
अहेःकुण्डलस्य,1
अहेडमाना,1
अहेतुक,1
अहेर्,1
अहे॑,1
अहोरात्रव्रतस्यैवं,1
अहो॑भिर॒द्भिर॒क्तु,1
अह्नः,1
अह्नो॑,1
अह्नो॒ऽग्निः,1
अह्यर्षूणां,1
अह॑रह॒र्गर्भं॑,1
अैतु॒,1
अ॑का॒मा,1
अ॑कृण्वन्न॒मृत॑स्य॒,1
अ॑गस्त्य॒श्च,1
अ॑गायत्,1
अ॑ग्ने॒,1
अ॑ग्न॒,1
अ॑चुच्यवुर्दि॒वो,1
अ॑जायथाः,1
अ॑जिरा॒प्रभुः,1
अ॑जुहो॒थ्सा,1
अ॑तिलो॒हिताः,1
अ॑द्रि॒जा,1
अ॑धूषत,1
अ॑ध्व॒र्युः,1
अ॑ध्व॒र्युर्यज॑मानस्ये॒ष्टर्गः॒,1
अ॑ध्व॒र्युश्च॒,1
अ॑नमी॒वो,1
अ॑नायत॒ना,1
अ॑नावन्न्,1
अ॑नुस॒ञ्चर॑न्ति,1
अ॑पा॒नं,1
अ॑प्र॒त्यसु॑रस्य,1
अ॑प्स॒रसो॑,1
अ॑भूव॒न्निति॒,1
अ॑भ्याता॒नानृ॑ता॒षाड्रा॒ष्ट्रका॑माय॒,1
अ॑मन्यन्ता॒मी,1
अ॑मिनन्त॒,1
अ॑मृत॒त्वमा॑नशुः,1
अ॑रु॒णः,1
अ॑वन्तु,1
अ॑श्नुते,1
अ॑श्व॒सनि॒र्यो,1
अ॑सञ्च॒यवान्,1
अ॑सदथ्सु॒दक्षः॑,1
अ॑सन्न्,1
अ॑सुर,1
अ॑स्ति,1
अ॑स्ति॒,1
अ॑स्यै॒ते,1
अ॑स्यै॒ष,1
अ॑होरा॒त्राणि॑,1
अ॒कृ॒ष्टा,1
अ॒क्षय्या,1
अ॒क्षरा,1
अ॒क्षेषु॑,1
अ॒क्ष्णयोः,1
अ॒ग्न,1
अ॒ग्नये,1
अ॒ग्नये॑,1
अ॒ग्नये॒,1
अ॒ग्नयो॑,1
अ॒ग्निजि॑ह्वा,1
अ॒ग्निना॒,1
अ॒ग्निना॒ग्निः,1
अ॒ग्निमि॑च्छध्वं॒,1
अ॒ग्निरुद॑तिष्ठत्,1
अ॒ग्निरुप॑,1
अ॒ग्निरे॒वाव॑मो,1
अ॒ग्निर्गा॑य॒त्रछ॑न्दा॒स्तं,1
अ॒ग्निर्गृ॒हप॑ति॒रावि॑न्न॒,1
अ॒ग्निर्दे॒वता॑,1
अ॒ग्निर्दे॒वानां,1
अ॒ग्निर्भू॒ताना॒मधि॑पतिः॒,1
अ॒ग्निर्वा,1
अ॒ग्निर्वाव,1
अ॒ग्निर्वि॒भ्राष्टि॑वसनः,1
अ॒ग्निर्वै,1
अ॒ग्निश्चा॑दि॒त्य॒श्च॑,1
अ॒ग्निश्च॑,1
अ॒ग्निस्तदनु॑वेधति,1
अ॒ग्निस्ता,1
अ॒ग्निस्त्रीणि॑,1
अ॒ग्नी॒षो॒मीयं॒,1
अ॒ग्ने,1
अ॒ग्नेरा॒यत॑नम्,1
अ॒ग्नेर्मि॑थू॒याः,1
अ॒ग्नेर्वृ॒त्रः,1
अ॒ग्नेस्तैका॑दश,1
अ॒ग्न॒,1
अ॒ग्री॒वः,1
अ॒घातु॑का॒,1
अ॒ङ्गानि॑,1
अ॒चु॒च्य॒वु॒रित्या॑ह,1
अ॒चेता॑,1
अ॒जर॒मित्य॒जर,1
अ॒जासि॑,1
अ॒ञ्ज॒लिना॑,1
अ॒तुर्य॑थुः,1
अ॒त्यू॒र्ध्वा॒क्षोऽति॑रश्चात्,1
अ॒द्भ्यस्तिरो॒ऽधाऽजा॑यत,1
अ॒द्भ्यो,1
अ॒द्यमा॑नाः,1
अ॒द्याह्नः॒,1
अ॒ध्व॒र्युर्वा,1
अ॒ध्व॒र्योर्वा॒,1
अ॒नयो॒र्वा,1
अ॒ना॒भो॒गाः,1
अ॒ना॒व॒न्,1
अ॒नु॒ल्ब॒णं,1
अ॒नु॒ष्टुप्त्व॑र्त॒पाश्च॑,1
अ॒न्तरि॑क्षं॒,1
अ॒न्तरि॑क्षम्,1
अ॒न्तरि॑क्षात्प्र॒सर्प॑न्त॒न्त्रय॑स्त्रि,1
अ॒न्तरि॑क्षेन,1
अ॒न्तरि॑क्षे॒,1
अ॒न्त॒रि॒क्ष॒प्रुड्भि॒रपो॑दकाभिः,1
अ॒न्त॒र॒तः,1
अ॒न्धो,1
अ॒न्यत्,1
अ॒न्यद्य॑ज॒तं,1
अ॒न्यद॑व॒द्येदु॒परि॑ष्टाद॒न्यत्पु॒रस्ता॒द्वै,1
अ॒न्ये,1
अ॒न्योन्यं॒,1
अ॒न्ववै॒दित्य॑नु॒ऽअवै॑त्,1
अ॒न्ववै॒दिन्द्र॑,1
अ॒न्वेति॒,1
अ॒पामे॒व,1
अ॒पामोष॑धीनां॒,1
अ॒पाश्न्यु॑ष्णि,1
अ॒प्सु,1
अ॒प॒श्य॒दित्य॑पश्यत्,1
अ॒प॒हनी॑त,1
अ॒फ्सु,1
अ॒फ्सुषा॑,1
अ॒फ्सु॒षदो॑,1
अ॒फ्सु॒षद॒,1
अ॒बीष्टका॒,1
अ॒बीष्ट॑का॒,1
अ॒भिजि॑त्या॒,1
अ॒भितो॑,1
अ॒भिभू,1
अ॒भिर॑क्षति,1
अ॒भि॒चर,1
अ॒भी॒प॒तो,1
अ॒भ्यैक्ष॑न्त॒,1
अ॒भ्रव॑र्णेषु॒,1
अ॒भ्रिय॑स्यऽइव,1
अ॒भ्रिय॑स्येव॒,1
अ॒मित्रा॑णामस्य॒,1
अ॒मी,1
अ॒मुतः॒,1
अ॒मुत्रे॒तरे,1
अ॒मुमा॑दि॒त्यं,1
अ॒मुमा॑हुः,1
अ॒मुष्मि॑ल्लोँ॒के,1
अ॒मुष्या॑मे॒व,1
अ॒मुष्य॒,1
अ॒मू,1
अ॒मूना॒दय॑तेत्य॒न्यान्,1
अ॒मूनि॒,1
अ॒मूमे॒व,1
अ॒मृताः॒,1
अ॒मृते॑नाऽऽवृ॒तां,1
अ॒मृते॑न॒,1
अ॒मृत॒स्यान॑न्तरित्यै,1
अ॒य,1
अ॒यमु॒,1
अ॒यम्,1
अ॒यम॒ग्निरु॑रुष्यत्य॒मृता॑दिव॒,1
अ॒रा॒ती॒यन्त॒मध॑रं,1
अ॒रु॒णाश्वा॑,1
अ॒र्काः,1
अ॒र्थेतः॑,1
अ॒र्वागित्य॒र्वाक्,1
अ॒र्वाङे॒तेन॑,1
अ॒वमं॑,1
अ॒व॒रे॒,1
अ॒शृता॑सः,1
अ॒श्विना॑,1
अ॒श्विनोः॑,1
अ॒श्वी,1
अ॒ष्टप॑त्नीमि॒मां,1
अ॒ष्टप॑त्नीम॒मूं,1
अ॒ष्टप॑दि॒दम॒न्तरि॑क्षम्,1
अ॒ष्टयो,1
अ॒ष्टाच॑क्रा॒,1
अ॒ष्टाप्रू॒ड्ढिर॑ण्यं॒,1
अ॒ष्टाप॑दी,1
अ॒ष्टाप॑दी॒,1
अ॒ष्टावि,1
अ॒ष्टिव॑ज्रिश॒तघ्नि॑,1
अ॒ष्टौ,1
अ॒ष्टौदि॒ग्वास॑सो॒,1
अ॒सीति॑,1
अ॒स्त्वन्त॑र॒न्तद्यु॑योत,1
अ॒स्त्वित्या॑ह॒,1
अ॒स्मत्,1
अ॒स्मदी॑षते,1
अ॒स्मभ्यं॑,1
अ॒स्मा,1
अ॒स्माकं॑,1
अ॒स्माक॑मस्तु॒,1
अ॒स्माज्जा॒ता,1
अ॒स्मान्,1
अ॒स्मान॒स्मिन्द्वि॒तीये॒,1
अ॒स्माल्लो॒काद॑मुष्मा॒च्च,1
अ॒स्मिन्ब्रह्म॑न्न॒स्मिन्क्ष॒त्रे,1
अ॒स्याकू॑तिं॒,1
अ॒स्यामे॒व,1
अ॒स्या॒,1
अ॒स्या॒ग्र॒य॒णः,1
अ॒स्यूर्ज॒म्मह्य,1
अ॒स्यै,1
अ॒स॒ङ्ख्या॒ताः,1
अ॒हता॑नि,1
अ॒हम्,1
अ॒हम्प॒रस्ता॑द॒हम॒वस्ता॑द॒हं,1
आंग्लमाध्यमशाला,1
आंग्लस्कूल्,1
आकर्षकं,1
आकवरस्य,1
आकस्मिकेन,1
आकाङ्क्षणीयत्वमुचितं,1
आकार,1
आकारेणानुरञ्जिता,1
आकाशतत्वाधिपाय,1
आकाशतत्वाय,1
आकाशमीशानब्रह्माधिष्ठितम्,1
आकाशमूतिः,1
आकाशस्तस्मिञ्छेते,1
आकाशाधिपतये,1
आकाशाधिपत्वमस्यावकाशदानं,1
आकाशाय,1
आकाशे,1
आकुले,1
आकुस्मा,1
आकुस्मादात्मनेपदिनः,1
आकुस्मीयत्वेन,1
आकुस्मीयमिति,1
आकूज॑तीरि॒व,1
आकू॑तय,1
आकृष्य,1
आक्टीव्,1
आक्रन्द,1
आक्रमणानि,1
आखेटाय,1
आख्याता,1
आख्याताः,1
आख्याप्य,1
आख्याप्येति,1
आख्यायस्य,1
आख्याहि,1
आगच्छ,1
आगच्छद्,1
आगच्छन्तः,1
आगच्छेत्,1
आगता,1
आगतेऽन्यस्मिन्वार्हत्युक्षाणं,1
आगत्य,1
आगन्तव्याः,1
आगन्ता,1
आगन्तुं,1
आगमनवेलायाम्,1
आगमनेन,1
आगमात्परमस्तीति,1
आगहि,1
आगामि,1
आगामिषु,1
आगोलतलेषु,1
आग्नये,1
आग्नावैष्ण॒वमेका॑दशकपालम्पु॒रस्ता॒न्निर्व॑पे॒थ्सर॑स्वत्यै,1
आग्निराशे,1
आग्नेयं,1
आग्नेय्यां,1
आग्ने॒यम॒ष्टाक॑पालम्पु॒रस्ता॒न्निर्व॑पेद॒ग्ने,1
आग्रय॒णस्य॒,1
आग॑न्म,1
आघातवधबन्धैश्च,1
आघारप्रभृत्याऽग्निमुखात्कृत्वा,1
आङभिविधाविति,1
आङभिविधौ,1
आङ्,1
आङ्क्ते,1
आङ्ग्लानुवादेन,1
आङ्पूर्वः,1
आचरणीयम्,1
आचरन्ति,1
आचर्यते,1
आचष्टे,1
आचारकाण्डे,1
आचारपरम्परापरिगृहीतानि,1
आचार्यं,1
आचार्यकुलाद्वेदमधीत्य,1
आचार्यगोचरे,1
आचार्यमूर्तिमास्थाय,1
आचार्यमूर्त्यो,1
आचार्यरूपमधिष्ठायैव,1
आचार्यविषये,1
आचार्यशङ्करेण,1
आचार्यशिल्पिश्चैव,1
आचार्यश्च,1
आचार्यस्थानं,1
आचार्यस्य,1
आचार्यस्वस्येतिशेषः,1
आचार्याः,1
आचार्यात्,1
आचार्यादयः,1
आचार्ये,1
आचार्येणैव,1
आचार्योयं,1
आचितां,1
आच्छादयति,1
आजगाम,1
आजहार,1
आजा॑यते॒,1
आजीविकायाः,1
आजीव्यः,1
आज्ञया,1
आज्ञा,1
आज्ञापयतीति,1
आज्यं,1
आज्यावेक्षणदानं,1
आज्येन,1
आज्ये॑,1
आज्य॑न्तेज॒स्व्ये॑व,1
आज्य॒,1
आट्टूर्,1
आढकी,1
आढ्यः,1
आण्ड॑पीताः,1
आतङ्कवादान्,1
आतङ्कवादिनां,1
आतापी,1
आतिथ्यं,1
आतिवाहिकदेहस्थं,1
आतुरः,1
आतुरालयं,1
आतुरालयतः,1
आतुरालयस्य,1
आतुरालयस्वामिनां,1
आते,1
आत्,1
आत्मगुणस्य,1
आत्मचरितम्,1
आत्मचित्त्वदर्शनं,1
आत्मचैतन्यस्य,1
आत्मजस्य,1
आत्मज्योतियेव,1
आत्मतत्त्वे,1
आत्मतत्वं,1
आत्मतृप्तः,1
आत्मदेहविघातेन,1
आत्मन,1
आत्मनामप्यनेकत्वमत,1
आत्मनुं,1
आत्मनेपदविधानं,1
आत्मनोऽर्धं,1
आत्मन्यनुरागावेशितचित्तः,1
आत्मन्येव,1
आत्मबलं,1
आत्मभूता,1
आत्ममांसोपमं,1
आत्मरतिः,1
आत्मवस्वतः,1
आत्माख्यं,1
आत्मादिभ्रमः,1
आत्मानं,1
आत्मानन्दमय,1
आत्मानमिति,1
आत्मानमेव,1
आत्मानम्,1
आत्मान्तर्याम्यमृतोऽदृष्टो,1
आत्माभ्युपगम्यते,1
आत्माय,1
आत्मावरकत्वग्नेरौष्णमिव,1
आत्मावारकमलादेव,1
आत्माश्रमिणः,1
आत्मास्वरूपम्,1
आत्मीकृतमस्वास्थ्येन,1
आत्मीये,1
आत्मेत्युक्तम्,1
आत॑नुष्व॒,1
आददाति,1
आदन्तत्वात्पुक्,1
आदरसूचकतया,1
आदरा,1
आदर्शनिष्ठं,1
आदर्शमयजीवनं,1
आदानेऽभिधेये,1
आदावेव,1
आदिः,1
आदिकर्मोदीर्णभृशार्थैश्वर्यसंभववियोगनियोगतृप्तिशुद्धीच्छाशक्तिशांतिपूजाग्रदर्शनेषु,1
आदिकाव्ये,1
आदित्यदेवत,1
आदित्यस्य,1
आदित्यादीन्ग्रहानिष्ट्वा,1
आदित्यानामादि,1
आदित्या॑,1
आदित्य॒,1
आदित्सितं,1
आदिदेवं,1
आदिना,1
आदिपदेनोत्तरार्धोक्तभाषणादेरपि,1
आदिपर्वणि,1
आदिभिर्,1
आदिमध्यान्तसंरुद्धा,1
आदिमान्,1
आदिरव्यक्तरूपः,1
आदिर्यस्या,1
आदि॒त्य,1
आदि॒त्यमे॒व,1
आदि॒त्यस्य॑,1
आदि॒त्यास्त्वा॒,1
आदि॒त्येभ्यो॒,1
आदि॒त्यैरु॑त्तर॒त,1
आदेशः,1
आदेष्टुम्,1
आदौ,1
आद्यं,1
आद्यका,1
आद्यद्वितीयौ,1
आद्यस्य,1
आद्यास्त्रयष्टान्ताः,1
आद्रवणादित्युत्ताम्,1
आद्राव्रतविधिः,1
आधयोऽभिभविष्यन्ति,1
आधारं,1
आधारः,1
आधिक्यं,1
आधिक्यादिशङ्कया,1
आधिक्यादिशङ्का,1
आधिक्यादिशङ्केत्यर्थ,1
आधिक्यादिशङ्कोदयमङ्गीकृत्य,1
आधिव्याधिविपद्व्रजप्रतिहतैर्दीनैर्नितान्तं,1
आधुनिकभारतस्य,1
आधुनिका,1
आधुनिकान्ध्रजगति,1
आधेयवर्णनम्,1
आध्यात्मिकेभ्योऽपि,1
आनञ्ज॒,1
आननैर्विकृतैश्चान्यैः,1
आनन्द,1
आनन्दं,1
आनन्दगमनोत्सर्गवचनादानकर्मणाम्,1
आनन्दनगरी,1
आनन्दमयनये,1
आनन्दमूर्तिरचलः,1
आनन्दसान्द्रममलं,1
आनन्दादिक्रियाहेतुत्वेनोपस्थादीनि,1
आनन्दादिभिः,1
आनन्दादिभिरेतैस्तु,1
आनन्दे,1
आनयत्परावतः,1
आनयनाय,1
आनयिष्यति,1
आनयैनं,1
आनह्यते,1
आनीतानि,1
आनुमानिकीति,1
आनुश्रविक,1
आने,1
आन्तर,1
आन्तरव्यावृत्तिः,1
आन्तरस्फोटरूपं,1
आन्तरि॑क्षाद्दि॒वस्परि॑,1
आन्तरो,1
आन॒ड्,1
आपः॒,1
आपतितेऽपि,1
आपत्सु,1
आपदां,1
आपद्भिः,1
आपन्ना,1
आपपू,1
आपश्चुक्षुभिरे,1
आपि,1
आपिशलिं,1
आपूरः,1
आपूरयन्ति,1
आपूर्यपक्षाद्यान्,1
आपूर्यमाणं,1
आपूर्यमाणपक्षं,1
आपूर्यमाणमचलप्रतिष्ठं,1
आपूर्यमाणमिति,1
आपूर्यमाणम्,1
आपो॑ददृ॒शुषी॑,1
आप्,1
आप्तः,1
आप्नो॒ति,1
आप्य्तावने,1
आप्राचीनात्,1
आप्ल॑वस्व॒,1
आप्स्,1
आप॑,1
आभरणाइं,1
आभरणानां,1
आभरणानीन्दीवरिका,1
आभरणेहिं,1
आभरणैर्,1
आभाति,1
आभारतं,1
आभासस्तु,1
आभासस्त्वपरं,1
आभिसमाचारिकान्,1
आभोगास्त्वेव॑,1
आभ्यन्तरं,1
आभ्यन्तरकार्यदर्शी,1
आभ्यो,1
आमं,1
आमयं,1
आमया॒वी,1
आमिण्न,1
आमिषदानेन,1
आमूर्तं,1
आम॒न्द्रैरि॑न्द्र॒,1
आयं,1
आयसूयान्थ्सोम॑तृफ्सु॒षु,1
आयस्मि,1
आयाति,1
आयु,1
आयुः॑,1
आयुधसंविधानानि,1
आयुरेति,1
आयुर्वेदः,1
आयुषः,1
आयुषम्,1
आयुषे,1
आयुष्मान्,1
आयु॑षा॒भि,1
आयु॑षि॒,1
आयु॑षे,1
आयु॑षो॒,1
आयू,1
आयोक्ष्यते,1
आयोक्ष्यमाणायाः,1
आयोगः,1
आयोगस्य,1
आयोजकानां,1
आयोजनम्,1
आयोजयन्ति,1
आयोज्य,1
आय॑ताम्प्र॒तीक्ष॑त,1
आरक्षकः,1
आरक्षकाः,1
आरक्षकान्,1
आरक्षणाय,1
आरणः,1
आरण्णिए,1
आरण्यकमस्ति,1
आरण्यकमिदं,1
आरण्यजीवनं,1
आरण्यिके,1
आरब्धवान्,1
आरब्धव्यं,1
आरब्धुं,1
आरभत,1
आरम्भं,1
आरम्भः,1
आरम्भते,1
आरम्भयितुं,1
आरम्भाः,1
आराधयिष्ये,1
आरुणिर्वारुणिश्चैव,1
आरुह्य,1
आरु॑को,1
आरोगस्य,1
आरोगो,1
आरोपयन्ति,1
आरोपितं,1
आरोविल्,1
आर्गोणस्य,1
आर्टिक्,1
आर्थिकशक्तिः,1
आर्थिकोन्नतये,1
आर्धधातुके,1
आर्यचन्द्रप्रदीपसूत्रे,1
आर्यपुत्र,1
आर्याय,1
आर्यावर्ते,1
आर्ये,1
आर्यो,1
आर्षो,1
आलपेथ,1
आलवचाः,1
आलापेन,1
आलिख्य,1
आलोचनामेवमेषा,1
आलोड्य,1
आल॑ब्धो॒,1
आल॑भन्त,1
आवः॒,1
आवर्तनमुव्र्याश्चेन्न,1
आवर्तनाभिर्,1
आवश्यम्,1
आवहन्ति,1
आवापं,1
आवाहनादिकं,1
आवाह्य,1
आवा॒मश्वा॑सस्सु॒युजः॑,1
आविर्भूतः,1
आविर्भूता,1
आवि॑न्नः,1
आवि॑न्ना,1
आवि॑न्नौ,1
आवृणोत्यवितथं,1
आवृत्,1
आवृत्तिं,1
आवृ॑णे,1
आवेक्षणीया,1
आवेदनम्,1
आवेदने,1
आवेदयन्ति,1
आवेदितं,1
आवेदितः,1
आवेद्यते,1
आव॒र्तमिन्द्रः॒,1
आश,1
आशयवान्,1
आशातिकाः,1
आशाथे,1
आशायाः,1
आशीर्वादेन,1
आश्चर्यं,1
आश्रमवासिकपर्वणि,1
आश्रमशब्दोऽयं,1
आश्रमैर्न,1
आश्रयं,1
आश्वासितासि,1
आश्व॑त्थः॒,1
आश्व॑त्थे,1
आश॑यत्,1
आष्टप्रकरण,1
आसङ्गवमात्तवेणुः,1
आसञ्जयेत्,1
आसते,1
आसनं,1
आसन्नयमदर्शनोद्वेगादिव,1
आसन्यत्ताश्चान्येऽपि,1
आसा,1
आसाअं,1
आसाम्,1
आसिताङ्गभैरवाय,1
आसियान्,1
आसि॑च॒थ्संदु॑ग्धं,1
आसीत्काक्षीवती,1
आसीदिदं,1
आसीनः,1
आसीनो,1
आसी॑दु॒शना॑,1
आसी॒त्तं,1
आसुर,1
आसूतेरामृतेः,1
आस्तरणार्थैः,1
आस्था॒याया॑हि,1
आस्यतामिति,1
आस्वदीयाः,1
आस्वादनप्रकारः,1
आस्वादने,1
आस्व्,1
आस॒न्तान॑स्मा,1
आस॒न्थ्स,1
आस॒न्या,1
आहअहो,1
आहङ्कारिकत्वे,1
आहारं,1
आहारः,1
आहारादि,1
आहिल्योवाच,1
आहि॑ताग्नि॒र्यथ्सा॒यम्प्रा॑तर्जु॒होत्य॑होरा॒त्राण्ये॒वाप्त्वेष्ट॑काः,1
आहुतीर्,1
आहु॑तं,1
आहु॑तयो,1
आहु॑तयो॒,1
आहु॑तिं,1
आहु॑तीर्दे॒वा,1
आहूतः,1
आहूतवतः,1
आहूय,1
आहोस्विदव्यापिकेत्यत,1
आह्लाद,1
आह्वानं,1
आऽप्रा॒,1
आा,1
आ॑घा॒रव॑ती॒स्ता,1
आ॑दि॒त्यः,1
आ॑दि॒त्यमे॒व,1
आ॑दि॒त्यो,1
आ॑द॒ध्याद्रु॒द्रं,1
आ॑धव॒नीयः॑,1
आ॑न॒न्दिनीं॑,1
आ॑मया॒वी,1
आ॑र॒ण्याः,1
आ॑सीद॒पां,1
आ॑हव॒नीयो॒,1
आ॒खुस्ते॑,1
आ॒गच्छ॑ति॒,1
आ॒गत,1
आ॒ग्ने॒य,1
आ॒ग्ने॒यम॒ष्टाद॑श,1
आ॒ग्र॒य॒णः॒,1
आ॒ग्र॒य॒णो॑ऽसि,1
आ॒जानी॑रु॒षस॑स्ते,1
आ॒ण्डीभ॑वज॒,1
आ॒तप॑ति॒,1
आ॒तम॑ग्ने,1
आ॒त्मना॒ऽऽत्मानं॑,1
आ॒त्मना॒ऽऽत्मान॑म॒भि,1
आ॒त्मनो,1
आ॒त्मनो॑,1
आ॒त्मन्दधी॑तेन्द्रि॒यम्माध्यं॑दिने॒,1
आ॒त्मन्ध॑त्ते॒,1
आ॒ददा॑ना,1
आ॒दायाऽऽपः॑,1
आ॒दाय॒,1
आ॒दि॒त्य,1
आ॒दि॒त्यानां,1
आ॒दि॒त्याश्चाङ्गि॑रसश्चा॒ग्नीनाद॑धत॒,1
आ॒दि॒त्यैरिन्द्रः॑,1
आ॒दि॒त्यैरिन्द्रः॒,1
आ॒पः,1
आ॒पूर्याः॒,1
आ॒पूर्य॑ति,1
आ॒भ्यामिन्द्रः॑,1
आ॒मिक्षा॒,1
आ॒म॒या॒वी,1
आ॒यत॑नवती॒र्याः,1
आ॒यत॑नवती॒र्वा,1
आ॒यत॑ने,1
आ॒युः,1
आ॒युवः॑,1
आ॒यु॒र्दा,1
आ॒य॒न्नित्या॑यन्,1
आ॒रे,1
आ॒र॒ण्यास्स॒प्त,1
आ॒व्य॑मस्मिन्दधाति॒,1
आ॒शासा॑नः,1
आ॒शिषः॑,1
आ॒शिषः॒,1
आ॒शीर्म॒,1
आ॒शी॒र्दा॒या,1
आ॒श्वि॒नं,1
आ॒सनि॑,1
आ॒सनीत्या॒सनि॑,1
आ॒सां॒परि॑,1
आ॒स्तर॑णमसि,1
आ॒हुः॒,1
इआ,1
इइ,1
इइइ,1
इका,1
इकारं,1
इकारः,1
इकारान्तादिकाररूपाच्च,1
इक्षुरसैः,1
इक्ष्वाकवः,1
इङल्ण्डसन्दर्शनम्,1
इङ्गितज्ञाः,1
इङ्गितम्,1
इच्छतां,1
इच्छया,1
इच्छाक्रियात्मिकालिङ्गा,1
इच्छादयस्तु,1
इच्छादिका,1
इच्छादिकाः,1
इच्छापूरणे,1
इच्छासंरम्भबोधाख्या,1
इच्छासंरम्भबोधाख्यास्तेनान्तःकरण,1
इच्छाहेत्वाशु,1
इच्छेकु॒र्धरु॑णेष्वा॒रभम्,1
इच्छेत्यर्थः,1
इजादेः,1
इटाली,1
इटि,1
इडभावे,1
इडानडीं,1
इडा॑,1
इडा॑यास्त्वा,1
इडा॑वा,1
इण्निषेधप्रकरणे,1
इण्निषेधसूत्रे,1
इतः,1
इतःपर्यन्तं,1
इतःपर्यन्तम्,1
इतरभाषाणाम्,1
इतरस्मिन्नपाने,1
इतरांस्तु,1
इतरेरसङ्क्रन्दान्न,1
इतावतैव,1
इतिशब्दोऽन्यथैवोपपत्तियुक्तिसमाप्तौ,1
इतिसूत्रेण,1
इतिहासपुराणानि,1
इतीतरेतराश्रयदोषः,1
इतीतरेषां,1
इतीति,1
इतीन्यसेत्,1
इतीव,1
इती॒ध्मो,1
इत्,1
इत्तद्वि॒दुस्ते,1
इत्त्वापवादः,1
इत्त्वे,1
इत्थमतिसङ्क्षेपेणोक्तं,1
इत्थमात्मनः,1
इत्थमिच्छादिकार्यभेदादन्तःकरणभेदः,1
इत्थमिति,1
इत्थमेव,1
इत्यखुरा,1
इत्यघोरशिवाचार्यविरचिता,1
इत्यङ्के,1
इत्यज्ञानविमोहिताः,1
इत्यतिदिसर्मभेदमाह,1
इत्यत्रापि,1
इत्यत्राह,1
इत्यत्रेव,1
इत्यत्रैव,1
इत्यत्रैवावक्ष्यत्,1
इत्यदु॒र्वै,1
इत्यद्योजयति,1
इत्यधिकरणे,1
इत्यध्वानं,1
इत्यनन्तरं,1
इत्यनन्तरसङ्गतिरिति,1
इत्यनुवर्तते,1
इत्यनेनास्य,1
इत्यनेनैवास्य,1
इत्यन्तग्रन्थेनेति,1
इत्यन्तचतुःश्लोक्येत्यर्थः,1
इत्यन्तान्युक्तानिह,1
इत्यन्ये,1
इत्यन्वयस्य,1
इत्यभिधानादृतमभिपूजितं,1
इत्यभिधीयते,1
इत्यभिप्रायः,1
इत्यभिप्रायेणाह,1
इत्यभ्यासो,1
इत्ययमर्थः,1
इत्ययमर्थो,1
इत्ययमेवानयोर्भेदः,1
इत्यर्थन,1
इत्यर्थे,1
इत्यलमती,1
इत्यवच्छिन्न,1
इत्यवधार्यताम्,1
इत्यव॑,1
इत्यष्टाविंशो,1
इत्यसत्यपि,1
इत्यस्थ,1
इत्यस्माद्,1
इत्यस्मिन्,1
इत्यस्याक्षरार्थः,1
इत्यस्याप्युपलक्षणम्,1
इत्यस्यार्थमाह,1
इत्यस्यैवानुवृत्त्यर्थं,1
इत्यस्योत्तरश्लोकेनान्वयः,1
इत्यस्योदाहरणं,1
इत्या,1
इत्याकुस्मीयाः,1
इत्याखस्य,1
इत्याख्यं,1
इत्याख्यः,1
इत्याख्यया,1
इत्याख्याप्य,1
इत्यातिवाहिकमिदं,1
इत्यात्मनेपदनियमार्थत्वात्,1
इत्याथर्वणे,1
इत्यादयः,1
इत्यादयो,1
इत्यादिः,1
इत्यादिकाव्यप्रकाशकारिकामुद्धरति,1
इत्यादिगृहस्थमोक्षोपसंहारपरवाक्यविरोधोऽस्त्युत,1
इत्यादिग्राह्याध्यवसायरूपात्,1
इत्यादिनाऽनुवादात्,1
इत्यादिनाऽनूद्यत,1
इत्यादिनिन्दया,1
इत्यादिनीत्या,1
इत्यादिपत्रिकानां,1
इत्यादिपदेन,1
इत्यादिबाह्यविषयाध्यवसायरूप,1
इत्यादिभावाभावश्रुतेश्चेत्यंतभाष्यमवता,1
इत्यादिभोग्याद्यवच्छेदकत्वेन,1
इत्यादिरोगाणां,1
इत्यादिवचनात्,1
इत्यादिवचनेभ्यः,1
इत्यादिवचनैः,1
इत्यादिश्रीमत्स्वायम्भुवादिश्रुतेरागन्तुका,1
इत्यादिश्रुतिभिः,1
इत्यादिश्रुतिविरोध,1
इत्यादिश्रुतिविरोधात्,1
इत्यादिश्रुत्या,1
इत्यादिश्रुत्यादीत्यर्थः,1
इत्यादीनां,1
इत्यादीन्येकादश,1
इत्यादेरुत्तरमयं,1
इत्यादेरुत्तरमाह,1
इत्यादेरुत्तरलाभ,1
इत्यादौ,1
इत्याद्यनेक्यः,1
इत्याद्युक्त्या,1
इत्यापादकं,1
इत्यायागः,1
इत्यारभ्य,1
इत्यार्षे,1
इत्याशङ्कते,1
इत्याशङ्कां,1
इत्याशङ्क्याह,1
इत्याशङ्क्लतद्विद्वेकं,1
इत्याशयेनेति,1
इत्यास्तावम्,1
इत्याहुः,1
इत्या॑हर्ख्सा॒माभ्या॒,1
इत्या॑हा॒,1
इत्या॑हा॒न्तरि॑क्षं॒,1
इत्या॑हुः॒,1
इत्या॑हु॒र्वाग॑ग्रे॒गा,1
इत्या॑हे॒यं,1
इत्या॑है॒ता,1
इत्या॑है॒ताव॑ती॒र्वै,1
इत्या॑है॒ष,1
इत्या॒हायु॑रे॒व,1
इत्युक्तं,1
इत्युक्तस्तामुदङ्कस्तु,1
इत्युक्ता,1
इत्युक्तापि,1
इत्युक्तास्तेन,1
इत्युक्ते,1
इत्युक्तेरित्यंतमित्यर्थः,1
इत्युक्त्वानिच्छतोऽप्येतान्विससर्जैव,1
इत्युक्त्वाऽन्तर्हितो,1
इत्युक्थ॑शा॒,1
इत्युत्,1
इत्युत्तरवाक्यगम्या,1
इत्युपचर्यते,1
इत्युपदिश्यते,1
इत्युपसंहरति,1
इत्युपसंहरन्,1
इत्यु॑पया॒म,1
इत्यु॒तो,1
इत्यु॒भे,1
इत्यूचुश्च,1
इत्यृतुम॑ण्डला॒नि,1
इत्येकवचनान्तं,1
इत्येकादसस्कन्धे,1
इत्येतच्छक्तिपातस्य,1
इत्येतत्कथितं,1
इत्येतदर्जुनमात्रविषयमित्यन्यथाप्रतीतिनिरासायाऽह,1
इत्येतदुत्तरं,1
इत्येतदुभयं,1
इत्येतद्वज्रकवचं,1
इत्येतयोः,1
इत्येतस्मात्प्रागयं,1
इत्येतैः,1
इत्येवमभिहितश्च,1
इत्येवमुक्त्वा,1
इत्येवेति,1
इत्येवैतदाह,1
इत्येषां,1
इत्यैन्द्रान्प्रगाथाञ्छस्त्वा,1
इत्य॑फ्सु,1
इत्य॑ब्रवी॒द्यद्य॑ज्ञवा॒स्तौ,1
इत्य॑वभृ॒थम॑वै॒ष्यञ्जु॑हुया॒दाहु॑त्यै॒वैनौ॑,1
इत्य॒न्वाह॒,1
इत्य॒भि,1
इत्य॒भ्रो,1
इत्य॒रण्योः,1
इत्य॒र्थः,1
इत्य॒श्विनोः,1
इत्‍येतत्,1
इथ्,1
इथ्यादिकमुक्तमित्यर्थः,1
इदंपरत्वं,1
इदमप्यनुपपन्नम्,1
इदमस्माभि,1
इदमहं,1
इदमुक्तमितीति,1
इदमेवारण्यकं,1
इदानीन्तन,1
इदानीमपि,1
इदानीम्,1
इदानीर्मलपरिपाक,1
इदाप्यसुपः,1
इदुपधौ,1
इद्,1
इद्दिशो॒,1
इद्धातो,1
इद्यातत्वाय,1
इद्वः॑,1
इद्वह॑न्त॒स्तथ्समा॑शत,1
इद्विशः॒,1
इधानः,1
इन,1
इन्टर्नाषणल्,1
इन्टलिजन्स्,1
इन्डोर्,1
इन्दीवरिआ,1
इन्दु,1
इन्दुः॑,1
इन्दुः॒,1
इन्दुलाल,1
इन्दु॒रित्या॑ह,1
इन्दोर्,1
इन्दौर,1
इन्द्रवज्राछन्दसा,1
इन्द्रवायु॒वोः,1
इन्द्रवायू,1
इन्द्रवारुण्यपामार्गकदलैः,1
इन्द्रश्च,1
इन्द्रा,1
इन्द्रादीनां,1
इन्द्राद्यैः,1
इन्द्राबृहस्पती,1
इन्द्राऽऽगच्छ,1
इन्द्राऽऽया॑हि,1
इन्द्रा॑य,1
इन्द्रा॑या॒शिर,1
इन्द्रा॑विष्णू,1
इन्द्रियद्वारोऽयं,1
इन्द्रियवैकल्यात्,1
इन्द्रियसन्निकर्षाद्,1
इन्द्रियाणां,1
इन्द्रियाणि,1
इन्द्रियाणीन्द्रियार्थैस्,1
इन्द्रियार्थसन्नि,1
इन्द्रियार्थसन्निकर्षे,1
इन्द्रियेति,1
इन्द्रि॒यमे॒व,1
इन्द्रि॒यावा॒न्थ्स्वाहा॑कृतः॒,1
इन्द्रेण,1
इन्द्रे॑ण,1
इन्द्रे॑ण॒सह॑सा,1
इन्द्रैश्,1
इन्द्रो,1
इन्द्रो॑रारहा॒ण,1
इन्द्र॑ज्येष्ठेभ्यो॒,1
इन्द्र॑म्प्र॒त्यक्षं॒,1
इन्द्र॑म॒ग्निं,1
इन्द्र॑श्च,1
इन्द्र॑श्च॒,1
इन्द्र॑स्य,1
इन्धनसाङ्केतिकविद्याम्,1
इन्धिकाद्यास्थानानी,1
इन्मनो॒,1
इप्सितकर्मं,1
इमाः,1
इमेज्साट्,1
इम्,1
इम्रान्खानं,1
इयक्ताया,1
इयत्तया,1
इयदीक्षाविधेय,1
इयमपि,1
इयमेव,1
इयाज,1
इया॒त्तस्मा,1
इया॒नाः,1
इय॑ख्षत्य॒भीदय॑ज्वनो,1
इरानन्दवन्दिनि,1
इरा॑वती,1
इरित्त्वादङ्,1
इरित्त्वादङ्वे,1
इरित्त्वादेव,1
इरि॑णे,1
इरि॒ण्या॑य,1
इर्देशः,1
इवाकरं,1
इवाग्निदावम्,1
इवात्मनः,1
इवानावृताङ्गः,1
इवापतितम्,1
इवाबभौ,1
इवार्थस्य,1
इवेति,1
इवेन्द्रियाणां,1
इवोर्वीं,1
इशान्त्,1
इषं,1
इषि॒रो,1
इषुधन्वतं,1
इष्टः,1
इष्टदेवता,1
इष्टदेवतानमस्कारानन्तरम्,1
इष्टदेवम्,1
इष्टसञ्जननार्थं,1
इष्यतम्,1
इष॑म्,1
इष॒मूर्ज,1
इस्लामिकस्टेट्,1
इहत्यिका,1
इहलोक,1
इहागच्छन्ति,1
इहागतः,1
इहामुत्र,1
इहार्घवर्षणे,1
इहासक्त,1
इहास्मिन्,1
इहैवेति,1
इहोच्यते,1
इ॑त्येका॒दश,1
इ॑न्द्राबृहस्पती,1
इ॑मि,1
इ॑मे,1
इ॑यर्त॒,1
इ॑व॒,1
इ॑हि,1
इ॒त,1
इ॒तश्चा॒ऽमुत॑श्चाऽव्यतीपा॒ती,1
इ॒दमहः॑,1
इ॒दमा॑सन्थ्सलि॒लमे॒व,1
इ॒दम्ब्राह्म॑णम्ब्रूहि॒,1
इ॒दम॑भूव॒न्,1
इ॒दम॒ह,1
इ॒दम॒हं,1
इ॒दम॒हम॒मुष्या॑मुष्याय॒णस्या॒न्नाद्य,1
इ॒न्द्रा॒ग्नी,1
इ॒न्द्रि॒यमे॒व,1
इ॒न्द्रि॒याव॑त्पुष्क॒लं,1
इ॒न्द्रि॒येणै॒षः,1
इ॒न्द्र॒,1
इ॒म,1
इ॒मञ्जु॑षध्वम्,1
इ॒ममग्र॒पिण्डं॑,1
इ॒ममा॑मुष्याय॒णम॑,1
इ॒ममा॑रुणकेतुक,1
इ॒ममा॑रुणकेतुकम॒ग्निं,1
इ॒मम्प॒शुम्प॑शुपते,1
इ॒मा,1
इ॒माँल्लो॒कान्प्र॒त्यक्षे॑ण,1
इ॒माः,1
इ॒मानु॑कं॒,1
इ॒मामे॒व,1
इ॒माम॑गृभ्णं,1
इ॒मेध्यसृ॑ज्यन्त॒,1
इ॒मौ,1
इ॒य,1
इ॒यम्वै,1
इ॒या॒नः,1
इ॒वापो॒,1
इ॒वेति॑,1
इ॒व॒,1
इ॒षा,1
इ॒ष्टय॑जुषस्ते,1
इ॒ष्टर्गो॒,1
इ॒हाग॑ताः,1
इ॒हेहै॑षां,1
इ॒हेह॑वः,1
इ॒हैव,1
ईं,1
ईकार,1
ईजा॒नं,1
ईजिप्त्,1
ईडन्,1
ईति,1
ईदृशम्,1
ईदृशरीत्या,1
ईदृशस्स,1
ईदृशैस्स,1
ईम्,1
ईश,1
ईशता,1
ईशम्,1
ईशाथे,1
ईशानं,1
ईशानश्च,1
ईशानाद्यनुगुणवर्णरजः,1
ईशानासः,1
ईशानेन,1
ईश्महे॒,1
ईश्वर,1
ईश्वरतत्वाधिपाय,1
ईश्वरतत्वाय,1
ईश्वरतत्वेनन्ताद्यष्टकम्,1
ईश्वरद्व्यावृत्तः,1
ईश्वरपदप्रापक,1
ईश्वरपदे,1
ईश्वरपरतन्त्रर्,1
ईश्वरप्रणिधानं,1
ईश्वरभावः,1
ईश्वरव्यापारेणैव,1
ईश्वरशक्तेरपि,1
ईश्वराय,1
ईश्वराराधनं,1
ईश्वरेच्छाया,1
ईश्वरेच्छासमाविष्टजगद्बीजपरिच्युतैः,1
ईश्वरोपलब्धये,1
ईश्वरोपलब्धिरस्ति,1
ईश्वरोऽत्रानन्त,1
ईश॒ते,1
ईषद्,1
ईषादन्तं,1
ईषुः,1
ईष्टे,1
ईसवीये,1
ईस्ट्,1
ईहमानः,1
ई॑जा॒न,1
ई॑डि॒ताः,1
ई॑धे॒,1
ई॑शत॒,1
ई॑शे,1
ई॒र्ष्या॒सू॒ये,1
ई॒श्व॒रो,1
ई॒श॒तेती॑शत,1
ईड़्प्,1
उऊ,1
उकारस्य,1
उक्त,1
उक्तञ्च,1
उक्तत्वात्,1
उक्तत्वेनोभयप्राप्त्यभावात्,1
उक्तमत्रोत्तरम्,1
उक्तमित्यर्थः,1
उक्तलक्षणं,1
उक्तवक्ष्यमाणलिङ्ग,1
उक्तवत्,1
उक्तवदिन्द्रियाणामपि,1
उक्तश्,1
उक्तानुक्तसाधारण्येन,1
उक्तार्थविदुषः,1
उक्तार्थे,1
उक्तार्थोपसंहारः,1
उक्तिं,1
उक्ते,1
उक्त्या,1
उग्रं,1
उग्रप्रतिमानाम्,1
उग्रशब्देनाभिचारादि,1
उग्राच्चानामथोच्यते,1
उग्राय,1
उग्रायुधाय,1
उग्रोहङ्कारगोचरः,1
उचितरीत्या,1
उच्च,1
उच्चतरन्यायालयस्य,1
उच्चतरविद्यालयं,1
उच्चमध्यमस्य,1
उच्चराशिं,1
उच्चरेच्छिष्य,1
उच्चरेद्वचसा,1
उच्चस्तरीयारसिकता,1
उच्चस्वरेण,1
उच्चैः,1
उच्छेषणमददुः,1
उच्छ्वसंस्,1
उच्छ्वासकल्पो,1
उच्छ्वासमार्गं,1
उच्यन्ते,1
उच्य॑ते,1
उच्‍यात्,1
उज्वलप्रकटनम्,1
उडीसा,1
उतकस्यचित्,1
उतथ्यो,1
उतदुक्तं,1
उतालक्षणास्,1
उत्,1
उत्कटैः,1
उत्कियाग्विग्,1
उत्कीर्णानि,1
उत्कीर्यलक्षणं,1
उत्कृष्ट,1
उत्कृष्टां,1
उत्कृष्यते,1
उत्तमजीवननिर्माणार्थं,1
उत्तमसहयोगम्,1
उत्तमां,1
उत्तमाः,1
उत्तमाधममध्यमः,1
उत्तमानि,1
उत्तमैः,1
उत्तमोऽनुत्तमोऽशक्तः,1
उत्तम्मादिविषयेषु,1
उत्तर,1
उत्तरं,1
उत्तरघण्डे,1
उत्तरत्रेति,1
उत्तरपश्चिमभागयोः,1
उत्तरपूर्वस्यां,1
उत्तरप्रदेशराज्यम्,1
उत्तरप्रदेशराज्यस्य,1
उत्तरप्रदेशस्य,1
उत्तरभारतस्य,1
उत्तरयति,1
उत्तरवर्तिनः,1
उत्तरश्लोकद्वयं,1
उत्तरसूत्रस्थो,1
उत्तरस्थाने,1
उत्तरस्य,1
उत्तरापरस्यां,1
उत्तरार्धप्रश्नोत्तरमात्रपरत्व,1
उत्तरार्धार्थमाह,1
उत्तरेषु,1
उत्तरोत्तर,1
उत्तर॒सदो॒,1
उत्तस्स,1
उत्तिष्ठ,1
उत्तिष्ठता,1
उत्ति॑ष्ठत॒,1
उत्तेजनेन,1
उत्त॑रे॒ष्वहः॑स्व॒मुतो॒,1
उत्त॑रो,1
उत्त॑र॒,1
उत्त॒मे,1
उत्थापने,1
उत्थाप्य,1
उत्थाय,1
उत्पत्तिमत्वमित्युक्तर्थपक्षन्यायप्रदर्शनपरं,1
उत्पत्त्यपवर्गयोगित्वेन,1
उत्पत्य,1
उत्पत्स्यते,1
उत्पथ्स्यमा॑नो,1
उत्पद्यन्ते,1
उत्पन्नः,1
उत्पन्नो,1
उत्पातानां,1
उत्पाद,1
उत्पादः,1
उत्पादनं,1
उत्पादने,1
उत्पादयाम्यहं,1
उत्पादयितुं,1
उत्पादयितुम्,1
उत्पादवान्,1
उत्पादविरमाभावप्रसङ्गः,1
उत्पादे,1
उत्पादेन,1
उत्पाद्यते,1
उत्पि॑पेष,1
उत्पु॑पूर्याः,1
उत्सर्गो,1
उत्सवः,1
उत्सवे,1
उत्ससां,1
उत्सहसे,1
उत्सा,1
उत्साहः,1
उत्सिक्तमनसां,1
उत्सिक्तौ,1
उत्सुकाः,1
उत्स्स्त्,1
उथ्सं॑,1
उदक्रामत्तं,1
उदग्गतौ,1
उदग्दिश्यस्य,1
उदग्रपात्,1
उदन्यवे,1
उदयनसेतुपतिः,1
उदरावेष्टा,1
उदस्य,1
उदात्तशस्त्राः,1
उदासीनगुणानां,1
उदासीनो,1
उदाहरणतोऽद्य,1
उदित,1
उदितानन्त,1
उदित्करणम्,1
उदित्तवादिति,1
उदित्त्वमिति,1
उदी॒रण॑मसि,1
उदुत्यम्,1
उदु॒,1
उदु॒द्वत॑श्च,1
उद्गारादिकर्तृत्वेन,1
उद्गारे,1
उद्गाहाः,1
उद्घाटनं,1
उद्घाटनदिनं,1
उद्दिष्टलक्षितस्वर्गकामाधिकारनिस्तुषीकरणत्वात्,1
उद्दि्श्य,1
उद्दीपनं,1
उद्देशः,1
उद्देशक्रमानुरोधेन,1
उद्देशक्रमेण,1
उद्धूलनस्य,1
उद्धृतः,1
उद्धृतपरिपूताभि,1
उद्भवनादिहेतुभिः,1
उद्भवश्च,1
उद्भवाभिभवाभ्यां,1
उद्भूतगुणत्वेन,1
उद्भ्यो,1
उद्यत्प्रवालकर्पूरचन्दनागुरुपादपम्,1
उद्यद्धासः,1
उद्यानविमानवस्त्राभरणैर्,1
उद्योगमिवोपद्रवाणाम्,1
उद्योगसंस्थायाः,1
उद्योगिनः,1
उद्योतकर,1
उद्वा॑रो॒,1
उद्‌घाटनभाषणे,1
उद्‌दिश्य,1
उद॑तिष्ठन्न्,1
उद॑तिष्ठ॒त्ततः॑,1
उद॑व,1
उद॒ग्निर्वृ॑त्र॒हाज॑नि,1
उद॒न्वता॒,1
उन्नतः,1
उन्नतमेलने,1
उन्नतम्,1
उन्नतस्थानम्,1
उन्नयनमान्तरस्य,1
उन्नावे,1
उन्नि॒वत॒,1
उन्मत्त,1
उन्मिषेत्,1
उन्मीलने,1
उन्मीलितविलोचनाय,1
उन्मील्य,1
उन्मुखीभूत,1
उन्मुखीभूतः,1
उन्लेसेर्लिछेस्,1
उपकरिष्यतीति,1
उपक्रम्य,1
उपग्रहः,1
उपग्रहचित्राणि,1
उपग्रहचित्रेषु,1
उपचये,1
उपचर्यते,1
उपचारेण,1
उपजीव॒नीये॑,1
उपजीव॒नीयो॑,1
उपदधति,1
उपदिष्टवान्,1
उपद्रुतं,1
उपधाया,1
उपधायां,1
उपधायाः,1
उपधायाश्च,1
उपधार्यताम्,1
उपधाह्यस्वे,1
उपधीव,1
उपनायकः,1
उपनिषत्सु,1
उपनिषदः,1
उपनिषदाद्यावृत्तिः,1
उपनिषदि,1
उपनिष्क्रामणं,1
उपनीतमात्रा,1
उपन्यस्य,1
उपपत्तनम्,1
उपपद्यन्ते,1
उपपन्ना,1
उपपर्वताः,1
उपपादेभ्यः,1
उपभोक्तृमन्त्रिणा,1
उपमण्डलानि,1
उपमन्यव,1
उपया॒मगृ॑हीतः,1
उपयुज्य,1
उपयुज्यते,1
उपयोग,1
उपयोगं,1
उपयोगः,1
उपयोगम्,1
उपरासु,1
उपरिगा,1
उपरिगात्वच,1
उपरिगात्वचः,1
उपरितनखण्डेशिवतत्वं,1
उपरितनानां,1
उपरितलस्य,1
उपरिष्टात्,1
उपरि॒षदो॒,1
उपर्युपरि,1
उपवातकदौर्भाग्यशमनं,1
उपवासफलं,1
उपविशितव्यं,1
उपवेशयामासुः,1
उपसंहृतः,1
उपसङ्ख्यानमित्यर्थः,1
उपसङ्ख्यानम्,1
उपसम्पदुपाध्यायत्वेन,1
उपसम्पाद्यः,1
उपसम्पाद्यम्,1
उपसर्गाः,1
उपसर्गात्परः,1
उपसर्गादिति,1
उपसर्गे,1
उपसहर्तव्यगुणनिर्णये,1
उपसहस्रं,1
उपसीत,1
उपस्थतत्वाय,1
उपस्थपादपाय्वास्यपाणिनामानि,1
उपस्थाधिपायघनानन्दाय,1
उपस्थाय,1
उपस्थितौ,1
उपस्नुहि,1
उपस्हतत्वाधिपाय,1
उपह॒वे,1
उपागतः,1
उपागमंस्ततो,1
उपागमत्,1
उपाचरद्घोरतपो,1
उपादानत्वादेव,1
उपादानप्रवृत्तेश्च,1
उपादानभूताः,1
उपादेयं,1
उपाध्यायं,1
उपाध्यायः,1
उपायनदानं,1
उपायम्,1
उपायाः,1
उपायानुष्ठाने,1
उपासितारं,1
उपास्ते,1
उपास्यं,1
उपास्यो,1
उपा॑शृणोथ्सु॒श्रवा॒,1
उपा॒कृत्य॒,1
उपे,1
उपेक्षेत,1
उपे॑हि,1
उपे॑हि॒,1
उपै॑न॒न्तदुप॑नमति,1
उपै॑न॒मुत्त॑रो,1
उपो॑,1
उप॑प्रैथ्स॒प्तभिः॑,1
उप॑यन्तु,1
उप॒,1
उप॒धाय॑,1
उप॒प्रैत्पू॒र्व्यं॑,1
उप॒सिन्ध॑वः,1
उप॒स्तर॑णमसि,1
उभयं,1
उभयकालानुसन्धाता,1
उभयत्र,1
उभयपक्ष,1
उभयपक्षतः,1
उभयप्राप्तौ,1
उभयबहिर्भावे,1
उभयमन्तरेण,1
उभयमपि,1
उभयम्वेतत्प्रजापतिर्निरुक्तश्चानिरुक्तश्च,1
उभयस्यापि,1
उभयोरन्तरं,1
उभयोरपि,1
उभयोरप्यनपेक्षत्वेन,1
उभाभ्यान्दीक्षा,1
उभावप्येक,1
उभौ॑,1
उमा,1
उमापतिं,1
उमामहेश्वरसंवादे,1
उमाया,1
उमाशब्दे,1
उमासहिताय,1
उरःस्थलस्थापितमणिमौक्तिकहारचन्दनचन्द्रकान्तम्,1
उरदत्त्वे,1
उरसिकृत्य,1
उरसिमनसी,1
उरु,1
उरृ,1
उर्वरामृत्तिकायां,1
उर्वशीतीर्थमासाद्य,1
उर्वारुकमिव,1
उर्वि,1
उर्वीं,1
उल्कापातश्च,1
उल्ब॑मि॒वैक॑वि,1
उल्लिखतं,1
उल्लिखितवन्तः,1
उल्लिख्य,1
उल्लेखः,1
उल्लेखो,1
उवक्‍थ,1
उवचिथ,1
उशना,1
उष,1
उषर्बुधमथर्यो,1
उषसञ्जनान,1
उषसाम्,1
उष्कृतेभ्यो,1
उष्णता,1
उष्णशक्तेः,1
उष्णीषिणे,1
उ॑क्थश॒,1
उ॑त्तर॒त,1
उ॑त्त॒मं,1
उ॑द्गी॒थ,1
उ॑द्भिन्द॒तीं,1
उ॑पगा॒तारो॑,1
उ॑पजीव॒नीयो॑,1
उ॑पद्र॒ष्टा,1
उ॑पद्र॒ष्टार॑मुपश्रो॒तार॑मनुख्या॒तारं॑,1
उ॑पध्व॒स्तो,1
उ॑पना॒ह,1
उ॑पया॒मगृ॑हीतो,1
उ॑पवे॒शश्छन्दो॑भिरे॒वास्य॒,1
उ॑भे,1
उ॑मे,1
उ॒,1
उ॒क्थम्मद॑श्च,1
उ॒क्थानां॒,1
उ॒क्थाना॒म्पात्र॑मसि,1
उ॒ग्रः,1
उ॒ग्रा,1
उ॒ग्रो,1
उ॒च्चा,1
उ॒च्चैत्य॑व॒चाह॑भिः,1
उ॒तस्युः,1
उ॒त्त॒र॒वे॒द्या,1
उ॒त्पिपी॑ते,1
उ॒दर॑णमसि,1
उ॒दृचं॒,1
उ॒द्धमाऽऽध॑म॒,1
उ॒द्नो,1
उ॒द॒प्रुतो॑,1
उ॒द॒प्रुतो॒,1
उ॒द॒ऽप्रुतः॑,1
उ॒न्माद्ये॒त्तस्मै॑,1
उ॒न्माद्य॑त्ये॒ते,1
उ॒परि॑ष्टाथ्स्वाहाकृतयो॒,1
उ॒परि॑ष्टादपा॒नो,1
उ॒परि॑ष्टादु॒पाद॑धाति,1
उ॒परि॑ष्टादे॒व,1
उ॒परि॑ष्टादे॒वास्मै॒,1
उ॒पस्थ॑,1
उ॒पाकृ॑त,1
उ॒पाक॑रोति॒,1
उ॒पाग॑हि,1
उ॒पास॑ते,1
उ॒पा॒नु॒वा॒क्य॑,1
उ॒पा॒नु॒वा॒क्य॑मा॒शुम॒ग्निं,1
उ॒पेत॑न,1
उ॒पेत॒नेत्या॑ह,1
उ॒प॒दधा॑ति॒,1
उ॒प॒नमे॒च्छन्दा,1
उ॒प॒नमे॒दित्यु॑प,1
उ॒प॒नम॑ति,1
उ॒प॒नम॒तीत्यु॑प,1
उ॒प॒या॒मगृ॑हीतोऽसि,1
उ॒प॒या॒मगृ॑हीत॒,1
उ॒भया,1
उ॒भय॒स्याव॑रुध्यै,1
उ॒भा,1
उ॒रु,1
उ॒रु॒द्र॒प्सो,1
उ॒र्वा॒रु॒कमि॑व॒,1
उ॒र्व॑न्तरि॑क्ष॒,1
उ॒ल्बणं॑,1
उ॒षः॒,1
उ॒षसः॑,1
उ॒ष्णीषे॒णावि॑ष्टितम्भवत्ये॒वमि॑व॒,1
उ॒ष्मा,1
ऊ,1
ऊङ,1
ऊङापत्तेरित्यत,1
ऊचतुः,1
ऊचतुस्तौ,1
ऊचुस्तान्वै,1
ऊचे,1
ऊठ्,1
ऊढामेव,1
ऊति,1
ऊदन्तत्वात्,1
ऊदन्तत्वादनयोरूङ्विधिव्र्यर्थ,1
ऊद्धर्वोधो,1
ऊनम्,1
ऊनविंशत्य्,1
ऊरुभ्यां,1
ऊरुभ्यामर्धमाग्नेयं,1
ऊरोरधस्तलतः,1
ऊर्जो॒,1
ऊर्ज॑मु॒त,1
ऊर्णावस्त्राणि,1
ऊर्ध्व,1
ऊर्ध्वं,1
ऊर्ध्वदिग्द्वयपतीन्,1
ऊर्ध्वबाहुरधोमुखः,1
ऊर्ध्वमूलम॑वाक्छा॒खम्,1
ऊर्ध्वम्,1
ऊर्ध्वरोफो,1
ऊर्ध्वलिङ्गस्ततश्चोक्तो,1
ऊर्ध्वा,1
ऊर्ध्वे,1
ऊर्ध्वोदुम्बरकेन्यस्त्वा,1
ऊर्ध्वोदुम्बरमारभ्य,1
ऊर्मिणा,1
ऊर्वितत्वे,1
ऊहा,1
ऊ॒,1
ऊ॒रुः,1
ऊ॒र्जे,1
ऊ॒र्जैवास्मा॒,1
ऊ॒र्मयः॑,1
ऊ॒र्मयो॒,1
ऋ,1
ऋक्षा॒,1
ऋग्भाष्यम्,1
ऋङ्मन्त्रे,1
ऋचा,1
ऋजवो,1
ऋणक्लेशप्रवृत्त्यनुबन्धाद्,1
ऋत,1
ऋतमुञ्छशिले,1
ऋतवस्स,1
ऋतवो॑,1
ऋतुदेवतया,1
ऋतुना,1
ऋतुभ्यः,1
ऋतुस्नाता,1
ऋतू,1
ऋत्त्वपक्षे,1
ऋत्त्वाऽभावपक्षे,1
ऋत्त्वे,1
ऋत्वग्र्यो,1
ऋत्विग्‌भ्यः,1
ऋत्विजश्च,1
ऋत्विजा,1
ऋत्विभ्यो,1
ऋत॑प्रजाता॒,1
ऋदोरप्,1
ऋध्याश्लेषकृतामोदमामोदं,1
ऋभूणामादित्याना,1
ऋषयः,1
ऋषयःसमीधिरे,1
ऋषयश्चैव,1
ऋषयस्सर्वभूतानामात्मनश्च,1
ऋषिं,1
ऋषिगिरिर्महापर्वतराजः,1
ऋषिगिरिर्युगन्धरो,1
ऋषिब्रह्मदिगीश्वराः,1
ऋषिभिश्चापि,1
ऋषिभिस्सहिताय,1
ऋषि॑भ्यो॒,1
ऋषि॑र्‌ह,1
ऋषीणां,1
ऋष॑यः,1
ऋष॑यो,1
ऋष॑योऽचिन्वन्,1
ऋष॑य॒,1
ऋ॑ख्सा॒माभ्यां॒,1
ऋ॑ण्वत्यभि॒व्रज॑द्भिर्व॒युना॒,1
ऋ॑तजात,1
ऋ॑तवः॒,1
ऋ॑तिं,1
ऋ॑तिगृहीत,1
ऋ॑तिगृहीतं॒,1
ऋ॑तुना,1
ऋ॑त्या,1
ऋ॑त॒जा,1
ऋ॑ध्यते॒,1
ऋ॑षयः,1
ऋ॑ष॒भो,1
ऋ॒चः,1
ऋ॒चो,1
ऋ॒तमृ॑तपाः,1
ऋ॒ता॒षाडृ॒तधा॑मा॒,1
ऋ॒तु,1
ऋ॒तूनां,1
ऋ॒तेना॒वि,1
ऋ॒तेन॒,1
ऋ॒त्विजः॑,1
ऋ॒त्विजां,1
ऋ॒त्विजा॑मुद्गी॒था,1
ऋ॒त्विय॒,1
ऋ॒त॒प्र॒जा॒त॒,1
ऋ॒ध्नोत्या,1
ऋ॒ध्नोत्ये॒व,1
ऋ॒ध्यास॑म॒द्य,1
ऋ॒भूणां,1
ऋ॒षिभि॑रदात्पृ॒श्निभिः॑,1
ऋ॒ष्टि॒मन्त॒,1
एकं,1
एकं॑,1
एकः॑,1
एककपालमुद्वास्याज्येनाभिपूरयति,1
एककोटिं,1
एकगङ्गानदीवालिकासमानामसङ्ख्येयानां,1
एकचक्र॑मेक॒धुरम्,1
एकचित्तः,1
एकतत्वादि,1
एकतिं,1
एकत्र,1
एकत्रिशंत्,1
एकत्रैकस्य,1
एकत्वसंख्याविशिष्टे,1
एकदण्डो,1
एकदा,1
एकदेशमलविदारणेन,1
एकदेशश्,1
एकनवत्यधिकशततमोऽध्यायः,1
एकमपि,1
एकमात्रो,1
एकमेवेदं,1
एकमोक्षार्थं,1
एकम्,1
एकया,1
एकरात्रस्थितिर्ग्रामे,1
एकरुद्रस्त्रिमूर्तिश्च,1
एकरूपा,1
एकलक्षणा,1
एकवारमपि,1
एकसप्तत्यधिकद्विशततमोऽध्यायः,1
एकस्माद्वाक्यादर्थद्वये,1
एकस्य,1
एकां,1
एकाक्ष्या,1
एकाग्रतया,1
एकाग्रमतिर्,1
एकाग्रेण,1
एकादशं,1
एकादशः,1
एकादशवादने,1
एकादशैदितः,1
एकादशोऽध्यायः,1
एकादस्य,1
एकादिश्चैकस्य,1
एकान्,1
एकान्तरोपवासस्तु,1
एकान्तरोपवासी,1
एकान्तवास,1
एकापचयेन,1
एकाहं,1
एका॑दशकपाल॒,1
एका॑दशाक्षरा,1
एकीयसूत्रं,1
एकेक्षणस्तथेशानस्तथेवाङ्गुष्ठमात्रकः,1
एकेतांशेन,1
एकेनांशेन,1
एकेनैवाविभक्तेषु,1
एकै,1
एकैकमस्मान्सङ्ग्रामे,1
एकैकस्तत्र,1
एकैवानेकृताः,1
एकोनत्रिंशे,1
एकोनपञ्चाशः,1
एक्‌स्प्रस्,1
एक॑मे॒वादे॑वयजनं॒,1
एगेन्द्रमतङ्ग,1
एचामपि,1
एच्,1
एत,1
एतच्चाकाशैकगुणत्वं,1
एतच्छ्रवणं,1
एतत्कार्यं,1
एतत्क्षत्रियस्य,1
एतत्तेऽभिहितं,1
एतत्पक्षत्रयेपि,1
एतत्पश्यतु,1
एतत्पातालसंस्थं,1
एतत्पाशुपतं,1
एतत्रयमपि,1
एतत्समुपासीरन्,1
एतत्सम्बन्ध्य,1
एतत्सम्यङ्मया,1
एतत्सर्वं,1
एतत्सुप्तोऽभूद्य,1
एतत्सूत्रव्यपेक्षया,1
एतत्स्तोत्रस्य,1
एतदर्थका,1
एतदाख्याय,1
एतदाचार्यशासनम्,1
एतदाशु,1
एतदाश्चर्य्यमाख्यानं,1
एतदुक्तं,1
एतदुत्पन्नपिण्डः,1
एतदेवाह,1
एतदेवोपसंहरति,1
एतद्गते,1
एतद्देह,1
एतद्दोषपरिहारार्थ,1
एतद्दोषविमुक्तत्वं,1
एतद्धविरातिथ्यं,1
एतद्ब्राह्मीघृतं,1
एतद्यः,1
एतद्योगिनीनां,1
एतद्विज्ञाय,1
एतद्विष्णुदत्त,1
एतद्वै,1
एतद्वो,1
एतन,1
एतन्न,1
एतन्निष्यन्दनं,1
एतन्मृद्वग्निना,1
एतन्मे,1
एतन्मेलनात्परं,1
एतन्यास,1
एतमुद्यन्तमपिय॑न्तं,1
एतमेवमुपास्ते,1
एतयर्चा,1
एतयैव,1
एतयैवेन्द्रः,1
एतल्लक्षणमपि,1
एतल्लिङ्गं,1
एतस्मात्कारणान्माता,1
एतस्मिन्नंतरे,1
एतस्मिन्नन्तरे,1
एतस्मिन्नन्तर्बहिर्योगेन,1
एतस्यामृचीन्द्रशब्द,1
एतांस्तु,1
एतादृशं,1
एतादृशनियमे,1
एतादृशबहु,1
एतादृशे,1
एतान्यप्यनन्तरमेव,1
एताभिरद्भिरुपस्रक्ष्यन्भवति,1
एतावता,1
एतावती,1
एतावत्,1
एतावानव्ययो,1
एतास्तिस्रो,1
एतेनाचार्यस्य,1
एतेभ्यः,1
एतेषाद्धारक्रमस्तु,1
एतेषामुद्देशक्रमेण,1
एतेषाम्,1
एतेष्वर्थेषु,1
एतेऽष्टौ,1
एतैरक्षसमैर्भागैर्घृतप्रस्थं,1
एतैरिति,1
एतैरेव,1
एतैर्,1
एतैर्घृतं,1
एतौ,1
एत्वृजु॒गा,1
एत॑यैवा॒वृता,1
एदेहिं,1
एद्ब्,1
एद्म्,1
एधि,1
एनमतत्प्रभावविदस्त्रय्यां,1
एनमनवद्यलक्षणमवमृश्य,1
एनमनुज्ञापयेत्,1
एनमोषे॒द्यदि॑,1
एन्द्र॑,1
एन॑श्चकृ॒मा,1
एन॑श्चकृ॒वान्महि॑,1
एपि,1
एप्रिल्,1
एफ्,1
एभिः,1
एभिरेव,1
एभ्यः,1
एयं,1
एयर्,1
एय्ञ्चला,1
एर,1
एरच्,1
एरोस्,1
एलिसबत्,1
एवंरूपप्रकृतिर्जीवः,1
एवंविधकरणस्य,1
एवंविधस्य,1
एवंविधानां,1
एवः,1
एवकारसाहित्यादिति,1
एवकारानुपपत्तिमाशंक्य,1
एवन्त्वम्,1
एवफट्नाविसं,1
एवमग्निमानित्यंशेऽग्निशब्दस्य,1
एवमघटमानसकलोपायसम्पादितपदार्थेऽस्मिन्प्रार्थनामात्रमेव,1
एवमतन्त्रियन्त्र,1
एवमध्व,1
एवमध्वसङ्क्षेप,1
एवमष्टपक्षे,1
एवमस्त्विति,1
एवमाचार्य,1
एवमादिक्रमेणैव,1
एवमादिभिर्,1
एवमादीनि,1
एवमुक्त,1
एवमुक्तलक्षणा,1
एवमुक्ते,1
एवमुक्तो,1
एवमुक्तौ,1
एवमुक्त्वाऽर्जुनं,1
एवमुद्दिष्टनामेव,1
एवमुद्रार्चानां,1
एवमेवाभ्यज्य,1
एवमेवैकार्थकाभ्यां,1
एवम॑पव॒र्गे,1
एवसंसयो,1
एवसिद्धोजयति,1
एवाङ्गीकृतः,1
एवात्मा,1
एवात्माभ्युपगन्तव्यः,1
एवात्र,1
एवात्रानात्मादौ,1
एवाधतनः,1
एवानन्यमिति,1
एवान्तर्भावः,1
एवान्तिम,1
एवार्थत,1
एवार्थस्तद्वाच्य,1
एवावधार्यः,1
एवासीत्,1
एवास्य,1
एवास्यैवानावश्यकत्वमुक्तं,1
एवाहः,1
एवाहुःवेन,1
एवाहृतच्चैतन्य,1
एवाऽत्मनः,1
एवाऽनेककार्यजनिकाऽनेकाः,1
एवाऽयमविशुद्धः,1
एवाऽस्य,1
एवाऽऽह,1
एवेत्येवकारेण,1
एवेष्यते,1
एवैः,1
एवैषोऽधिदेवतमयमध्यात्मम्,1
एवै॒ररा॑तिमतारी॒दसू॑षुदन्त,1
एवोक्तस्यान्नमेव,1
एवोच्यन्ते,1
एवोत्तरत्र,1
एवोत्पत्तिरस्तु,1
एवोत्पत्तिरित्यदोषः,1
एवोत्पन्नः,1
एवोद्योतकरो,1
एवोभयलिङ्गात्,1
एव्म,1
एव्व,1
एव॒,1
एश,1
एषामधोगतिर्बन्धो,1
एषामनेकत्वसङ्ख्यासम्बन्धादनेकत्वम्,1
एषाम्,1
एषा॒म्मन॑सश्च,1
एषोऽन,1
एषोऽन्तर्हृदय,1
एष्यति,1
एष्यमेलने,1
एहि,1
एहिकबुभुक्षा,1
एह्येहि,1
एह्य॒र्वाङि॒यं,1
ए॑ति,1
ए॑धते,1
ए॑नमीश्व॒रा,1
ए॑नम्,1
ए॑नम्प्र॒दहो॒,1
ए॑नम्भू॒त्वाग्निर॑नू॒त्थाय॑,1
ए॑नयोरनुलो॒मं,1
ए॑नयो॒र्दोहं॑,1
ए॑न॒,1
ए॑न॒मव॑रुद्धा॒,1
ए॑षाम्,1
ए॑षाम्प॒शव॒,1
ए॑षाम्प॒शव॒स्ता,1
ए॒तज्ज॒मद॑ग्निर्विह॒व्य॑मपश्य॒त्तेन॒,1
ए॒तत्ते॑,1
ए॒तत्पृ॑च्छामि॒,1
ए॒तत्प्र॒जा,1
ए॒तत्प॒शु,1
ए॒तथ्सम्भ॑रन्ति॒,1
ए॒तदन्न॒मन्ने॒,1
ए॒तदु॒ल्बणम्,1
ए॒तदे॒व,1
ए॒तद्दे॒वता॑ना,1
ए॒तद्ध॑,1
ए॒तद्यज॑मानो॒,1
ए॒तद्य॒ज्ञस्य॑,1
ए॒तद्य॒मस्य॒,1
ए॒तद्रु॑द्रस्य॒,1
ए॒तद्वा,1
ए॒तद्वि,1
ए॒तद्व॑रुण॒लक्ष॑णम्,1
ए॒तद॑स्य,1
ए॒तन्न,1
ए॒तन्म॑हि॒मान,1
ए॒तमुन्मा॑दयन्ति॒,1
ए॒तम्,1
ए॒तम्म॑हाय॒ज्ञम॑पश्य॒न्तम॑तन्वता,1
ए॒तम्म॒न्थिनः॑,1
ए॒तम॑रु॒णाः,1
ए॒तम॒भि,1
ए॒तस्या,1
ए॒तस्याकॢ॑प्तं॒,1
ए॒तस्याकॢ॑प्ता॒,1
ए॒तस्यायुः॑,1
ए॒तस्या॒,1
ए॒तस्या॒ग्नेरन॑तिदाहाय,1
ए॒तस्या॒ग्नेरन॑भ्यारोहाय,1
ए॒तस्येत्या॑ह,1
ए॒तस्येष्ट॑का॒,1
ए॒तस्य॒,1
ए॒ताञ्जया॒न्प्राय॑च्छ॒त्तान॑जुहो॒त्ततो॒,1
ए॒ताञ्जु॑हुयादभ्याता॒नैरे॒व,1
ए॒तान्थ्स्तोम॑भागानब्रवी॒त्ततो॒,1
ए॒तान्ब्रा,1
ए॒तान॑भ्याता॒नान॑पश्य॒न्तान॒भ्यात॑न्वत॒,1
ए॒ताव॑न्तो॒,1
ए॒ताव॒द्वै,1
ए॒तु॒,1
ए॒तेभिः॑,1
ए॒तेषां,1
ए॒तैरादि॑त्य,1
ए॒त्याप॒स्त्रीणि॑,1
ए॒नं॒,1
ए॒न॒मुत्त॑रः,1
ए॒न॒म्मे॒धा,1
ए॒वमे॒तं,1
ए॒वमे॒तस्या॑,1
ए॒वमे॒तौ,1
ए॒वम॑ध्व॒र्युः,1
ए॒वाति॑रिक्तं,1
ए॒वाद्याः,1
ए॒वाव॑,1
ए॒वासौ,1
ए॒वास्याः,1
ए॒वास्यो,1
ए॒वास्य॑,1
ए॒वास्य॒,1
ए॒वाहीन्द्रेति॑,1
ए॒वाह्यग्न॒,1
ए॒वाह्ये॒वेति॑,1
ए॒वैतया॑,1
ए॒वैनान्॑,1
ए॒वैना॑न॒न्नाद्यं॑,1
ए॒वैन॒म्भूतिं॑,1
ए॒वोत्त॑रे॒,1
ए॒वोद्गा॑तृ॒णाम्,1
ए॒वौद॒नं,1
ए॒षां,1
ए॒षु,1
ए॒ष्व॑सावा॑दि॒त्यो,1
ऐकन,1
ऐकारौकारावयवेष्वदिदुत्सु,1
ऐक्यज्ञानं,1
ऐक्षन्त,1
ऐच्छत्,1
ऐतिह्यनिमित्तं,1
ऐतिह्यनिमित्तम्,1
ऐतेन,1
ऐदंपर्यमित्यस्य,1
ऐदम्प्राथम्येन,1
ऐलाश्रमवर्णनं,1
ऐशान्याम्,1
ऐश्वरं,1
ऐश्वर्यस्य,1
ऐसोटोप्,1
ऐ॒न्द्रः,1
ऐ॒न्द्रा॒ग्नं,1
ऐ॒न्द्रा॒ग्नमेका॑दशकपालं,1
ओजश्शक्तिप्रकाशनः,1
ओजस्वी,1
ओजो,1
ओज॑,1
ओज॑से,1
ओज॑सै॒वास्मा॒,1
ओज॑स्कामस्य,1
ओज॑स्वन्त॒म्मामायु॑ष्मन्तं॒,1
ओज॒स्वित॑रः,1
ओज॒स्व्ये॑व,1
ओडिशाराज्ये,1
ओडिशाविश्वविद्यालयः,1
ओडीशमध्ये,1
ओदनशेषत,1
ओन्नमो,1
ओमित्येकाक्षरं,1
ओरिस्सा,1
ओषधिबीजानि,1
ओषधिविशेषार्थत्वम्,1
ओष॑धयो॒,1
ओष॑धीः,1
ओष॑धीना,1
ओष॑धीभिः,1
ओष॑धीभ्यः,1
ओष॑धीभ्य॒श्चतु॑र्दश,1
ओष॑धीर्दे॒वगो॑पाः,1
ओष॑धीषु॒,1
ओष॑धीष्वे॒व,1
ओस्ट्रेलिय,1
ओ॒द॒न,1
औणादिकोड,1
औदलया,1
औदुम्बरीभिः,1
औदु॑म्बर॒,1
औद्योगिककेन्द्रेषु,1
औद्योगिकायोग,1
औद्वहनायना,1
औपमन्यवह्,1
औपलेखयो,1
और्वोऽग्निं,1
औषधं,1
औष्णनाशवदाति,1
औ॒र्व॒भृ॒गु॒वच्छुचि॑मप्नवान॒वदा,1
कंसं,1
ककराञ्छिशिराय,1
ककु॒ह,1
ककु॒हासु॒,1
कक्त्रीत्वव्यक्तिं,1
कक्षाभ्याञ्चैकक्षपक्षतः,1
कक्ष्या,1
कक्ष्यातः,1
कक्ष्यायां,1
कक्ष॒मुपौ॑षे॒द्यदि॑,1
कच्,1
कच्चित्त्वं,1
कच्चेगुड,1
कच्छपसर्पस्त्रीदुर्जनादर्शनेऽपि,1
कञ्चित्,1
कञ्चुकत्रयं,1
कटकटादिकः,1
कटकानि,1
कटकान्तरेष्वपि,1
कटाक्षवशाद्वज्रकीलायितानित्यर्थः,1
कटिम्,1
कटुका,1
कटुकैर्युक्तं,1
कटुको,1
कट्फलामलकव्योषं,1
कट्यादिषु,1
कट्वम्ललवणमधुरकषायतिक्तरूपः,1
कणपिण्याकफलीकरणकुल्माषस्थाली,1
कणैः,1
कण्टककोटितया,1
कण्टकान्सर्वान्मर्दयस्व,1
कण्टकार्या,1
कण्ठमामलसारकम्,1
कण्ठरवेणानुक्तिस्तु,1
कण्ठवेदनायाः,1
कण्ठान्तं,1
कण्ठे,1
कण्डरीकश्च,1
कण्वायनाः,1
कतिचन,1
कतिपयैः,1
कत्तव्य,1
कत्र्रधिष्ठितस्यैव,1
कत्वा,1
कत्वाभिर्वाप्तानि,1
कत॒रश्च॒नैनोः,1
कथंभावदेशसामान्ययौगिकरूपाणां,1
कथञ्चिदुपपद्यन्ते,1
कथनं,1
कथनम्,1
कथमक्षाणां,1
कथमपरोक्षज्ञानसाधनमेव,1
कथमस्य,1
कथमित्यत,1
कथमिन्यत,1
कथमेकात्मवर्तित्वमिति,1
कथमेकापराधेन,1
कथमेतत्,1
कथमोङ्कार,1
कथयन्तम्,1
कथयामास,1
कथयितुं,1
कथयिष्यामि,1
कथामपि,1
कथाम्,1
कथाशीलौ,1
कथ्यत,1
कथ्यतां,1
कथ्यन्ते,1
कथ्यमानत्वात्,1
कदचित्कुहाचिदपि,1
कदन्नं,1
कदम्ब,1
कदर्थीकृत्योत्पथेन,1
कदर्यस्य,1
कदली,1
कदाचिच्चोदाररूपाश्च,1
कदाचित्,1
कदाचित्कत्वेन,1
कदाचित्कश्चिद्वृषलपतिर्भद्रकाल्यै,1
कदाचिदप्यभिव्यक्तचेतना,1
कदाचिदप्यात्मभ्यो,1
कदाचिद्रविशतविमले,1
कदाचिद्विच्छिन्नरूपाः,1
कदापि,1
कदीश्वराणां,1
कद्रू,1
कनकधत्तूरमूलं,1
कनिष्ठया,1
कनिष्ठाङ्गुलमानतः,1
कनिष्ठाभ्यां,1
कनि॑क्रद॒द्गा,1
कन्त्वितिजानुकण्ठ,1
कन्दमध्याच्च,1
कन्दुकक्षेपकानां,1
कन्दुकक्षेपकान्,1
कन्दुकलीलया,1
कन्धरां,1
कन्नड,1
कन्नडसारस्वतलोकस्य,1
कन्नडसाहित्यसम्मेलनस्य,1
कन्नौजनगरम्,1
कन्नौजमण्डलम्,1
कन्यकादानात्,1
कन्यकायाश्च,1
कन्यया,1
कन्यसमत्र,1
कन्याः,1
कन्यादाता,1
कन्यानां,1
कन्यापंक्तिं,1
कन्याभावं,1
कन्याभैक्षं,1
कन्याश्रीतो,1
कन्यास्वीकारं,1
कन्याऽसि,1
कन्याऽहमभवं,1
कपर्दिनं,1
कपर्दी,1
कपालीशादशः,1
कपालीशोग्निरुद्रश्च,1
कपिकेशाः,1
कपिञ्जलान्,1
कपिप्रवरकेतनः,1
कपिमुख्येन,1
कपिर्वै,1
कपिल,1
कपिला,1
कपिलागोमयं,1
कपिलादिनामपि,1
कपिलो,1
कप॒र्दिनः,1
कप॒र्दिने॑,1
कफं,1
कफपित्तजेषु,1
कफस्य,1
कबन्धः,1
कबन्धस्कन्धेषु,1
कबन्धस्य,1
कमनीयः,1
कमलनयनां,1
कमललोचना,1
कमलस्थो,1
कमलस्हित,1
कमलाक्षस्य,1
कमलापतिनयनार्चितकरुणाकृतिचरण,1
कमलामिवान्यां,1
कम्पः,1
कम्पत्य्,1
कम्बल,1
कम्बुं,1
कम॑करं,1
कम॑ध्व॒र्युरा,1
कया,1
करं,1
करणग्रामो,1
करणत्वं,1
करणत्वाच्छस्त्रादिवदचेतनत्वमनिवार्यमेव,1
करणत्वात्,1
करणमिति,1
करणमिन्द्रियवर्गश्चेष्टते,1
करणमुत्तमं,1
करणवर्गश्चेष्टत,1
करणसंस्था,1
करणादिसम्बन्धस्य,1
करणादुत्पद्यन्ते,1
करणाधारदेहत्वे,1
करणाधिकरणयोरेव,1
करणाधिकारानर्हे,1
करणानामचेतनत्वात्,1
करणानीत्यत,1
करणानीत्यन्तःकरणसिद्धिः,1
करणान्तरं,1
करणान्तरनिरपेक्षा,1
करणान्तरसापेक्षः,1
करणान्तरसिद्धिः,1
करणान्तरापेक्षा,1
करणान्यन्तर्मनोऽहङ्कारबुद्धयः,1
करणापेक्षाऽस्तीत्युक्तमिति,1
करणार्थे,1
करणासम्भवेन,1
करणीयमिति,1
करणीयमित्यन्यो,1
करणीयमेवाग्रिमं,1
करणीया,1
करणीयानि,1
करणीयो,1
करणै,1
करणैराविश्य,1
करणैर्वाव,1
करतलाङ्गुष्ठौ,1
करद्वयेन,1
करनयनसहस्रं,1
करपङ्कजे,1
करपुटाकारं,1
करपुटाकृति,1
करपुटाग्रकम्,1
करपूजानिवृत्तानां,1
करव,1
करवाणीति,1
करवावहै,1
करवीरैश्च,1
करवोपरम्,1
करसंवाहने,1
करालाय,1
करि,1
करिवरकरबाहुर्नीलजीमूतवर्णः,1
करिष्यंति,1
करिष्यते,1
करिष्यामि,1
करिष्ये,1
करीं,1
करुणया,1
करुणामयीं,1
करोतितम्,1
करोतीति,1
करोतीत्यर्थे,1
करोतीत्यस्मिन्नर्थे,1
करोतीत्यस्य,1
करोत्यग्निजि॒ह्वेभ्य॑स्त्वर्ता॒युभ्य॒,1
करोत्यनुल्ब॒णं,1
करोत्यन्तःस्थितं,1
करोत्यन्मीलनं,1
करोत्या॒यत॑नवान्भवति॒,1
करोषि,1
करोषि॑,1
करो॑षि,1
करो॒ति,1
करो॒त्यन्वे॒वास्मा॒,1
करौ,1
कर्कन्धूर्बदरी,1
कर्कन्धूशब्दादूङन्ताट्टायां,1
कर्कन्ध्वा,1
कर्टोसाट्,1
कर्णं,1
कर्णमवासृजम्,1
कर्णयोनौ,1
कर्णवेधक्रियायां,1
कर्णशष्कुल्यादिस्थानान्येवेन्द्रियाणि,1
कर्णस्थाने,1
कर्णस्य,1
कर्णस्रावे,1
कर्णाटकसंस्कृतविश्वविद्यानिलये,1
कर्णिकां,1
कर्णेभिरिति,1
कर्णोत्पलस्य,1
कर्तव्य,1
कर्तव्यन्यासविशेषादिकं,1
कर्तव्यमित्याह,1
कर्तव्या,1
कर्तव्ये,1
कर्तव्येत्य्,1
कर्तव्यो,1
कर्ताकर्ता,1
कर्तुमर्हसि,1
कर्तुमिच्छसि,1
कर्तुमिच्छस्व,1
कर्तुम्,1
कर्तुरिति,1
कर्तुर्न,1
कर्तुर्नाकरणा,1
कर्तृ,1
कर्तृकारकः,1
कर्तृकारकमुच्यते,1
कर्तृकारकम्,1
कर्तृत्वमविच्छिन्नेऽविकारिणि,1
कर्तृत्वमिष्यते,1
कर्तृत्वाभिव्यञ्जकरीकलोत्युच्यते,1
कर्तृत्वेऽभ्युपगम्य,1
कर्तृपरिमारणं,1
कर्तृपूर्वकत्वदर्शनाद्,1
कर्तृभावे,1
कर्तृभेदात्,1
कर्तृभेदादेव,1
कर्तृमत्,1
कर्तृशक्तिं,1
कर्तृशक्तिः,1
कर्तृशक्तिकाम्,1
कर्तृशपक्ष,1
कर्तॄणां,1
कर्त्तव्यमिति,1
कर्त्ताधिकर्त्ता,1
कर्त्तेति,1
कर्त्रुत्वादिरूपं,1
कर्त्रृत्वस्य,1
कर्दनेन,1
कर्द्दमं,1
कर्नाटकराज्ये,1
कर्मकर्तृत्वाऽनुपपत्तेर्युगपत्,1
कर्मकर्तृभिः,1
कर्मकारकं,1
कर्मकारकार्थम्,1
कर्मकाररूपेण,1
कर्मकृतेति,1
कर्मकृत्,1
कर्मजो,1
कर्मज्ञं,1
कर्मणस्तद्भोगार्थ,1
कर्मणस्तुल्यते,1
कर्मणाङ्का,1
कर्मणान्यूनाधिक,1
कर्मणाम्,1
कर्मणी,1
कर्मणेति,1
कर्मतया,1
कर्मतश्चोपादानाज्जातम्,1
कर्मत्वा,1
कर्मत्वाभावे,1
कर्मदेवाजानजाद्याः,1
कर्मदेवादि,1
कर्मदेहो,1
कर्मनियमा,1
कर्मनिर्देशविक्षोभकरणत्वं,1
कर्मपथेषु,1
कर्मपरिभाषायां,1
कर्मपाकार्थं,1
कर्मपूर्तये,1
कर्मप्रतिकृतिः,1
कर्मप्रतिष्ठेतित्वविद्युच्यत,1
कर्मफलदो,1
कर्मफलप्रदः,1
कर्मफलभोक्त्रृत्वं,1
कर्मफलभोगस्य,1
कर्मफलानां,1
कर्मबन्धविध्वंसनश्रवणस्मरणगुणविवरण,1
कर्मबन्धविमुक्तये,1
कर्मभिस्त्री,1
कर्मभूमिः,1
कर्मभेद,1
कर्मभेदः,1
कर्मभेदाच्च,1
कर्मभेदोऽनुमीयत,1
कर्ममध्ये,1
कर्मरज्ज्वा,1
कर्मरहितानां,1
कर्मरूपपाशत्रयबन्धनिवृत्तिसहितं,1
कर्मलक्षणमाहा,1
कर्मवाचनायाः,1
कर्मविधिरुक्तः,1
कर्मविधेः,1
कर्मविनाकृताः,1
कर्मवेतनत,1
कर्मशब्देन,1
कर्मशालाम्,1
कर्मसंस्कारपाकानुगुणं,1
कर्मसंस्कारयुक्तस्य,1
कर्मसामान्ययोः,1
कर्मसामान्यसमवायानां,1
कर्मसाम्यम्,1
कर्मस्पष्टमेतद्,1
कर्माक्षाणां,1
कर्माग्नौ,1
कर्माङ्गत्वादभिधानार्ह,1
कर्माण्यश्रूयमाणानि,1
कर्माण्येव,1
कर्मातिदारुणं,1
कर्मात्मना,1
कर्मादिकारकानीकप्रयोक्ता,1
कर्मादृष्टाख्यमस्ति,1
कर्मानुष्ठानं,1
कर्मानुष्ठानादर्शनाच्च,1
कर्मानुष्ठाने,1
कर्मारभ्य,1
कर्मार्जनं,1
कर्माशयसमेतस्य,1
कर्माशयानुरूपेण,1
कर्मासी॒दार्ध्य॑त॒,1
कर्मास्ति,1
कर्मिकर्म,1
कर्मेन्द्रियवर्गो,1
कर्मेन्द्रियसिद्धिमाह,1
कर्मेन्द्रियाणां,1
कर्मेन्द्रियाणामाहङ्कारिकत्वमाह,1
कर्मेन्द्रियाणाम्,1
कर्मेन्द्रियाण्यतो,1
कर्मेन्द्रियादि,1
कर्मेन्द्रियान्तः,1
कर्मेन्द्रियान्तकः,1
कर्मैवाऽदृष्टाख्यं,1
कर्म्मन्दी,1
कर्म॑णः,1
कर्म॑णा,1
कर्म॒कृतः॑,1
कर्म॒णेर्थ्से॒त्तत्र॑,1
कर्म॒फलम्,1
कर्षकः,1
कर्षसमैः,1
कर्षादात्मन्युत्पद्यमानायाः,1
कर्षुको,1
कर॑त्,1
कर॒त्पश्वे॒,1
कर॒म्भेण॑,1
कलङ्कं,1
कलत्वपदं,1
कलनशक्तिमान्,1
कलनस्य,1
कलनाम्,1
कलनाम्नश्च,1
कलप्रलयाकलसकलनां,1
कलबन्धनयात्वर्थः,1
कलभदशनदंष्ट्रो,1
कलमती,1
कलयेति,1
कलरूपपवित्रय,1
कलविकराणि,1
कलविङ्कान्,1
कलशश्चातिभोजनम्,1
कलाकृति,1
कलाक्रमेण,1
कलाक्षेत्रं,1
कलाङ्गीक्रियते,1
कलाजालं,1
कलातत्त्वाद्रागविद्ये,1
कलातत्त्वे,1
कलातत्त्वेऽष्टाष्टक्रमेणाष्टौ,1
कलातत्वमिदं,1
कलातत्वादितः,1
कलातत्वान्तमग्रे,1
कलादिकमपेक्षते,1
कलादिक्षित्यन्ततत्वादिपेभ्यो,1
कलादिक्षित्यन्ततत्वाधिपा,1
कलादिक्षित्यन्ततत्वेभ्यो,1
कलादिपञ्चकञ्चुकयुक्तस्य,1
कलादिपाशात्मकशरीरसम्बन्धं,1
कलादिभिः,1
कलादिभिस्तत्त्वैरुपबृंहित,1
कलादिभोगसाधनसम्भूतिरित्युक्तम्,1
कलादियोगेऽपि,1
कलादिव्यञ्जकाभावान्न,1
कलादिसम्बन्धरहिततया,1
कलादिसम्बन्धादभिव्यज्यन्त,1
कलादिसम्बन्धोत्तरकालभावित्वात्,1
कलादिसम्भूतिर्भोगिनां,1
कलादिसूक्ष्मदेहादिसम्बन्धं,1
कलादीन्येकत्रिंशत्तत्त्वानि,1
कलादेदुपसंहारात्,1
कलाद्यपेक्षित्वादित्याह,1
कलाद्यवनि,1
कलाधिपत्वमस्यात्मनः,1
कलाध्वा,1
कलाध्वानमाह,1
कलानन्दनं,1
कलानपेक्षस्यैव,1
कलानुग्रहसापेक्षा,1
कलान्,1
कलान्तस्यादम्बुमायान्तको,1
कलान्तोधम्,1
कलान्तोऽयम्,1
कलापदे,1
कलापयोर्यायार्थज्ञानजन्या,1
कलापवान्,1
कलाभिस्तानि,1
कलामजनयत्क्रमात्,1
कलामायारागविद्या,1
कलाया,1
कलायास्तु,1
कलायुक्तोभिधीयते,1
कलायोगः,1
कलायोगात्,1
कलायोगेनोत्पद्यते,1
कलायोगोऽप्यहेतुकः,1
कलावत्,1
कलावर्ति,1
कलावान्,1
कलाविद्यारागाख्यं,1
कलाशालायाः,1
कलाशालासु,1
कलाश्च,1
कलासमायुक्तो,1
कलासम्बन्धाऽन्यथाऽनुपपत्त्या,1
कलासम्बन्धोऽङ्गी,1
कलासम्बन्धोऽप्यस्य,1
कलासाहित्यप्रतिभा,1
कलास्ताभि,1
कलाऽस्यातः,1
कलिकलुषभयं,1
कलेवरं,1
कलैकदेशे,1
कल्केनालेपयेन्नवाम्,1
कल्कैः,1
कल्कैर्मधूकमञ्जिष्ठाचन्दनोत्पलपद्मकैः,1
कल्प,1
कल्पं,1
कल्पकं,1
कल्पतरूक्तोऽर्थः,1
कल्पनं,1
कल्पना,1
कल्पनागौरवप्रसङ्गात्,1
कल्पनाम्,1
कल्पनीय,1
कल्पपादपः,1
कल्पमानः,1
कल्पयति॒,1
कल्पयतीति,1
कल्पयत्ये॒ता,1
कल्पयन्ति,1
कल्पयित्वाऽसङ्गत्या,1
कल्पयेत्तस्य,1
कल्पितः,1
कल्पितम्,1
कल्पिता,1
कल्पिते,1
कल्पितेन,1
कल्पे,1
कल्पो॑ऽत,1
कल्प्यं,1
कल्प्यताम्,1
कल्प्यमाने,1
कल्प्याः,1
कल्प्यानि,1
कल्प॑ते,1
कल्प॑माना,1
कल्याण,1
कल्याणं,1
कल्याणगवी,1
कल्याणनिधये,1
कल्याणराजमोहनः,1
कल्याणसुन्दराकारः,1
कल्याणाय,1
कल्र्स्,1
कवच,1
कवचकार्यातिशयहेतत्त्वब्जशशिनोर्मधुलिट्कलङ्कौ,1
कवचनेत्रास्त्रमन्त्राश्च,1
कवचमेव,1
कवचस्य,1
कवत्रृत्वे,1
कवयो,1
कवर्षोरू,1
कवलितम्,1
कवि,1
कविः,1
कविकण्ठस्थितः,1
कविराट्,1
कविराण्मूर्तिः,1
कविर्जायते,1
कवीनाम्,1
कवी॒नामृ॒तेन॒,1
कवेः,1
कशेरुः,1
कश्चन,1
कश्चिच्चले,1
कश्चित्कुरुते,1
कश्चित्खनन्भूमिं,1
कश्चिदत्रापि,1
कश्चिदुपाय,1
कश्चिद्,1
कश्चिद्गोलकोऽवस्थितस्तदा,1
कश्चिद्दृष्टं,1
कश्चिद्वीतरागः,1
कश्चिन्मुह्यन्त्यत्र,1
कश्चि॑न्ममृ॒वां,1
कश्मीरदेशीयानि,1
कश्मीरायां,1
कश्यप,1
कश्यपस्य,1
कश्यपाज्ज्यो,1
कश्यपात्क्षत्रियं,1
कश्यपादधि॑निर्ध॒मति,1
कश्यपेवांसौ,1
कश्य॑प,1
कश्य॑पोऽष्ट॒मः,1
कश्य॑प॒स्याति॑थिः॒,1
कषक्कूट्टं,1
कषाययुक्तः,1
कष्टानि,1
कस्तं,1
कस्तत्र,1
कस्तल्लब्ध्वा,1
कस्तां,1
कस्तूरिं,1
कस्तूरीपङ्कपत्रव्यतिकरशबलव्यायतांसे,1
कस्मात्,1
कस्मात्त्वं,1
कस्मादकस्मात्,1
कस्मान्,1
कस्मा॑दै॒न्द्रो,1
कस्मिंश्चित्तव,1
कस्मिंश्चिद्वृक्षे,1
कस्मिन्नर्थे,1
कस्मिन्नु,1
कस्मिश्र्चिन्नूतने,1
कस्मै,1
कस्मै॒,1
कस्यचन,1
कस्यचित्,1
कस्यचित्त्वथ,1
कस्यचिदसंभवात्,1
कस्यचिद्द्विजवरस्याङ्गिरःप्रवरस्य,1
कस्याञ्चिदवस्थायामात्मनि,1
कस्याऽविभुत्वात्,1
कस्येत्यत,1
कस्समुत्स्रष्टुमर्हति,1
कां,1
कांशिदनुग्राह्य,1
कांश्चित्सुरान्,1
कांश्चिदृते,1
कांस्य,1
कांस्यानि,1
काकमाचीकुरण्टोत्थद्र,1
काकशान्तिं,1
काकुत्स्थ,1
काकोलूकास्तथैव,1
काङ्क्षन्तं,1
काचिदपि,1
काञ्चनैः,1
काञ्चनोरुर्,1
काठकश्चैव,1
काणिराणिश्रणिभणिहेठिलोपयः,1
काणोविक्रान्तदर्शन,1
काण्डत्रयविधायकाय,1
काण्डम्,1
काण्डोदरयश्चक्रदर्भयः,1
काण्यादीनामिति,1
काण्वसंहितायां,1
कात्किम्,1
कादाचित्कं,1
कादाचित्कतया,1
कादाचित्कम्,1
कादाचित्काश्च,1
काननं,1
काननैश्च,1
काननोत्सङ्गसङ्गामुकः,1
कानि,1
कान्ताय,1
कान्तिः,1
कान्तिर्नीतिः,1
कान्तो,1
कान्त्यम्भःपूरपूर्णे,1
कान्त्यसनखादनेष्विति,1
कापिञ्जला,1
काबूलं,1
काबूल्,1
काम,1
कामः,1
कामः॑,1
कामः॒,1
कामकर्मणी,1
कामकामी,1
कामदा,1
कामदेवाय,1
कामधेनुश्च,1
कामभोगेषु,1
काममंशौ,1
काममद्यैव,1
काममनवाप्यैव,1
कामयामासतुस्तौ,1
कामयेत,1
कामला,1
कामवृत्तं,1
कामसंमत्तो,1
कामा,1
कामाँल्लभते,1
कामांश्च,1
कामाकामकृतं,1
कामाक्षीं,1
कामादन्यत्र,1
कामादपरे,1
कामादिका,1
कामाद्भरतसत्तमः,1
कामाद्वा,1
कामानवरून्धते,1
कामानाप्नोति,1
कामानामीश्वरः,1
कामा॒,1
कामा॒न्,1
कामा॒न्काम॒कामा॑य॒,1
कामिकं,1
कामिकादि,1
कामेन,1
कामेषु,1
कामैर्,1
कामो,1
कामो॑,1
काम्य,1
काम्यं,1
काम्यकर्मणा,1
काम्या,1
काम्याय,1
काम्याश्च,1
काम॒स्तदग्रे॒,1
कायमानसः,1
कायमुच्चैः,1
कायरन्ध्रविशिष्टे,1
कायवेदनाचित्तधर्मसन्निश्रितानां,1
कायसम्पदं,1
कायस्तपः,1
कायस्थो,1
कायस्य,1
कायाकाशे,1
कायात्,1
कायादि,1
कायाऽऽत्मापि,1
कायिकस्पर्धा,1
काय॑,1
कार,1
कारकत्वमात्रविवक्षया,1
कारकत्वमात्रेण,1
कारकमिति,1
कारक्रमेण,1
कारण,1
कारणकलां,1
कारणतः,1
कारणत्वं,1
कारणत्वमपुस्तभुतयुक्तमिति,1
कारणत्वमिति,1
कारणत्वमित्यत,1
कारणपूर्वकत्वं,1
कारणपूर्वकत्वमिति,1
कारणपूर्वत्वमिष्टं,1
कारणभावोऽपि,1
कारणभूतात्,1
कारणभूते,1
कारणभूतैस्तन्मात्रैर्य,1
कारणमभवत्,1
कारणमिति,1
कारणमिष्यते,1
कारणमुक्तम्,1
कारणसंश्रयः,1
कारणसिद्धये,1
कारणाच्छिवत्व,1
कारणादत,1
कारणानि,1
कारणानियमलक्षणोऽनवस्थादोषः,1
कारणानुविधायिता,1
कारणानुविधायित्वं,1
कारणान्तरेऽतिदेशातू,1
कारणान्ते,1
कारणाभ्यां,1
कारणीभूतयोः,1
कारणेद्धृवादिनाशक्तिसूत्रं,1
कारणेनोच्यते,1
कारणेश्वरः,1
कारमुभेदसामर्थ्यवशादाकृष्य,1
कारयन्नेवास्माकं,1
कारयामः,1
कारयेद्,1
काराणम्,1
कारिकाभिरुदितो,1
कारिकासु,1
कारिकेयी,1
कारिणां,1
कारित्रविरोधः,1
कारित्वासिद्धेः,1
कारेण,1
कार्तस्वनश्चैव,1
कार्त्स्न्येनात्मने,1
कार्यं॑,1
कार्यकरत्वे,1
कार्यक्रमः,1
कार्यक्रमान्,1
कार्यतासिद्धौ,1
कार्यत्वमनिर्देशेन,1
कार्यत्वमिति,1
कार्यत्वसिद्धेस्तत्कारणतया,1
कार्यत्वेनाऽनित्यत्वाद्,1
कार्यपालिकाशक्तेः,1
कार्यभूतस्य,1
कार्यभेद,1
कार्यमधिष्ठाय,1
कार्यमाणः,1
कार्यमिति,1
कार्यमुखेनाहा,1
कार्यमेव,1
कार्यम्,1
कार्ययोनीनां,1
कार्यरूपस्य,1
कार्यशरीरबन्धस्यावस्थितेर्जात्यायुर्भोगप्रदानि,1
कार्यसमारम्भे,1
कार्यस्योत्पादयितारो,1
कार्यस्सूतपुत्रस्य,1
कार्या,1
कार्याकार्य,1
कार्याणां,1
कार्याणामप्यधोऽधोभावं,1
कार्याणि,1
कार्यात्,1
कार्यादिव्यवहारात्,1
कार्यान्तरमित्यर्थः,1
कार्यालयः,1
कार्यालयङ्गन्तव्यमिति,1
कार्यालयमगच्छम्,1
कार्यालयम्,1
कार्यालयात्,1
कार्यालये,1
कार्येति,1
कार्येत्यत,1
कार्येत्यर्थः,1
कार्येमरेशादि,1
कार्योत्यर्थः,1
कार्योभिदात्वियम्,1
कार्योऽतिमत्सरः,1
कार्ल,1
कार्षिकैः,1
कार्षिरसीति,1
कार्षीः,1
कार्ष्णिजः,1
कालकटाक्षपतनशबलमिव,1
कालकण्ठो,1
कालक्रमं,1
कालक्रिया,1
कालचोदितः,1
कालजपेक्ष्यते,1
कालज्ञाने,1
कालञ्जरशङ्कुकर्ण,1
कालटी,1
कालतत्वपर्यन्ता,1
कालतत्वाधिपाय,1
कालतत्वाय,1
कालदण्डमिवान्तकः,1
कालदानं,1
कालदेशानुसारतः,1
कालदैर्घ्यं,1
कालधर्मं,1
कालनाभो,1
कालनियतिस्तासां,1
कालनियत्याख्यं,1
कालनियत्योश्च,1
कालपायना,1
कालमराणामप्याज्ञा,1
कालम्मत्कल्पिताधिकारेष्टपरिश्रान्ता,1
कालरुद्राय,1
कालवशं,1
कालवशादेव,1
कालविपर्ययात्,1
कालश्चित्र,1
कालस्सोऽन्तको,1
काला,1
कालांशः,1
कालांशयोः,1
कालाक्षा,1
कालाग्निः,1
कालाग्निप्रभृतिनां,1
कालाग्निसंयुक्तं,1
कालाङ्गुलिलिख्यमानलेखाख्यातमरणावधिदिवससङ्ख्यानेनेव,1
कालातीत,1
कालात्,1
कालात्ययापदिष्टत्वात्,1
कालादि,1
कालादिदृष्टान्तात्,1
कालाधिपतये,1
कालाधिपत्वमस्यानन्तकालावस्थितत्वं,1
कालानि,1
कालान्तं,1
कालान्तरभाविकर्मफलभोक्तृत्वासम्भवादुक्तवद्भोग्यत्वाच्च,1
कालान्तोऽयम्,1
कालान्मृत्युरागचति,1
कालाबद्धसहितः,1
कालाय,1
कालावयवानामितः॑,1
कालाऽवच्छेदं,1
कालिकज्योतिः,1
कालिकवत्सोपि,1
काली,1
कालेनाप्रमत्तेन,1
कालेषु,1
कालैर्‌हरित्व॑माप॒न्नैः,1
कालोत्तराद्युक्त,1
कालोऽय,1
काल॒प॑र्यये,1
काव्य,1
काव्यगुणा,1
काव्यशास्त्रीयः,1
काव्यशास्त्रेतिहासे,1
काव्यानुशासन,1
काव्यानुशासनकारो,1
काव्यानुशासनकृतोऽन्य,1
काव्यानुशासनकृद्,1
काव्या॑,1
काव्ये,1
काव्येषु,1
काशीं,1
काश्चिन्मलस्य,1
काश्मीरादौ,1
काश्यपवचः,1
काश्यपस्य,1
काश्यपस्यात्मसम्भवः,1
काश्यपा,1
काश्यपायेत्यादि,1
काष्ठकृतयः,1
कासरगोडुमण्डले,1
कासु॑,1
का॑ल,1
का॒,1
का॒मये॑ता॒न्नाद्यम्,1
का॒मये॒तान्न॑वानन्ना॒दः,1
का॒मये॒तान॑भिजितम॒भि,1
का॒मे॒श्व॒रो,1
का॒म॒प्र॒यव॑णं,1
का॒यमेक॑कपालं,1
का॒र्यः॑,1
का॒र्यो,1
का॒लाः,1
का॒व्यो,1
किंच,1
किंचित्स्थौल्यापकर्षणम्,1
किंचित्स्वयं,1
किंचिदपि,1
किंचिन्मुष्टिं,1
किंचेति,1
किंतु,1
किक्किटाका॒रेण॒,1
किङ्कृता,1
किञ्चिज्जन्जानातीति,1
किञ्चिज्ज्ञत्वकर्तृत्वयोरपि,1
किञ्चिज्ज्ञत्वमेव,1
किञ्चिज्ज्ञत्वादावपि,1
किञ्चिज्ज्ञत्वादेरप्यदर्शनात्,1
किञ्चिज्ज्ञो,1
किञ्चित्कालानन्तरं,1
किञ्चित्ज्ञानम्,1
किञ्चित्प्रतिपादक,1
किञ्चित्सामान्यतोऽन्यत्र,1
किञ्चिदन्तःप्रविष्टतारकम्,1
किञ्चिदपि,1
किञ्चिदसाध्यं,1
किञ्चिदस्तीति,1
किञ्चिदिव,1
किञ्चिदिष्यते,1
किञ्चिदेव,1
किञ्चिद्दीक्षोक्तरकालः,1
किञ्चिद्भावको,1
किञ्चिद्विधृतवक्त्रस्तु,1
किञ्चिद्विषये,1
किञ्चिन्न,1
किञ्चिन्नैव,1
किञ्चिन्मात्रेण,1
किण्वादिद्रव्यविकारेण,1
कितु,1
कित्तवनिषेधाद्गुण,1
किन्तर्हि,1
किन्त्वत्र,1
किन्नरम्,1
किन्नराः,1
किन्नरीविकटगीतिझंकृतिः,1
किन्नर्या,1
किमकुर्वन्नतः,1
किमतः,1
किमनुत्पन्नेन,1
किमनुपपन्नमित्युक्तं,1
किमन्येनाहङ्कारेण,1
किमभाव,1
किमर्थं,1
किमर्थमीश्वरेण,1
किमर्थमुपदर्शनमित्याह,1
किमहं,1
किमाचार,1
किमाससे,1
किमिति,1
किमित्यत,1
किमित्यत्र,1
किमियं,1
किमियमेकदेशे,1
किमुक्तमृषिणा,1
किमुपपदम्,1
किमु॑,1
किमेतदिति,1
किमेतान्युपस्थादीनि,1
किमेतास्स्युरुताहो,1
किमेभिः,1
किम्पुरुषोरगाः,1
किम्वन्तकासिलुलितात्,1
किम्वन्येषाम्,1
किम॒स्मान्कृ॑णव॒दरा॑तिः॒,1
कियच्चिरायुषा,1
कियत्,1
कियन्त,1
किया,1
किरमं,1
किरीटं,1
किरीटिनं,1
किरीटिना,1
किर्यमाणा,1
किलोग्रां,1
किलोदिता,1
किलोमितस्य,1
किल्बिषम्,1
किश्चित्,1
किषोर्,1
किष्किन्दायामुग्रकेतुं,1
किष्किन्ध्यापर्वते,1
किसलयाङ्कुरफलोपहारोपेतया,1
कि॒त॒वासो॒,1
कि॒रतु॒,1
की,1
कीट,1
कीदृशस्य,1
कीदृशां,1
कीदृशाः,1
कीदृशीत्यत,1
कीन्स्,1
कीर्तनं,1
कीर्तने,1
कीर्तयेत्,1
कीर्तिं,1
कीर्तिं॑,1
कीर्तिः,1
कीर्तितम्,1
कीर्तिता,1
कीर्तिताः,1
कीर्तितानि,1
कीर्तिसम्पत्ती,1
कीर्दित्यस्य,1
कीलकं,1
कीस्,1
कु,1
कुंडिकां,1
कुंतलज्योतिषा,1
कुक्कुटाण्डवत्,1
कुक्कुराः,1
कुक्षयः,1
कुक्षिमत्कम्वुकन्धरम्,1
कुङ्कुमादिकम्,1
कुटी,1
कुटुम्बाः,1
कुटुम्बे,1
कुण्डधवलानि,1
कुण्डमण्डल,1
कुण्डमण्डलपूर्वकं,1
कुण्डमण्डलमण्डपनिर्माणादाचार्य,1
कुण्डमण्डलादि,1
कुण्डलीनाभिमाश्रता,1
कुण्डले,1
कुण्डवति,1
कुण्डवेदिकयोर्मध्ये,1
कुण्डसंस्काराग्नि,1
कुण्डिनं,1
कुण्डोदरायणा,1
कुतन्त्रं,1
कुतश्शान्तिं,1
कुतस्तत्र,1
कुतस्तारतम्यमिति,1
कुतार्किकत्वेनाऽऽख्यातवान्,1
कुतोऽप्यमविशुद्धात्माऽत,1
कुत्र,1
कुत्रार्थे,1
कुत्रास्ति,1
कुत्वं,1
कुत्सितम्,1
कुत्सितस्मयने,1
कुन्ति,1
कुन्तीपुत्रो,1
कुन्त्या,1
कुन्त्युवाच,1
कुपटावृतकटिरुपवीतेनोरुमषिणा,1
कुपिताश्च,1
कुपितो,1
कुप्पुस्वामी,1
कुप्यते,1
कुबलयो,1
कुबेर,1
कुमारगन्धर्वः,1
कुमारश्चतुरङ्गेण,1
कुमाराः,1
कुमारावद्यापि,1
कुमारेण,1
कुमारेणानुभाषितम्,1
कुमार्या,1
कुम्भकस्येति,1
कुम्भदोहनधेनूनां,1
कुम्भरेताः,1
कुम्भसमुद्भव,1
कुम्भस्य,1
कुम्भेष्वर्पयामि,1
कुम्भोद्भूतः,1
कुरवो,1
कुरुतेया,1
कुरुते॒,1
कुरुनन्दन,1
कुरुनन्दनेन,1
कुरुष्व,1
कुरुष्वाद्याथ,1
कुरुसत्तम,1
कुरु॒,1
कुरु॒ष्वेति॑,1
कुरूणामृषभं,1
कुर्मः,1
कुर्महे,1
कुर्यात्तच्चतुर्विधमुच्यते,1
कुर्यात्पुरुषरूपिणम्,1
कुर्यात्पूर्णायुष्यप्रसिद्धये,1
कुर्यात्पृथक्पिण्डं,1
कुर्यात्प्रदक्षिणमितीरितम्,1
कुर्यात्समस्तैरौषधैः,1
कुर्यात्स्थाणुविसर्जनं,1
कुर्यात्स्वयमष्टोत्तरं,1
कुर्यादीश,1
कुर्याद्,1
कुर्याद्दक्षिणया,1
कुर्याद्दशनिष्केण,1
कुर्याद्भस्म,1
कुर्याद्यथा,1
कुर्याद्वर्मास्त्ररक्षणम्,1
कुर्याद्वर्षे,1
कुर्याद्विभूतिं,1
कुर्याद्व्याधिनिवृत्तये,1
कुर्याद्‌भूतादिशान्तये,1
कुर्याद्‌भूरिदानं,1
कुर्याद्‌भैरवपूजनम्,1
कुर्यान्,1
कुर्यान्नियतमानसः,1
कुर्या॒द्यज॑मानस्य,1
कुर्वतः,1
कुर्वता,1
कुर्वद्वाक्यं,1
कुर्वन्तः,1
कुर्वन्ती,1
कुर्वन्तीत्यर्थः,1
कुर्वन्तु,1
कुर्वन्त्यैन्द्रं,1
कुर्वन्नेवेह,1
कुर्वाणककर्माण्यनभियुक्तान्यपि,1
कुर्वाणमच्युत,1
कुर्वाणम्,1
कुर्वीतमण्डप,1
कुर्वीत॒,1
कुर्वी॒त,1
कुर्व्वीत,1
कुल,1
कुलक्रमागतकुलपुत्रनिवहोह्यमानशुचिशोकसङ्कुचितकञ्चुकिनि,1
कुलयोगिनि,1
कुलविवर्धनम्,1
कुलाः,1
कुलान्वये,1
कुलालदण्डचक्रादि,1
कुलिकोपरि,1
कुलीनः,1
कुलूखाते,1
कुलोचितं,1
कुवेम्पु,1
कुव्जवामनपङ्गूनां,1
कुशबृसीं,1
कुशलं,1
कुशलमस्ति,1
कुशलमूलं,1
कुशलानुशिष्टः,1
कुशलाव्ययौ,1
कुशलेषु,1
कुशलोपसंहितान्,1
कुशलोऽस्य,1
कुशूलतलनिमीलितं,1
कुष्टं,1
कुष्टिना,1
कुष्ठादिरोगतः,1
कुसंभरससन्निभाः,1
कुसी॑दं,1
कुसी॑दं॒,1
कुसी॑द॒न्त्वन्न॑,1
कुसुमैरर्चयेच्छिवमेष्यति,1
कुस्मे,1
कुस्मेतिप्रातिपदिकाद्वा,1
कुह,1
कुहूनाडी,1
कुह॑चि॒द्दिवे॑युः,1
कु॑रुते,1
कु॑रुष्वे॒ति,1
कु॑र्यात्,1
कु॑र्यात्पुरोनुवा॒क्या॑म॒नूच्य॑,1
कु॑र्या॒थ्सर्वा॑मे॒व,1
कु॑र्वीत,1
कु॒बे॒राय॑,1
कु॒मारी॑षु,1
कु॒म्भ्या,1
कु॒म्भ्यादा,1
कु॒र्वन्त॑,1
कु॒ला॒यिनं॑,1
कु॒विद॒ङ्ग,1
कु॒विद॒ङ्गेति॒,1
कु॒हूम॒ह,1
कु॒हूर्दे॒वाना॑म॒मृत॑स्य॒,1
कु॒हूर॑मावा॒स्या॑,1
कु॒ह्वा॑,1
कु॒ह्वै॑,1
कूटैश्,1
कूप्या॑,1
कूर्चययेशानं,1
कूर्म,1
कूर्मः,1
कूर्मरूपिणे,1
कूर्म॒स्याश्नी॑यात्,1
कूलकर्त्रे,1
कूल्याय,1
कूहा,1
कू॒टा,1
कू॒र्मं,1
कू॒र्ममुप॑दधाति,1
कृ,1
कृइष्णयजुर्वेदीय,1
कृकरस्तु,1
कृकरेको,1
कृकवाकुरिति,1
कृकशायनाः,1
कृच्छान्तः,1
कृच्छ्रं,1
कृच्छ्रचान्द्रायणादि,1
कृच्छ्रपाकैश्चिरकारिभिर्बहुलत्वगुपलेपैः,1
कृच्छ्राणां,1
कृच्छ्रेषु,1
कृच्छ्रोत्सृष्टाः,1
कृणवावहै,1
कृणुतां॒,1
कृणुत॒,1
कृणु॒ताप॒,1
कृणोतु,1
कृणोमि॒,1
कृण्वन्तु,1
कृण्वन्निति,1
कृण्वा॒नाम॑प्स॒रां,1
कृण्वा॒नो,1
कृत,1
कृतकत्वोपगमाद्,1
कृतकर्मणां,1
कृतकार्यं,1
कृतज्ञतां,1
कृतदीक्षया,1
कृतनं,1
कृतनिश्चयः,1
कृतपापाद्विमुच्यते,1
कृतपूर्वः,1
कृतबुद्धिः,1
कृतमपि,1
कृतमवधारयतु,1
कृतयोर्यणि,1
कृतवत्,1
कृतवन्तः,1
कृतवैरानुबन्धायां,1
कृतसंस्काराववर्धेतां,1
कृतसंस्कारास्ते,1
कृतसमयाचारपिशाचती,1
कृतस्याविपक्वस्य,1
कृतादिकम्,1
कृताद्येवं,1
कृतानुसन्धाने,1
कृतान्तदूतदर्शनयोग्यमिवात्मानं,1
कृतान्ते,1
कृतान्वेषणे,1
कृतामित्यर्थः,1
कृताम्,1
कृतायां,1
कृतार्थविज्ञानमनयाऽऽत्मग्रहे,1
कृतार्थास्मि,1
कृतार्थोऽस्मीति,1
कृतार्थोऽस्मीत्युत्पद्यमाना,1
कृतिरित्येकादश,1
कृतेन,1
कृतेऽधिकोऽभ्यासः,1
कृतोऽपि,1
कृतोऽस्मकद्वनवासदुःखं,1
कृत्ति॑वासाः,1
कृत्तो,1
कृत्य,1
कृत्यभेदे,1
कृत्यविधानेन,1
कृत्यस्य,1
कृत्याधिकारं,1
कृत्याधिकारमीशेषु,1
कृत्रिमपक्षिभिः,1
कृत्रिमैर्गुहागहनैः,1
कृत्वाग्निहोत्रं,1
कृत्वानुत्तरस्यां,1
कृत्वार्चयेच्छिवम्,1
कृत्वार्धमौज्झद्धरमूर्ध्नि,1
कृत्वाऽथ,1
कृत्वाऽऽत्मनो,1
कृत्वेत्यथः,1
कृत्वेत्यर्थः,1
कृत्वेव,1
कृत्वेष्टिं,1
कृत्वैव,1
कृत्स्नं,1
कृत्स्नमिदं,1
कृत्स्ना,1
कृथाः,1
कृदित्यस्य,1
कृद्योगषष्ट,1
कृपणका॒शी,1
कृपयैव,1
कृपां,1
कृपानिधे,1
कृपामयि,1
कृपालुनाम्,1
कृपालोर्,1
कृपेर्णिच्,1
कृपेश्चेति,1
कृपो,1
कृशतरतनोर्गाढाश्लेषो,1
कृशतां,1
कृशसर्वाङ्गो,1
कृशा,1
कृशायोत्तारणाय,1
कृशा॑नुर्वि॒श्वाव॑सुः,1
कृशो,1
कृषकाणां,1
कृषकारक्षकयोः,1
कृषरं,1
कृषि,1
कृषिं,1
कृषिः,1
कृषिश्च,1
कृष्ट॑जाः,1
कृष्ण,1
कृष्णचतुर्दश्यां,1
कृष्णनाथं,1
कृष्णमुपश्रितः,1
कृष्णयजुर्वेदस्य,1
कृष्णश्रितः,1
कृष्णस्तां,1
कृष्णा,1
कृष्णां,1
कृष्णाजिनं,1
कृष्णाञ्जलिं,1
कृष्णार्जुनौ,1
कृष्णास्तरायणाः,1
कृष्णे,1
कृष्यादिवत्,1
कृष्यादिवत्फलजनन,1
कृष्यादिवदात्मसंस्कारत्वाऽयोगात्,1
कृष्यादीनामात्मसंस्कारत्वादृष्टेः,1
कृष्यादेरिव,1
कृसरं,1
कृस्नं,1
कृ॑णोतु,1
कृ॑धि,1
कृ॑धि॒,1
कृ॒णोत्यर्व॑ताम्,1
कृ॒तः,1
कृ॒तमेनो॑,1
कृ॒तान्,1
कृ॒त्यां,1
कृ॒त्वा,1
कृ॒त्वादित्पृ॑थि॒वी,1
कृ॒थ्स्नं,1
कृ॒षमा॑णः,1
कृ॒ष्टीरनि॑मिषा॒भि,1
कृ॒ष्णं,1
कृ॒ष्णतू॑षं॒,1
कृ॒ष्णा,1
कॄ,1
केचिच्च,1
केचिच्छरीरे,1
केचित्तु,1
केचित्परमोऽपि,1
केचिदेमाहुः,1
केचिद्ब्रह्म,1
केचिद्भक्तत्वं,1
केचिद्विवदन्ते,1
केचिन्मुनित्वं,1
केच॒न,1
केञ्चिन्मल,1
केतुं,1
केतुध्वजाय,1
केतुमान्,1
केतोरायसदण्डमित्यात्मविरुद्धानां,1
केदारकर्मणि,1
केदारखण्डे,1
केदारान्,1
केदारो,1
केद्रीय,1
केनचिच्छापादिना,1
केनाप्यभिचोदितोऽहं,1
केनाप्युपायेन,1
केनाभग्येन,1
केनोपनिषदस्ति,1
केन्द्र,1
केन्द्रः,1
केन्द्रकानाम्,1
केन्द्रपर्यन्तम्,1
केन्द्रसर्वकारं,1
केन्द्रसर्वकारः,1
केन्द्रसर्वकारस्योपरि,1
केन्द्रसर्वकाराय,1
केन्द्राणां,1
केन्द्रान्,1
केन्द्रोपचयस्थैर्वा,1
केन॑,1
केय्रोस्थ,1
केरल,1
केरलनियमसभायाः,1
केरलीयकविः,1
केरलीयनगरसभासु,1
केरलेषु,1
केरळराज्यस्य,1
केरळस्य,1
केलिः,1
केलीहंसक्षुभितनगरभ्रान्तभृङ्गैः,1
केल्लर्,1
केवलः,1
केवलमनुरुध्यमानः,1
केवलमलस्य,1
केवलमहङ्कार,1
केवलम्,1
केवलस्योपरोधेऽपि,1
केवलिनो,1
केव॑लः,1
केव॑लीः॒,1
केव॑लीरसन्न्॑,1
केशग्रहे,1
केशपाशोऽभूत्करयोः,1
केशबाह्वङ्घ्रीन्,1
केशमाकाशसारेण,1
केशव,1
केशवः,1
केशवाद्यास्त्र्यम्बकाद्या,1
केशवो,1
केशसङ्घांश्च,1
केशिन्,1
केश्वरौ,1
केषां,1
केषाञ्चित्,1
केषाञ्चिदन्तर्भावादित्यविरोधः,1
केषाञ्चिद्बन्धेन,1
केषाञ्चिन्मलमायाभ्यां,1
केषामित्यत,1
केषामुत्पत्तिरित्यत,1
केसराणां,1
केसराणामघश्चोर्ध्वं,1
के॒तुः,1
के॒तुरु॑त्तर॒त,1
के॒तुरु॒परि॑ष्टादु॒पाद॑धात्,1
के॒तुर्द॑क्षिण॒त,1
के॒तुर्मध्य॑,1
के॒तुर्य॒ज्ञानां॒,1
के॒शी,1
कैंची,1
कैतवमाश्रितः,1
कैत्यत,1
कैरपि,1
कैर्व्यापारैश्च,1
कैलासप्रियाय,1
कैलासमिव,1
कैलासशिखरे,1
कैलासाग्रे,1
कैलासाचलवासाय,1
कैलासान्मैनाकं,1
कैवल्यकारणमुक्तम्,1
कैवल्यनिर्वाणश्रेयो,1
कैश्चित्,1
कैश्चिद्दशमीविद्धानवमीमङ्गीकुर्वाणैर्वाक्यान्युदाहृतानि,1
कोकिला,1
कोकिलाक्षः,1
कोक्,1
कोङ्काळी,1
कोङ्कु,1
कोच्ची,1
कोटरान्तर्गतं,1
कोटिक्कुन्नत्तु,1
कोटिजन्मार्जितात्सद्यः,1
कोटिमधिगच्छन्तः,1
कोटिमन्येन,1
कोटिरुद्राणामृषीणामग्रतः,1
कोटिशस्तनौ,1
कोटिसङ्ख्यैर्बलैर्वृतः,1
कोटिसप्तकसंख्याकान्,1
कोटिसूर्यसमप्रभः,1
कोणस्थिताह्वानचकिताचमनवाहिनि,1
कोत॑नासु॒,1
कोपधाद,1
कोपनो,1
कोपस्थानेष्वपि,1
कोपाच्छपति,1
कोपि,1
कोपेन,1
कोयमित्यब्रवीत्सुरान्,1
कोर्णल्,1
कोलकातानगरस्य,1
कोलकातायाः,1
कोलम्बो,1
कोलाहलः,1
कोलोफोन्,1
कोल्कत्तमध्ये,1
कोल्कत्ता,1
कोल्कोत्ता,1
कोल्लाद्रौ,1
कोवादर्शयिता,1
कोशद्वयाधिकमध्वानं,1
कोष्ठकान्,1
कोष्ठशाखाश्रया,1
कोऽन्तरिक्षे,1
कोऽन्योऽस्ति,1
को॑,1
को॒शः,1
कौतू,1
कौन्तेयस्ततः,1
कौपीनब्रह्मसूत्रधारकाय,1
कौबे॒राया॒यं,1
कौमारं,1
कौमाराः,1
कौर,1
कौरवनंदन,1
कौरवान्,1
कौरवेषु,1
कौरव्याः,1
कौलम,1
कौलीशोन्मत्तसंयुक्ताः,1
कौशले,1
कौशिकः,1
कौशिकब्राह्मण,1
कौशिकम्,1
कौशिकस्तथा,1
कौशिकाश्रममागच्छति,1
कौशिको,1
कौसवी,1
कौस्तुभमणीन्द्रसपत्नरत्न,1
कौस्तुभैः,1
कौस्तुभो,1
क्ते,1
क्तोऽकृतमितप्रतिपन्नाः,1
क्त्वयामिड्विकल्पस्य,1
क्त्वा,1
क्त्वायामिड्विकल्पार्थमित्यर्थः,1
क्त्वायामिड्विकल्पार्थम्,1
क्द,1
क्दर्प्,1
क्प्सू,1
क्म्ग्द्,1
क्म्द्व्,1
क्यं,1
क्रंएण,1
क्रकुत्सन्दो,1
क्रतु,1
क्रतु॑म॒ज्जने॑षु,1
क्रतु॒मपि॑,1
क्रतु॒म्प्र,1
क्रन्द,1
क्रन्ददातुराह्वानसातत्येऽर्थे,1
क्रन्दसातत्ये,1
क्रमं,1
क्रमण्डत्वोद्भासिदेहाः,1
क्रमप्राप्त,1
क्रमभ्यः,1
क्रममाह,1
क्रममिच्छन्ति,1
क्रमयौगपद्याभ्यामर्थक्रियाविरोधात्,1
क्रमव्यङ्ग्यत्वतो,1
क्रमव्यङ्ग्यत्वाद्धेतोः,1
क्रमशः,1
क्रमसिद्धिरित्याह,1
क्रमस्तु,1
क्रमां,1
क्रमादधोगत्यादीनि,1
क्रमादिति,1
क्रमादेवं,1
क्रमाद्,1
क्रमानुरोधः,1
क्रमान्मुक्तो,1
क्रमावराः,1
क्रमुकं,1
क्रमेणा,1
क्रमेणाग्निं,1
क्रमेणावतारयति,1
क्रमेणाष्टशतं,1
क्रमे॒णात्ये॑नान्क्रामा॒मीन्द्रे॑ण,1
क्रयणाय,1
क्रयते,1
क्रया,1
क्रयी॒,1
क्रव्यादत्वं,1
क्रान्ता,1
क्रान्तिकारिभिः,1
क्रान्तिजनान्,1
क्राफट्,1
क्राफ्ट्,1
क्रामति,1
क्रामद्य॒ज्ञं,1
क्रामन्त्याग्ने॒यं,1
क्राम॒ञ्छन्दा,1
क्रा॑मति,1
क्रा॑मति॒,1
क्रा॒म॒ति॒,1
क्रिकेट्,1
क्रिम॑य,1
क्रियक्त्रे,1
क्रियत,1
क्रियतां,1
क्रियतेऽग्निम्मन्थन्ति,1
क्रियते॒,1
क्रियन्ताम्,1
क्रियन्ते,1
क्रियमाणामिति,1
क्रिययावकुण्डमण्डलपूर्विकाया,1
क्रियवत्यालक्षणमाह,1
क्रियां,1
क्रियाकरणमण्डले,1
क्रियाकर्त्रोरभेदोपचारेण,1
क्रियाकलापं,1
क्रियाकालः,1
क्रियाकालविरुद्धेषु,1
क्रियाकौशलेन,1
क्रियाज्ञान,1
क्रियातः,1
क्रियातपोजपज्ञानध्यानेष्वेकैकमाचरेत्,1
क्रियातरस्यै,1
क्रियात्वाच्छिदिक्रियावत्,1
क्रियात्वात्,1
क्रियात्वादनन्तता,1
क्रियात्वाद्,1
क्रियादिभिः,1
क्रियादीक्षया,1
क्रियादीक्षेति,1
क्रियादीञ्छिवभक्तिमान्,1
क्रियाद्यैः,1
क्रियाद्वयविरोधः,1
क्रियाधीनः,1
क्रियानन्यं,1
क्रियामाण,1
क्रियामाणजीणोद्धार,1
क्रियामाणमास्थापनमित्युच्यते,1
क्रियामाणा,1
क्रियामात्रमेव,1
क्रियाम्,1
क्रियायां,1
क्रियायाः,1
क्रियायोगस्यान्तर्भावः,1
क्रियायोगे,1
क्रियारूपं,1
क्रियारूपमार्गेण,1
क्रियावतीति,1
क्रियावत्यपरा,1
क्रियाविरोधात्,1
क्रियाविरोधेन,1
क्रियावेशः,1
क्रियाशक्ति,1
क्रियाशक्तिन्यासपूर्वकं,1
क्रियाशक्तिरिति,1
क्रियाशक्तिस्वरूपस्य,1
क्रियाशक्तीनां,1
क्रियाशक्तेर्बहिरङ्गत्वं,1
क्रियाशक्त्योः,1
क्रियासाधनभावतः,1
क्रियासामर्थेन,1
क्रियासौकर्यार्थं,1
क्रियाहेतुः,1
क्रिस्ताब्दे,1
क्रिस्तेः,1
क्रि॒यते,1
क्रि॒यते॒,1
क्रि॒यत॑,1
क्रि॒यन्ते,1
क्रि॒यमा॑णे,1
क्रीडकत्वेन,1
क्रीडनमारब्धस्य,1
क्रीडनादिभिः,1
क्रीडन्,1
क्रीडयन्तौ,1
क्रीडाङ्कणे,1
क्रीडाभिः,1
क्रीडायामपि,1
क्रीडारवविचाराणां,1
क्रीडार्थं,1
क्रीड॑न्तीश्चरत,1
क्रीणन्ति,1
क्रीणाति,1
क्रीणातीति,1
क्रीणीयात्,1
क्रीतमन्वायन्ति,1
क्रीतानुशयो,1
क्री॑णाति॒,1
क्री॑णावहा॒,1
क्री॒डिभ्यः॑,1
क्री॒णाति॒,1
क्रुद्धमहावीरद्युसहस्रसहितोल्ककैः,1
क्रुद्धस्य,1
क्रुद्धस्यास्तम्भयत्प्रभुः,1
क्रुधम्,1
क्रुध्यति,1
क्रु॒द्धस्ये॑व॒,1
क्रूरदृष्टिर्भयानका,1
क्रू॒रन्तेन॒,1
क्रू॒रेण॒,1
क्रो,1
क्रोडीकृतं,1
क्रोध,1
क्रोधं,1
क्रोधं॑,1
क्रोधजं,1
क्रोधतप्ते,1
क्रोधनो,1
क्रोधश्चण्डोद्युतिश्चैव,1
क्रोधसंस्कारनाशः,1
क्रोधस्तथा,1
क्रोधस्तस्य,1
क्रोधाः,1
क्रोधादि,1
क्रोधाद्यमाविशँल्लोकास्तेन,1
क्रोधेशादिभिरष्टभिः,1
क्रोधेश्वर,1
क्रोशा॑ति॒,1
क्रौंचद्वीपे,1
क्रौ॒ञ्चे,1
क्र॑न्द,1
क्र॒तुषु॑,1
क्र॒यादे॒वम॒भि,1
क्लिश्यते,1
क्लिश्येत,1
क्लीबतां,1
क्लृप्तकारणताकस्वोचितकर्म्माद्धिसुसमाध्यन्तस्साधनं,1
क्लेशकारिणी,1
क्लेशबन्धनानां,1
क्लेशस्य,1
क्लेशाः,1
क्लेशैः,1
क्लेशोऽयम्,1
क्लैब्यबाधिर्यादिरूपं,1
क्वचिज्जातो,1
क्वचित्कस्यचित्पूर्वतरप्रतीतेः,1
क्वचित्तु,1
क्वचित्स्थानं,1
क्वचिदि,1
क्वचिदिति,1
क्वचिद्,1
क्वचिद्वर्जनीयत्वमाह,1
क्वप्चन्नवविधमुक्तम्,1
क्वाथं,1
क्वापि,1
क्वापिक्षुद्रकर्मणी,1
क्वाय,1
क्वासीः,1
क्वाहः,1
क्विपा,1
क्वेदमभ्रं॑,1
क्वेमा,1
क्वेयं,1
क्व्र्क्,1
क्व॑,1
क्षं,1
क्षकरः,1
क्षकारान्तो,1
क्षणमिव,1
क्षणात्,1
क्षणिकत्वे,1
क्षणिकमिति,1
क्षणिको,1
क्षत,1
क्षते॒,1
क्षत्त्रवधः,1
क्षत्रमनन्वाप्य,1
क्षत्रमन्वहुताद,1
क्षत्रमन्वागच्छत्तदब्रवीदुप,1
क्षत्रमेतानि,1
क्षत्रस्य,1
क्षत्रस्यायुधानि,1
क्षत्रियपुङ्गव,1
क्षत्रियपुङ्गवान्,1
क्षत्रियस्य,1
क्षत्रियो,1
क्षदन्त,1
क्षन्तिपारमितायां,1
क्षन्ते,1
क्षपायां,1
क्षपायौवने,1
क्षपाह्रास,1
क्षप॒स्त्रिरहा॑ति॒व्रज॑द्भिः,1
क्षमक्षरम्,1
क्षमता,1
क्षमतापत्रम्,1
क्षमतायाः,1
क्षमतारहित,1
क्षमताहीनाः,1
क्षमति,1
क्षमन्ते,1
क्षमम्,1
क्षमया,1
क्षमाभृतामथ,1
क्षमावताम्,1
क्षय,1
क्षयं,1
क्षयं॑,1
क्षयकाले,1
क्षयकुष्ठा,1
क्षयत्वं,1
क्षयरोगेन,1
क्षयस्य,1
क्षयादिदोषदर्शनादनुपादानमपरिग्रह,1
क्षयान्तकः,1
क्षयाय,1
क्षया॑य,1
क्षयेण,1
क्षये॑षु,1
क्षयो,1
क्षयो॑,1
क्षवथुं,1
क्षाणा॒न्यस॑म्प्रक्षाप्य,1
क्षात्रं,1
क्षान्तिम्,1
क्षान्तिर्,1
क्षान्तौ,1
क्षामतायाः,1
क्षामा,1
क्षारद्वयं,1
क्षालितां,1
क्षिणे,1
क्षितवा॒दं,1
क्षितवा॒दम॑पश्य॒त्तम॑वद॒त्ततो॒,1
क्षितावसुरभिः,1
क्षितावेव,1
क्षितितलपतितसकलरजनीजागरूकराजपुत्रकुमारके,1
क्षित्यादिककलान्तानां,1
क्षित्यादिषु,1
क्षिप्तः,1
क्षिप्ते,1
क्षिप्रतरत्वे,1
क्षिप्रमन्वागमिष्यामि,1
क्षिप्रसिद्धिभाजः,1
क्षिप॒णोरि॑व,1
क्षि॑ता,1
क्षि॒तम॑भि॒वर्,1
क्षि॒तस्य॑,1
क्षि॒ता,1
क्षि॒तो॑,1
क्षीणं,1
क्षीणमायुषि,1
क्षीणोऽयं,1
क्षीबा,1
क्षीयन्ते,1
क्षीयमाणप्रसादवित्तमनोरथसम्पदि,1
क्षीयेरन्,1
क्षीर,1
क्षीरं,1
क्षीरदधिन्यायेन,1
क्षीरनिर्मितखाद्यानां,1
क्षीरप्रस्थं,1
क्षीराढकसमाश्रितम्,1
क्षीरादेरपि,1
क्षीरार्घ्यप्रदानं,1
क्षीरेण,1
क्षीरोदन्वति,1
क्षी॑यत,1
क्षी॒ये॒त॒,1
क्षुते,1
क्षुत्पिपासे,1
क्षुद्रकमालवसेना,1
क्षुद्रकर्मणी,1
क्षुद्रकर्मसूच्यते,1
क्षुद्रकर्मेक्तासिताङ्गाद्यष्ट,1
क्षुद्रमालवसेनां,1
क्षुद्रमालवात्सेनासंज्ञायाम्,1
क्षुद्रेणोक्ता,1
क्षुधा,1
क्षुध्यन्निद॑मजा॒नताम्,1
क्षुब्धं,1
क्षेत्रगुणैस्तेषां,1
क्षेत्रज्ञ,1
क्षेत्रज्ञं,1
क्षेत्रज्ञः,1
क्षेत्रज्ञव्यापारो,1
क्षेत्रपालाद्याः,1
क्षेत्रभुवां,1
क्षेत्रम्,1
क्षेत्रीकृतं,1
क्षेत्रेष्टांशभाजिते,1
क्षेपि॑ष्ठा,1
क्षेमकरो,1
क्षेम॑,1
क्षेम॒,1
क्षे॑ति,1
क्षे॒ताग॑न्त,1
क्षोभयन्तो,1
क्षौद्र,1
क्षौद्रीदकाप्लुतम्,1
क्षौमवस्त्रं,1
क्षौमवस्त्राणि,1
क्षौ॒मम्,1
क्ष्मदिविद्यान्तगो,1
क्ष्मां,1
क्ष्माकबन्धकः,1
क्ष्माजलयोः,1
क्ष्माजलाग्निमरुद्व्योम्नां,1
क्ष्माजलाग्निषु,1
क्ष्मादयो,1
क्ष्मादिनादान्तः,1
क्ष्मादीनामित्यत,1
क्ष्मादौ,1
क्ष्मापृथिवी,1
क्ष्मावह्नियजमानार्कजलवायुनिशाकराः,1
क्ष्मावारि,1
क्ष॒त्त्राय॑,1
क्ष॒त्रमे॒वाव॑,1
क्ष॒त्राय॑,1
क्ष॒त्राय॒,1
क्ष॒त्रिया॑य,1
क्ष॒त्रिया॑य॒,1
क्ष॒रन्तीति॑क्षरन्ति,1
क्सपयन्ति,1
क्स्,1
क॑रोती॒ति,1
क॑ल्पयन्तु,1
क॑वी॒नामृषि॒र्विप्रा॑णाम्महि॒षो,1
क॒कुच्छन्द॑,1
क॒कुभि॑,1
क॒कु॒ह,1
क॒नीनि॑के,1
क॒नीनी॑षु,1
क॒न्ये॑व,1
क॒न॒का॒भानि॑,1
क॒रोतु॒,1
क॒रोत्य॒ष्टाक॑पालः,1
क॒रो॒ति॒,1
क॒र्कीह,1
क॒र्णा,1
क॒र्णाः,1
क॒र्म॒ण्यः॑,1
क॒लशः॒,1
क॒वयो॑,1
क॒विः,1
क॒विम्प॒र्जन्य॑क्रन्द्य॒,1
क॒विर्यः,1
क॒विर्य॒ज्ञस्य॒,1
क॒श्यपा॑दुदि॑ताः,1
कॢप्तिः,1
कॢप्तिर्मतिः,1
कॢप्त्यै,1
खं,1
खगेन्द्रो,1
खङ्गैश्चामिततेजसः,1
खचितं,1
खञ्चेतिमूर्तयो,1
खड्गचर्मधरं,1
खड्गेन,1
खण्डं,1
खण्डः,1
खण्डगुडादिभिः,1
खण्डतीर्थे,1
खण्डानि,1
खण्डितं,1
खण्डेन,1
खदिरेण,1
खदिरैर्भक्त्या,1
खद्योत,1
खननाभ्यन्तरे,1
खबाष्पः,1
खबाष्पनिर्माणे,1
खबाष्पेन,1
खरभीतमुनिव्रातसूचितात्मव्यवस्थितये,1
खरादीनां,1
खलु॑,1
खल्वा॑हु॒र्यद॒रण्योः,1
खल्वैवं॑,1
खाण्डवे,1
खादकः,1
खादको,1
खादन्ति,1
खादिनमिति,1
खादिलक्षणा,1
खादि॒रः,1
खाद्यानां,1
खाद॒ग्दतः,1
खारी,1
खा॒दिन॒,1
खिलाः,1
खेचरोत्तमम्,1
खेडामण्डलम्,1
खेदोन्मूलनदक्षं,1
खेल,1
ख्,1
ख्फ्रे,1
ख्यात,1
ख्यातं,1
ख्यातः,1
ख्याततमा,1
ख्यातम्,1
ख्यातिः,1
ख्यातिमुपयान्ति,1
ख्यातेन,1
ख्यातो,1
ख्यापनीयम्,1
ख्यापितः,1
ख्यास्म॑,1
ख्या॒यिकाः,1
ख्येषम्,1
ख्य॒त्,1
ख्रिस्ताब्दे,1
ख्री,1
ख्रीष्टाब्दपर्यन्तं,1
ख्रीष्टाब्दमध्ये,1
ख्रीष्टाब्दात्,1
ख्रीष्टाब्दात्परमेव,1
ख्रीष्टाब्दे,1
ख्षयन्ति,1
ख्षरन्ति॒,1
ख्षे,1
ख्षेत्र॑स्य॒,1
ख्षै,1
ख्ष॒त्तुर्गृ॒ह,1
ख्ष॒त्त्रं,1
ख्ष॒त्त्रप॑तिर॒स्यति॑,1
ख्ष॒त्त्रस्योल्ब॑मसि,1
ख्ष॒त्त्राणां,1
ख्ष॒त्रस्य॒,1
ख्ष॒त्राय॑,1
ख॑दि॒र,1
ख॑दि॒रो॑,1
ग,1
गः,1
गखकाश्च,1
गगनादिवच्छब्दाद्येकोत्तरं,1
गगनादिवदमूर्तत्वाद्,1
गगनाद्युपलक्षणम्,1
गगनेऽपि,1
गगम्यते,1
गङ्गा,1
गङ्गाम्,1
गङ्गाया,1
गङ्गेति,1
गच्छतु,1
गच्छन्,1
गच्छन्त,1
गच्छन्तमनिवर्तिनम्,1
गच्छन्तु,1
गच्छन्महावातेनावकीर्णभुजः,1
गच्छानि,1
गच्छाम,1
गच्छामस्ताताश्रामपदे,1
गच्छेन्निर्द्धूतमत्सरः,1
गच्छेल्लिङ्गपुरः,1
गच्छोपवासङ्काकुत्स्थङ्कारयाद्य,1
गच्छ॒न्त्वाहु॑तिं,1
गच्‍छन्ती,1
गजराजानं,1
गजस्य,1
गजांस्तथा,1
गजाक्षं,1
गजी,1
गणः,1
गणनां,1
गणनातिक्रान्तान्,1
गणनाथस्य,1
गणपा,1
गणपाठकम्,1
गणवृद्धिप्रकारादिकथनम्,1
गणशः,1
गणसूत्रमिदम्,1
गणसूत्रम्,1
गणसूत्रे,1
गणानां,1
गणान्दोलने,1
गणाभिमुखं,1
गणि,1
गणिकां,1
गणितसौख्यं,1
गणेन,1
गणेशः,1
गणेशो,1
गणेषु,1
गणो,1
गण्डतटस्यन्दिदानवारिणिलोलोपैः,1
गण्डमालां,1
गण्डस्थलाघर्षगलन्मदोदकद्रवद्रमस्कन्धनिलायिनो,1
गण्डाङ्गाय,1
गण्डाधिपत्वमस्य,1
गण्डाधिपाय,1
गण्डाय,1
गण्डेशर्वोप्यवस्थितः,1
गत,1
गतदिनस्य,1
गतदिनेषु,1
गतमाहुः,1
गतमुभयेषु,1
गतम्,1
गतयो,1
गतयौवनाम्,1
गतवानिह,1
गतवान्,1
गतसत्वो,1
गतागत,1
गताग्रैर्यद्गोग्रासप्रदानव्रतसुकृतमविश्रान्तमुज्जृम्भते,1
गतानां,1
गतानीति,1
गतिं,1
गतिप्रतीतेः,1
गतिमाप्नोति,1
गतिरुदाहरणैर्द्योतयति,1
गतिर्,1
गतिर्बलवता,1
गतिर्भूयो,1
गतिविलासविलोकनाद्यैः,1
गत्यर्थेऽष्टौ,1
गत्वाहं,1
गदतो,1
गदया,1
गदां,1
गदासम्पातजास्तत्र,1
गदितुं,1
गदेषु,1
गनाः,1
गन्तव्यमनुष्ठानार्थमेव,1
गन्तव्यम्,1
गन्तुमिच्छामि,1
गन्तुमुपक्रमेत्,1
गन्तुम्,1
गन्धं,1
गन्धकं,1
गन्धक्षयाय,1
गन्धतन्मात्रं,1
गन्धतन्मात्रतत्वाधिपाय,1
गन्धतन्मात्रतत्वाय,1
गन्धद्वारां,1
गन्धद्वारेति,1
गन्धन,1
गन्धपुष्पाघक्षतैर्द्देवं,1
गन्धमादनः,1
गन्धमादने,1
गन्धर्वस्य,1
गन्धर्वा,1
गन्धर्वाप्सरसस्तथा,1
गन्धर्वाप्स॒रसो॒,1
गन्धर्वाय,1
गन्धर्वेण,1
गन्धाकृष्टेन,1
गन्धादयः,1
गन्धादिः,1
गन्धादिगुणैः,1
गन्धादिनां,1
गन्धादिभ्यस्ततोऽनन्या,1
गन्धादिभ्यो,1
गन्धाद्याश्रयतया,1
गन्धाद्यैर्जातुचिज्जायते,1
गन्धाद्यैर्विलिप्तेन,1
गन्धाम्बुसम्पूर्णपञ्चरत्नसमन्विताः,1
गन्धाश्वजीवनीयैश्च,1
गन्धास्वरूपस्पर्शशब्दा,1
गन्धे,1
गन्धेन,1
गन्धेनापि,1
गन्धोऽधिभूतं,1
गन्ध॒र्वस्तस्यापो,1
गन्ध॒र्वस्तस्या॒धयो,1
गभस्तिभिः,1
गभीरता,1
गम,1
गमज्ञानदेव,1
गमन,1
गमनं,1
गमनम्,1
गमनादि,1
गमनादिक्रिया,1
गमनादिप्रवृत्तिः,1
गमयत्यलम्,1
गमयन्तं,1
गमयन्ति,1
गमयेत्,1
गमितं,1
गमिष्यति,1
गमिष्यन्ति,1
गमेमहि,1
गम्भीरज्वरारम्भभीतभिषजि,1
गम्भी॒रैः,1
गम्यं,1
गम्यतां,1
गम्यतामिति,1
गम्यतेऽनेनेति,1
गया,1
गयाकूप्यनुषङ्गेण,1
गयादि,1
गय॑मावि॒वेश॑,1
गरुडं,1
गरुडः,1
गरुडो,1
गरो॑,1
गर्ग॑राणाम्,1
गर्जतं,1
गर्जन्ति,1
गर्जन्प्रगाय,1
गर्जातर्जाः,1
गर्तं॒,1
गर्दा॑,1
गर्भ,1
गर्भः,1
गर्भः॑,1
गर्भगृहं,1
गर्भगृहे,1
गर्भधारणञ्चैव,1
गर्भभवं,1
गर्भम्,1
गर्भवत्तुङ्गनासिकः,1
गर्भादौ,1
गर्भित,1
गर्भि॒ण्यः॑,1
गर्भोदकं,1
गर्भो॒,1
गर्भ॑मदधाता॒न्त,1
गर्भ॒मद॑धातां॒,1
गर्भ॒मा,1
गर्भ॒माधे॑हि॒,1
गर्भ॒मोष॑धीनाम्,1
गर्वाढ्याः,1
गर्वितौ,1
गर्हितं,1
गर॒गिरः,1
गलात्स्रवन्तमसृगासव,1
गलान्तं,1
गल्वर्कशालाजिरोल्लासितलाजसक्तुनिपीतमसारपारीपरिगृहीतकर्कशर्करे,1
गवा,1
गवाक्षं,1
गवाक्षम्,1
गवाक्षम्महिषाक्षं,1
गवामन्तरमन्योन्यतारतम्यम्,1
गवि,1
गवेषकाः,1
गवेषणं,1
गवेषणेऽस्मिन्,1
गवे॒,1
गव्यमेव,1
गव्यू॑तिमुख्षतं,1
गव्य॑म्पि॒तेव॑,1
गस्स्,1
गहनं,1
गहनोत्साहं,1
गाः॒,1
गाढानि,1
गाणपत्यं,1
गाण्डीवं,1
गाण्डीवस्य,1
गातु॒मत्या,1
गात्रभङ्गेन,1
गात्राणि,1
गात्रा॑,1
गात्रेभ्यः,1
गान्धर्वं,1
गान्धारि,1
गान्धार्यां,1
गान्धार्याः,1
गान्धीनगरमण्डलस्य,1
गामिना,1
गायकः,1
गायत्रि॒यास्त्रि॒ष्टुभो॒,1
गायत्री,1
गायत्र्यश्च,1
गायन्ति,1
गाय॒त्रछ॑न्दस॒,1
गाय॒त्रछ॑न्दा॒,1
गाय॒त्रेण॑,1
गाय॒त्र्येका॑दश,1
गारुडे,1
गार्,1
गार्गी,1
गार्डन्स्,1
गार्हपत्ये,1
गार्हस्थ्यजीवनमापन्नस्य,1
गाव,1
गावीधु॒कं,1
गावो॑,1
गावो॒,1
गा॑त,1
गा॑यत्रि॒यै,1
गा॑यत्रि॒यैव,1
गा॑य॒त्रम्प्रा॑तःसव॒नं,1
गा॑य॒त्रम्प्रा॑तःसव॒नम्प्रा॑तःसव॒न,1
गा॑य॒त्री,1
गा॑य॒त्रो,1
गा॑य॒त्र्याह॑र॒त्तस्य॑,1
गा॒र्ग्यः,1
गिरं,1
गिरिम्,1
गिरिवरतनया,1
गिरिशाय,1
गिरिश्रेष्ठं,1
गिरीष्,1
गिरो॒,1
गिस,1
गि॒रं,1
गि॒रा,1
गि॒रि॒भ्रजो॒,1
गि॒रि॒ऽभ्रजः॑,1
गीः,1
गीतमाधुर्यं,1
गीतसुधारञ्जन,1
गीतस्तुतिमृदङ्गपणवघोषेण,1
गीताभाष्ये,1
गीतायाः,1
गीयते,1
गी॒तम्,1
गुगुरुच्चारयेन्मन्त्रामन्त्रदीक्षा,1
गुञ्जस्,1
गुञ्जा,1
गुटिकां,1
गुडखण्डशर्करादीनामिव,1
गुडखण्डादिशब्दाभिधानादपि,1
गुडादयः,1
गुडादयो,1
गुडादिभिः,1
गुडूच्या,1
गुणकार्याणामागमेषु,1
गुणग्रहणपूर्वकत्वं,1
गुणग्रहणपूर्वकत्वमसिद्धमत,1
गुणग्रहणादेव,1
गुणतत्त्वे,1
गुणतत्वेन,1
गुणतया,1
गुणतो,1
गुणत्रयं,1
गुणत्वेनेति,1
गुणनिरूपणप्रसङ्गे,1
गुणपरा,1
गुणप्रधानमावविभागाऽधिकरणम्,1
गुणभिन्ना,1
गुणभेदेन,1
गुणमस्तके,1
गुणरोधिकाः,1
गुणवद्,1
गुणवन्तः,1
गुणविकारत्वान्न,1
गुणवृत्त्यक्षभूमिताः,1
गुणवैभवेन,1
गुणसम्पृक्तोऽहङ्कारमजीजनत्,1
गुणसहितानि,1
गुणसारं,1
गुणस्तुतिमुखैस्तन्निस्सृतेर्विस्मृतिः,1
गुणस्वभाव,1
गुणांस्तु,1
गुणागन्धादि,1
गुणातीतः,1
गुणात्फलं,1
गुणात्मकः,1
गुणात्मकत्वमेव,1
गुणादयस्त,1
गुणादीनामपि,1
गुणादेरव्यक्तस्य,1
गुणाधिक्यं,1
गुणाधिक्यक्रमेणाधोऽधोभावं,1
गुणानामचैतन्ये,1
गुणानाह,1
गुणान्तरसंसर्गोऽप्येषां,1
गुणान्मन्यामहे,1
गुणान्वयाद्,1
गुणान्वयो,1
गुणान्वयोऽनुषज्यत,1
गुणान्वितत्वे,1
गुणान्‌रुन्ध,1
गुणाविशेषादनभिव्यक्तविशेषशब्दादिमात्रस्वरूपात्,1
गुणास्तथाप्येकं,1
गुणास्पर्शश्च,1
गुणास्मृताः,1
गुणिग्रहणस्य,1
गुणिनश्चिरम्,1
गुणिनोऽपि,1
गुणिस्वरूपत्वं,1
गुणे,1
गुणेदवः,1
गुणेभ्यश्च,1
गुणेभ्योऽपृथग्भावं,1
गुणेषु,1
गुणेषुत्यायवदिनः,1
गुणेषुत्वार्हता,1
गुणैर्वृत्तिभिरक्षाधारतया,1
गुदे,1
गुप्तमेतत्स्वभावतः,1
गुप्तस्य,1
गुयाति,1
गुरवे,1
गुरी,1
गुरुकृपा,1
गुरुक्षेत्रन्नाखलो,1
गुरुणामन्तैदीक्षया,1
गुरुतया,1
गुरुदर्शनस्य,1
गुरुदास्पुरस्थदेराबाबनानाकतः,1
गुरुनानाकस्य,1
गुरुपादुकाम्,1
गुरुपूजारतास्तथा,1
गुरुपूजैव,1
गुरुबुधयोः,1
गुरुभिः,1
गुरुमन्विष्यतीप्तितम्,1
गुरुमर्चयेत्,1
गुरुमूक्तं,1
गुरुरित्यक्षरद्वयम्,1
गुरुरित्यभिधीयते,1
गुरुरूपं,1
गुरुरूपशिवव्यापारेण,1
गुरुर्मानस्तुतौ,1
गुरुर्यथा,1
गुरुर्वदति,1
गुरुर्हेमशलाकयेति,1
गुरुलिङ्‌गस्य,1
गुरुवक्त्रे,1
गुरुवचः,1
गुरुवर,1
गुरुवर्य,1
गुरुशब्दस्य,1
गुरुशुश्रूषणं,1
गुरुशुश्रूषणे,1
गुरुश्च,1
गुरुसूत्रं,1
गुरुसेवा,1
गुरुस्थ्त्वा,1
गुरोरपि,1
गुरोर्,1
गुरोर्दत्त्वा,1
गुरोर्मण्डले,1
गुर्जरदेशवास्तव्यः,1
गुर्वनुज्ञाविरहितं,1
गुर्वाज्ञावशवर्तिनो,1
गुर्वादींश्च,1
गुर्वाराधनपरम्,1
गुल्मादि,1
गुहागताः,1
गुहागहनसञ्छन्नां,1
गुहाभिः,1
गुहा॒,1
गुह्यं॒,1
गुह्यतर,1
गुह्यातिगुह्य,1
गुह्यातिगुह्यगुह्यतरपवित्रस्थाण्वाख्यानि,1
गुह्याद्गुह्याष्टकश्चैव,1
गुह्यानां,1
गुह्याष्टक,1
गुह्याष्टका,1
गुह्याष्टकातिगुह्याष्टकगुह्यात्,1
गुह्या॑,1
गुह्या॑नि॒,1
गुह्ये॑न,1
गुह्यो॒,1
गु॑ल्फद॒घ्नम्,1
गूढोत्पन्नं,1
गूर,1
गूरयते,1
गूरी,1
गूहता॒मजु॑ष्टा,1
गृधाश्च,1
गृध्रं,1
गृध्रकोटिस्रहस्राणि,1
गृध्र॑शीर्ष्णीं,1
गृहकपोतशतैर्,1
गृहकर्मणि,1
गृहङ्गमनेऽधिकसमयोऽपेक्षितः,1
गृहत,1
गृहनक्षत्रराशयः,1
गृहपतेः,1
गृहमागच्छेम्,1
गृहमुपनिन्युर्मुदा,1
गृहमेधा,1
गृहमे॒धिन॒स्त,1
गृहमे॒धिभ्यः॒,1
गृहस्थ,1
गृहस्थस्य,1
गृहाङ्गण,1
गृहाङ्‌गणे,1
गृहात्,1
गृहादिकं,1
गृहानागछति,1
गृहान्,1
गृहान्ब्राह्मणानां,1
गृहावग्रहणीग्राहिबहुवेत्रिणि,1
गृहि,1
गृहिणां,1
गृही,1
गृहीणां,1
गृहीतचक्रेण,1
गृहीतचामरिकयापि,1
गृहीतम्,1
गृहीतव्याप्तिकश्चेदिति,1
गृहीतव्याप्तिकस्य,1
गृहीतसंगतिकत्वादित्यादिनेति,1
गृहीतस्य,1
गृहीताः,1
गृहीतानां,1
गृहीत्वाहं,1
गृहेरसं,1
गृह्णन्ति,1
गृह्णन्ति॒,1
गृह्णातीति,1
गृह्णात्यथ,1
गृह्णात्य॒मृतं॒,1
गृह्णामि,1
गृह्णाम्युत्त॒ममिति॑,1
गृह्णाम्ये॒ष,1
गृह्णा॒त्यपे,1
गृह्णा॒नाः,1
गृह्णा॒नाम॑प्स॒रां,1
गृह्णा॒मीत्या॑है॒तद्वा,1
गृह्णा॒मीत्या॑ह॒,1
गृह्णा॒म्यह्नो॑,1
गृह्णीत,1
गृह्णीयां,1
गृह्णीयात्,1
गृह्णीरन्,1
गृह्नीमः,1
गृह्यत,1
गृह्यमाणव्याप्यतावच्छेदकप्रकारकपक्षधर्मताज्ञानत्वेन,1
गृह्य॒न्ते,1
गृह्रते,1
गृ॑णामि,1
गृ॑ध्राणा॒,1
गृ॑हान्,1
गृ॑हे,1
गृ॑ह्णा॒म्यस्तृ॑तम्,1
गृ॑ह्णीयात्प्र॒जाप॑तिः॒,1
गृ॑ह्णीयात्प्र॒जाप॑तिर्वै,1
गृ॑ह्णीयात्प॒शुका॑म॒स्योर्ग्वै,1
गृ॑ह्णीयाद्ब्रह्मवर्च॒सका॑मस्य,1
गृ॑ह्णीया॒त्तेज॑स्कामस्य॒,1
गृ॑ह्णीया॒द्यानू॒र्ध्वा,1
गृ॒ह,1
गृ॒हः,1
गृ॒हप॑तये,1
गृ॒हप॑तिम्,1
गृ॒हाः,1
गृ॒हाणा॒मस॑मर्त्यै,1
गृ॒हान्मे॑,1
गृ॒हान॒न्वारो॑हये॒द्यद॑व॒,1
गृ॒ही॒तः॒,1
गृ॒हैश्च॒,1
गृ॒ह्णाती॒ममे॒व,1
गृ॒ह्णात्या,1
गृ॒ह्यन्त॑,1
गृ॒ह्याः,1
गेगनुत्,1
गेण्हिअ,1
गेपणं,1
गेयं,1
गेषम्पा॒तम्मा,1
गेहं,1
गेहस्य,1
गेहेषु,1
गैरिकावा,1
गोः,1
गोकर्णभद्रकर्णश्च,1
गोकर्णमर्णवतटे,1
गोकर्णो,1
गोघृतेन,1
गोचनान्वितैः,1
गोचर,1
गोचरां,1
गोचराः,1
गोचरान्,1
गोचरीकृतं,1
गोचरेपीठाद्गोचरे,1
गोतपाय,1
गोतबायराजपक्सः,1
गोत्रयं,1
गोत्रापत्यं,1
गोदानरूपः,1
गोदानविधयः,1
गोधादिजन्तूनां,1
गोनयनाकृतिरन्ध्रसमूहो,1
गोपतिर्गर्वो,1
गोपसीमन्तिनीकामुकः,1
गोपायतमास्य,1
गोपायति,1
गोपालः,1
गोपालतीर्थमठः,1
गोपी,1
गोपोद,1
गोप्त्रे,1
गोप्यं,1
गोप्रयुक्तं,1
गोमतीतीरे,1
गोमतीतीर्थनामकं,1
गोमत्या,1
गोमयं,1
गोमयनिर्गतैः,1
गोमा,1
गोमारी,1
गोयुतानूपाम्,1
गोरथाः,1
गोरसैर्वृत्तिं,1
गोरीनां,1
गोर्ग॒र्भिण्या॑,1
गोलं,1
गोलकीकृतम्,1
गोवप्रदेशस्य,1
गोवर्धनाचलोद्धर्ता,1
गोवस्य,1
गोविंदनामव्याजादपीरितम्,1
गोविन्दं,1
गोविन्दवाक्यानीत्यत्रैकदेशे,1
गोविन्देऽन्वयः,1
गोवृषादिवत्,1
गोषु,1
गोष्टीः,1
गोष्ठं,1
गोष्ठे,1
गोष्वश्वेषु,1
गो॒जा,1
गो॒पाः,1
गो॒पौ,1
गो॒प्तारम्,1
गो॒सनि॒स्तस्य॑,1
गौणचर्यायोगस्यान्तर्भावः,1
गौणपुङ्,1
गौणानादित्वेति,1
गौतमम्,1
गौतमस्तदा,1
गौतमस्य,1
गौतमस्याश्रमे,1
गौतमाऽहं,1
गौतमीति,1
गौतमेश्वरपूजकान्,1
गौतमेश्वरमाहात्म्यं,1
गौतमेश्वराहिल्येश्वर,1
गौतमोऽपि,1
गौतम॑ब्रुवा॒ण,1
गौरं,1
गौरम्,1
गौरवडाक्टरेट्,1
गौरवम्,1
गौरवयोग्यं,1
गौरावस्कन्दिन्नहल्या॑यै,1
गौरीं,1
गौरीति,1
गौर्या,1
गौर्यादि,1
गौर्यादीनां,1
गौर्यादीनाम्,1
गौर्वाण्यां,1
गौ॒री,1
ग्गहण,1
ग्ग्,1
ग्धमास्रावं,1
ग्निहो॒त्रं,1
ग्ने॒,1
ग्ने॒यम्प॒शुम॑कुर्वत,1
ग्ने॒यो,1
ग्युक्तीनामिति,1
ग्रतः,1
ग्रथितानि,1
ग्रथितापट्टसूत्रेण,1
ग्रन्थं,1
ग्रन्थकार,1
ग्रन्थकारस्यैव,1
ग्रन्थयः,1
ग्रन्थविस्तरभयात्तु,1
ग्रन्थाः,1
ग्रन्थिकं,1
ग्रन्थो,1
ग्रन्धग्राहकत्वं,1
ग्रन्धविस्तर,1
ग्रन्धविस्तार,1
ग्रन्धारम्,1
ग्रभण,1
ग्रयणः,1
ग्रयणो॒,1
ग्रयण॒,1
ग्रसते,1
ग्रस्तः,1
ग्रस्तानीति,1
ग्रस्तोदुम्बरीशौ,1
ग्रह,1
ग्रहं॑,1
ग्रहं॒,1
ग्रहणक्रियायां,1
ग्रहणशक्तिः,1
ग्रहणादिति,1
ग्रहणादेवमुक्तम्,1
ग्रहणे,1
ग्रहणेति,1
ग्रहणेन,1
ग्रहणेऽन्यस्मिन्पुण्यदिनेऽपि,1
ग्रहतो,1
ग्रहपूजां,1
ग्रहरूपतया,1
ग्रहवैज्ञानिक,1
ग्रहाः॒,1
ग्रहादय,1
ग्रहार्थमेव,1
ग्रहाश्चाप्यनुलोमकाः,1
ग्रहा॑,1
ग्रहा॑णां॒,1
ग्रहीतव्यमिति,1
ग्रहीष्यति,1
ग्रहो॑,1
ग्रहो॒,1
ग्रह्यग्राहकभावाद्यात्मा,1
ग्रह॒म्पृष॑तीनां॒,1
ग्रामं,1
ग्राममाश्रयेत्,1
ग्रामम्,1
ग्रामान्,1
ग्रामीणक्षेत्रेषु,1
ग्रामे॒,1
ग्राम्यः,1
ग्राम॑कामाय,1
ग्राम॑ङ्कल्पयत्ये॒ता,1
ग्राम॑स्य,1
ग्राम॒ण्यो॑,1
ग्राम॒श्छन्दो॑भिरे॒वास्मै॒,1
ग्रासशेषं,1
ग्रासीकृतं,1
ग्राहकगतो,1
ग्राहकरूपेण,1
ग्राहकरूपेणैव,1
ग्राहकरूपो,1
ग्राहकाध्यवसायरूपः,1
ग्राहकान्,1
ग्राहयति,1
ग्राहयति॒,1
ग्राहयामास,1
ग्राहयितुमात्मानम्,1
ग्राहवक्त्रपतितांघ्रिमुद्भटं,1
ग्राह्यं,1
ग्राह्यतया,1
ग्राह्यत्वेन,1
ग्राह्याः,1
ग्राह्ये,1
ग्रा॒म्या,1
ग्रा॒म्याणां,1
ग्रीन्,1
ग्रीवाभगव्यसनविगमात्,1
ग्रीष्माय,1
ग्रीष्मे,1
ग्री॒ष्मेणा॑ऽऽवर्त॒ते,1
ग्रेगोरीयन,1
ग्रैष्मवासन्तिकान्,1
ग्रौण्ट्,1
ग्र्ह्त्च्म्,1
ग्लहा॑त्,1
ग्लाने,1
ग्लान्या,1
ग्वालियर्,1
ग॑च्छति॒,1
ग॑च्छत्य॒भि,1
ग॑न्तु,1
ग॑न्धर्वाप्स॒रसां,1
ग॑न्धर्वाप्स॒रसो॒,1
ग॑न्ध॒र्वमा,1
ग॑न्ध॒र्वस्तस्य॒,1
ग॑म्यात्,1
ग॑म्यादिन्द्रि॒याव॑न्तो,1
ग॑म्या॒ज्ज्योति॑रसि,1
ग॑म्या॒दित्या॑है॒ष,1
ग॑म॒न्त्वङ्गि॑रसां॒,1
ग॑र्भि॒ण्यः॑,1
ग॑वी॒न्यौ,1
ग॑हि,1
ग॒च्छेति॑,1
ग॒णा,1
ग॒णाना॒मधि॑पतय॒स्ते,1
ग॒णान्मे॑,1
ग॒णान्मे॒,1
ग॒न्तुम्,1
ग॒न्ध॒र्वआप॑,1
ग॒न्ध॒र्वस्तस्य॑र्ख्सा॒मान्य॑प्स॒रसो॒,1
ग॒न्ध॒र्वा॒फ्स॒रस॒श्चोद॑तिष्ठन्न्,1
ग॒न्वर्च॑सा,1
ग॒र्भः,1
ग॒र्भिणी॑,1
ग॒र्भिणी॒मा,1
ग॒वी॒न्यौ॑,1
घञ्,1
घञ्विधानात्,1
घटं,1
घटकपालादिषु,1
घटज्ञानमिव,1
घटज्ञानोत्तरम्,1
घटनिष्पक्तौ,1
घटनिष्पत्तिस्तन्तुभ्यो,1
घटनेयं,1
घटपटादौ,1
घटवन्महाभूतानि,1
घटवर्त्मनिवेशयेत्,1
घटविपर्ययं,1
घटादाविति,1
घटादिवच्चेतनत्वं,1
घटादिवज्ज्ञानसमवायायोगादिति,1
घटादिवदचेतनत्वात्,1
घटादिवदनित्यत्वप्रसङ्गः,1
घटादिवदनित्यम्,1
घटादिवद्,1
घटादिविषयकः,1
घटादिविषयवृत्तिः,1
घटादिषु,1
घटादिस्तस्यार्थः,1
घटादीन्,1
घटावभासेऽनवभातमपि,1
घटितगवाक्षरक्षितमरुति,1
घटे,1
घटोऽयमिति,1
घट्टिम्,1
घण्डानादः,1
घतस्या,1
घनत्वस्य,1
घनरसे,1
घनसन्तमसैर्जवेन,1
घनानन्दाय,1
घर्मवृद्धिर्,1
घर्मान्ते,1
घर्मो,1
घा,1
घातको,1
घा॑रयेदध्व॒रो,1
घा॒सो,1
घुषदातोश्चौरादिकत्वेन,1
घुषि,1
घुषिरविशब्दने,1
घुषी,1
घुषेर्णिचो,1
घुष्टा,1
घृणी॑वाञ्चेतति॒,1
घृतकीटन्यायेनैकदेशेनेति,1
घृतकुंभकम्,1
घृततैलादि,1
घृतदुग्धेन,1
घृतप्रस्थं,1
घृतमा॑तप॒न्ति,1
घृतेन,1
घृत॒व॑द्देव,1
घृत॒श्चुतः॑,1
घृत॒श्रियम्,1
घृ॒तप्र॑तीको,1
घृ॒तमा,1
घृ॒तमुच्च॑रण्येत्,1
घृ॒तम्पी॒त्वा,1
घृ॒तम॑स्य॒,1
घृ॒तयो॑निरेधि,1
घृ॒तव॑द्वि॒दथे,1
घृ॒तव॑न्त,1
घृ॒तस्य॑,1
घृ॒तस्य॑नि॒र्णिक्,1
घृ॒ताची॑,1
घृ॒तैर्गव्यू॑तिमुख्षतम्,1
घृ॒तैर्व्यु॑द्यते,1
घोः,1
घोरः,1
घोरकर्मणाम्,1
घोरतत्पुरुषेशाना,1
घोरतरा,1
घोरपुरुषेशाश्च,1
घोरराविणी,1
घोररूपाणां,1
घोरौ,1
घोषः,1
घोषणां,1
घोषयतीति,1
घोषाः,1
घोषाः॑,1
घोषा॑य॒,1
घोषितवान्,1
घोषे,1
घो॒रा,1
घो॒राय॒,1
घ्नन्तीति,1
घ्नन्तु,1
घ्नन्तो,1
घ्नन्तो॑,1
घ्नन्त्वेनं,1
घ्राणजप्रत्यक्षम्प्रति,1
घ्राणतत्वाधिपाय,1
घ्राणतत्वाय,1
घ्राणमध्यात्मं,1
घ्राणाधिपक्वमस्य,1
घ्राणाधिपाभ्यामश्विभ्यां,1
घ्राणाय,1
घ्रातमनित्यत्वेन,1
घ्रापयति,1
घ्रा॒मप॑,1
घ्रा॒मप॑चा॒वर्तिम्,1
घ्रुवेणोदीची,1
ङस्कृत्य॒,1
ङीष्,1
ङ्ग,1
चंद्रसूर्यानलर्क्षाणां,1
चः,1
चएष,1
चकायनाः,1
चकारान्मयडर्थे,1
चकुस्मेति,1
चकृ॒म,1
चक्की,1
चक्रकर्ता,1
चक्रकर्तारमीडयेत्,1
चक्रतुस्तौ,1
चक्रपाणये,1
चक्रभ्रमनिवृत्यर्थं,1
चक्रमण्डले,1
चक्रमुर्धादौ,1
चक्रमूर्धादिजन्यस्य,1
चक्ररुत्पादितवन्तः,1
चक्रवद्‌भ्राम्यते,1
चक्रवराभयं,1
चक्रवातस्याघाते,1
चक्रवाल,1
चक्रस्य,1
चक्रानुचक्रदेवीरूपं,1
चक्रुर्देवधुन्दुभयो,1
चक्रुश्शान्तिं,1
चक्रुस्ते,1
चक्रे॒,1
चक्षरादीन्द्रियं,1
चक्षुः॑,1
चक्षुधिपाय,1
चक्षुभ्यां,1
चक्षुरधिपत्वमस्य,1
चक्षुरादिना,1
चक्षुरादीन्द्रियवद्,1
चक्षुर्,1
चक्षुर्गृहीतं,1
चक्षुर्जिह्वा,1
चक्षुषीति,1
चक्षुष्यः,1
चक्षुस्तत्वाधिपाय,1
चक्षुस्तत्वाय,1
चक्षुस्त्वच,1
चक्षु॑रसि॒,1
चक्षु॑र्भ्यां,1
चक्षु॑र्भ्या॒,1
चक्षु॑र्मि॒त्रस्य॒,1
चक्षु॑र्मे,1
चक्षु॑ष,1
चक्षु॑षः,1
चक्षु॑षा,1
चक्षु॑षी,1
चक्षु॑षे,1
चक्षु॑षे॒,1
चक्षु॒रा,1
चक्षु॒ष्पा,1
चक्ष॑ते,1
चख्षुः॑,1
चङि,1
चङ्क्रमणाय,1
चङ्क्रमथ,1
चङ्क्रमितुं,1
चङ्क्रमितुम्,1
चच्छेदेनैव,1
चञ्चलायुषोऽपि,1
चटी,1
चण्डनाथस्य,1
चण्डवाचकम्,1
चण्डालमनङ्गमङ्ग,1
चण्डिका,1
चण्डिकाचरणस्य,1
चतस्रः,1
चतस्रो,1
चतुःश्लोक्यां,1
चतुःषष्टिपले,1
चतुःसप्ततितमोऽध्यायः,1
चतुः॑शरावो,1
चतुः॑श्रोत्रा॒,1
चतुः॑स्रक्तौ,1
चतुरधिकजनानां,1
चतुरशीतिधर्मराजिकासहस्रं,1
चतुरस्रकिलोमीटर्मितः,1
चतुराननाय,1
चतुराश्रमपूजितम्,1
चतुरूर्ध्वादीनि,1
चतुरो,1
चतुर्गुणम्,1
चतुर्गुणे,1
चतुर्ग्रहैरिह,1
चतुर्णामात्मजानां,1
चतुर्थकालपान॑भक्तः॒,1
चतुर्थतः,1
चतुर्थन्तं,1
चतुर्थमाश्रमस्थानं,1
चतुर्थम्,1
चतुर्थश्चाश्रमो,1
चतुर्थांशक्षयो,1
चतुर्थाद्या,1
चतुर्थाध्याये,1
चतुर्थाशक्ति,1
चतुर्थाशक्तिपाततम्,1
चतुर्थेन,1
चतुर्थोऽध्यायः,1
चतुर्थ्यां,1
चतुर्दन्तैरावतादीन्,1
चतुर्दशसु,1
चतुर्दशाङ्कयुक्तं,1
चतुर्दशीम्,1
चतुर्दश्याष्टमीस्त्यजन्,1
चतुर्दिक्षु,1
चतुर्द्रव्यगतान्,1
चतुर्भं,1
चतुर्भिः,1
चतुर्भिरेके,1
चतुर्भिश्चैकमेम्यते,1
चतुर्याध्यायस्य,1
चतुर्वर्णमेकरुद्रस्य,1
चतुर्विंशत्तिलाः,1
चतुर्विंशत्युत्तरं,1
चतुर्विंशद्दश,1
चतुर्विंशे,1
चतुर्विंशोत्तरं,1
चतुर्विंशोऽध्यायः,1
चतुर्विध,1
चतुर्विधं,1
चतुर्विधमिदं,1
चतुर्विधा,1
चतुर्वेदमयं,1
चतुर्षु,1
चतुर॒क्षी,1
चतुविंशति,1
चतुष्कर्णतया,1
चतुष्कोणेषु,1
चतुष्टयं,1
चतुष्टयम्,1
चतुष्पदां,1
चतुस्त्रिद्वयङ्ङ्गुलयतम्,1
चतु॑र्दश,1
चतु॑र्वि,1
चतु॑र्हनुः,1
चतु॑ष्टय्य॒,1
चतु॑ष्पदामु॒त,1
चतु॑ष्पदी,1
चतु॑ष्पदी॒,1
चत्तद्देवताश्च,1
चत्रपुरः,1
चत्वारस्तु,1
चत्वारिंशच्च,1
चत्वारिंशद्वर्षसहस्रायुष्कायां,1
चत्वारिंशद्वर्षसाहस्रिकायां,1
चत्वारो,1
चत्वारोऽध्यायाः,1
चत्वार्यन्या,1
चत्वार्य्,1
चद्राय,1
चनुगतोऽथ,1
चन्दनस्वभावोऽन्तत,1
चन्दनानुलेपनच्छलेनापृच्छ्यमानम्,1
चन्दनोक्षितान्,1
चन्द्रः,1
चन्द्रज्ञाने,1
चन्द्रबाह्यमण्डलः,1
चन्द्रबाह्यमण्डले,1
चन्द्रबिम्बस्य,1
चन्द्रमस,1
चन्द्रमसा,1
चन्द्रमसे,1
चन्द्रमसो,1
चन्द्रमास्स,1
चन्द्रयानं,1
चन्द्रयानम्,1
चन्द्रशालिकालीनमूकमौललोके,1
चन्द्रशेखरेन्द्राष्टोत्तरशतनामावलिः,1
चन्द्रसूर्ययोरैक्यं,1
चन्द्रसूर्यौ,1
चन्द्रार्कौ,1
चन्द्रे,1
चन्द्रोपरितलात्,1
चन्द्रोपरितले,1
चन्द्र॑वर्णा॒नाम्,1
चमसेषु,1
चम्पकं,1
चम॒सं,1
चयः,1
चयनं,1
चर,1
चरं,1
चरणताडनस्वनत्सोपानप्रकुपितप्रतीहारे,1
चरणारविन्दयुगलं,1
चरतः,1
चरति॒,1
चरत्येष,1
चरन्ति,1
चरन्त्येवं,1
चरन्बुधः,1
चरमं,1
चरमधातुप्रक्षेपात्म,1
चरमशरीरेण,1
चरम्,1
चरलिङ्‌गस्य,1
चरलिङ्‌गेषु,1
चरसि,1
चराच॒रेभ्यः॒,1
चरामि,1
चरा॑मि,1
चरितं,1
चरितान्यप्य,1
चरितार्थत्वात्,1
चरितार्थत्वादित्युक्तम्,1
चरितार्थमित्यपास्तम्,1
चरित्रप्राधान्ययुक्तवस्तुनः,1
चरित्रालयतः,1
चरित्वं,1
चरि॑त्वा,1
चरेच्चान्द्रायणं,1
चरे॑दञ्ज॒लिना॒,1
चर्,1
चर्चया,1
चर्चान्ते,1
चर्चायाम्,1
चर्चिता,1
चर्त्वेन,1
चर्मरोगः,1
चर्माभ्याम्,1
चर्मारः,1
चर्मे॑व,1
चर्याः,1
चर्वाकाः,1
चर्षणि,1
चलनं,1
चलनचित्रस्य,1
चलनम्,1
चलितं,1
चले,1
चलेमतम्,1
चलौहेपि,1
चव्यं,1
चशब्दाद्,1
चषकान्,1
चस्,1
चाकरोत्,1
चाकू॑तिश्च॒,1
चाक्षफलं,1
चाक्षुष्याद्यनेक,1
चाक्ष्णा,1
चागृहीतो,1
चाग्नये,1
चाग्निकोणे,1
चाग्निसारेण,1
चाग्रतः,1
चाग्रे,1
चाङ्गचेष्टनम्,1
चाचा,1
चाचेतनत्वान्नास्याः,1
चाजिन्वदिति,1
चाजोनन्तैक,1
चाज॒हतम्,1
चाणुः,1
चातिनिःशब्दे,1
चातिप्रवललिङ्गोक्तिः,1
चाति॑रिक्तं,1
चात्मनां,1
चात्मनि,1
चात्मनो,1
चात्मनोः,1
चात्मानम्,1
चात्यनाम्,1
चाथ,1
चाथवा,1
चादितः,1
चादिशत्,1
चादुक्,1
चाद्ग॑णं,1
चाद्यानेन,1
चाद्वैतनिरासोऽस्माभिर्मृगेन्द्रवृत्तिदीपिकायां,1
चाधर्मादयः,1
चाध्मानमुख,1
चाध्यात्मिकसञ्ज्ञितं,1
चाध्व,1
चानघः,1
चानन्तरुद्रेति,1
चानभिषेकनिर्वाण,1
चानाद्यावारकत्वान्मल,1
चानित्यत्वप्रसङ्गात्,1
चानीप्सिते,1
चानुग्रहद्वै,1
चानुपपन्नमिति,1
चानुमोदनम्,1
चानुवर्तन्ते,1
चानेकविधाज्ञेया,1
चानेन,1
चान्तःकरणबहिष्करणानां,1
चान्तरायति,1
चान्तिकप्राप्तं,1
चान्तिके,1
चान्द्रायणशतं,1
चान्द्रायणादिकम्,1
चान्नं,1
चान्नमपि,1
चान्नहीनके,1
चान्यच्च,1
चान्यत्र,1
चान्यथाज्ञानं,1
चान्येऽपि,1
चान्वे॒ति,1
चापगल्भाय,1
चापभङ्गो,1
चापरः,1
चापरजाय,1
चापाश,1
चाप्तत्वे,1
चाप्यनुभवो,1
चाप्यहङ्कृतो,1
चाप्रतिमप्रभावः,1
चाप्रियम्,1
चाभिगम्य,1
चाभिमतां,1
चाभेदसंसर्गावच्छिन्नप्रकारतासंसर्गकेन्दुविशेष्यकसंशयस्य,1
चाभ्युपगम्यमाने,1
चामङ्गले,1
चाममुखान्यष्टादशैव,1
चामरं,1
चामरः,1
चामरग्राही,1
चामरे,1
चाम्बया,1
चायं,1
चायमाहर्ता,1
चायु,1
चायुधं,1
चारणचाटचक्षाः,1
चारणचाटुकाराः,1
चारयत्स्वारात्,1
चारुकर्मणा,1
चारुणा,1
चारुदर्शनाम्,1
चारुहासिनि,1
चारु॒,1
चारु॒र्मदा॑य,1
चारूणि,1
चारो,1
चार्च॑ति॒,1
चार्योपि,1
चार्वाकैः,1
चालयन्मालां,1
चालयितुम्,1
चाल्पमेधसाम्,1
चावनिसारेण,1
चावाप्यजीवंस्तु,1
चाविकारिणम्,1
चाविवक्षयित्वा,1
चाविवेके,1
चाव॑,1
चाशुद्धिरज्ञानं,1
चाश्नीयात्,1
चाश्रमेतिष्ठे,1
चाश्वान्,1
चाष्टविधा,1
चाष्टौ,1
चासनम्,1
चासावनेकस्रोतोरूपस्वकार्यव्याप्तेर्माया,1
चासि,1
चासृजत॒,1
चास्ति,1
चास्त्यस्मदहन्तेति,1
चास्त्रमाहाभागेप्रेतो,1
चास्थापनोत्थापनं,1
चास्यां,1
चास्यात्मनः,1
चाहंकारस्त्रिविधो,1
चाहङ्कृतिस्कन्धास्त्रिवर्गजनकास्त्रयः,1
चाहर्निशमप्रमत्ताः,1
चाऽदर्शनाद्,1
चाऽध्वनि,1
चाऽनभ्युपगम्यमाने,1
चाऽवान्तरभुवनसङ्ख्याभेदः,1
चाऽस्य,1
चाऽस्यासर्वकर्तृत्वमसर्वज्ञत्वं,1
चाऽऽत्मन,1
चाऽऽह,1
चा॑मुत्र॑,1
चा॑ऽसौ,1
चा॒वर्तिम्,1
चिकित्साविधेयः,1
चिकिथ्सत॒,1
चिकि॒तुषे॑,1
चिकि॒त्वा,1
चिकीर्षते,1
चिकीर्षाभेदात्,1
चिकीर्षायाश्च,1
चिकीर्षितम्,1
चिक्षेप,1
चितामात्मनां,1
चितिभास्या,1
चितेः,1
चितेरर्थं,1
चितोयायिर्विमुच्यतः,1
चित्त,1
चित्तचैतसिकान्,1
चित्तमन्वयत,1
चित्तयेद्देवम्ॐ,1
चित्तवर्गशब्देनान्तःकरणानामुपादानात्,1
चित्तवर्गेषु,1
चित्तवृत्तिः,1
चित्तवृत्तिविहीनोऽहं,1
चित्ताधिष्ठितं,1
चित्ति॒श्चाकू॑तं॒,1
चित्ते,1
चित्तेन,1
चित्य॑श्चित्यो,1
चित्रकरकरपल्लवोल्लसितम्,1
चित्रकाञ्चनसन्नाहैः,1
चित्रकाद्यं,1
चित्रकार्कत्रिवृद्वापि,1
चित्रकै,1
चित्रपत्तीभिः,1
चित्रमिति,1
चित्रमुच्यते,1
चित्रमूलपर्यायत्वेन,1
चित्रमूलार्थत्वमादायासङ्गतिशङ्काऽपि,1
चित्रलेखाभिः,1
चित्रसंस्कारं,1
चित्रस्वभावकाः,1
चित्रा,1
चित्राङ्ग,1
चित्रान्नेनैव,1
चित्राय,1
चित्रास्वात्यन्तरे,1
चित्रेभ्य,1
चित्र्यं,1
चित्सुखः,1
चित्स्वभावस्यात्मन,1
चिदात्मैकरसोऽस्म्यहम्,1
चिदाश्रया,1
चिदीश्वरम्,1
चिद्घनं,1
चिद्रूपतादात्म्याच्,1
चिनोतेर्घञ्विधानादप्प्रत्ययो,1
चिन्तयति,1
चिन्तयन्ति,1
चिन्तयानोऽनिशं,1
चिन्तयितव्यम्,1
चिन्तितम्,1
चिन्तितवानित्यर्थः,1
चिन्तेयं,1
चिन्त्य,1
चिन्त्यताम्,1
चिन्त्यमेकं,1
चिन्त्यमेव,1
चिन्त्यविश्वेसाधारा,1
चिन्न्ययाँ,1
चिन्मयं,1
चिन्मयः,1
चिन्मयत्वादि,1
चिन्मात्रस्वभावो,1
चिन्मात्रो,1
चिन्वीत,1
चिन्वीतेति,1
चियु,1
चिरंजीविने,1
चिरकालसाधनानुष्ठानमेवेति,1
चिरक्षिप्रादिप्रत्ययद्वारेण,1
चिरतरं,1
चिरमरिन्दमः,1
चिरस्थितिः,1
चिरात्,1
चिराय,1
चिरायुरेवासीत्केतन,1
चि॑कि॒त्वान्थ्सा॒दया॑,1
चि॑केत,1
चि॑नुया॒द्ये,1
चि॑न्वीत,1
चि॒त्तं,1
चि॒त्तञ्चा॒ग्निर्भू॒तानां,1
चि॒त्रं,1
चि॒त्रज्यो॑तिश्च,1
चि॒त्रभा॑नु,1
चि॒त्रम्,1
चि॒त्रश्र॑वस्तमम्,1
चि॒त्रौ,1
चि॒दच्यु॒ताग्ने॑,1
चि॒देनः॒,1
चि॒द्धि,1
चि॒द्यथा॒,1
चीन,1
चीनराष्ट्रस्य,1
चीनेन,1
चीर,1
चीरवाससम्,1
चीरवाससे,1
चीवरवस्तुनः,1
चीवराससम्,1
चीवा,1
ची॒यते,1
चुक्षुभुर्भयभीताश्च,1
चुत्वमिति,1
चुत्वस्यासिद्धत्वात्,1
चुम्बकलोहवद्धि,1
चुरादौ,1
चूडस्य,1
चूडानां,1
चूडानाम,1
चूडान्तं,1
चूडामणिस्,1
चूर्ण,1
चूर्णानि,1
चे,1
चेत,1
चेतनः,1
चेतनगवाद्यधिष्ठितस्यैव,1
चेतनत्वं,1
चेतनत्वात्,1
चेतनत्वे,1
चेतनपुरुषार्थतैवेति,1
चेतनस्तन्न,1
चेतनस्वभाव,1
चेतनाचेतनच्छायानुषङ्गो,1
चेतनाचेतनरूपयोश्छाययोः,1
चेतनावदिव,1
चेतनेनोपभुज्यते,1
चेतनो,1
चेतसः,1
चेतसा,1
चेतसि,1
चेतस्तत्र,1
चेतामदोत्कटा,1
चेत्कर्मणानां,1
चेत्तानामादिशब्देन,1
चेत्पचतीत्युत्तरं,1
चेत्प्रतिपत्तिरित्याद्युक्तमयुक्तम्,1
चेत्प्राणपरिक्षयम्,1
चेत्प्रियाया,1
चेत्यमानं,1
चेत्यहीनम्,1
चेत्या॑ह॒,1
चेत्युपचयहेतुः,1
चेत्रि,1
चेत्सर्वाणि,1
चेत॑नः,1
चेदं,1
चेदकर्णाकाणाश्रोणासप्तशफारुणा,1
चेदिन्द्रोपस्थानकल्पने,1
चेद्व्रतं,1
चेन्द्रः,1
चेन्द्रश्चैव,1
चेन्द्रियवदस्या,1
चेन्द्रियादीनाम्,1
चेन्द्रियाधारत्वम्,1
चेन्द्रियोपस्थापितं,1
चेन्द्रो,1
चेन्नपरस्परविरुद्धशास्त्रप्रणयनात्,1
चेन्नम्मा,1
चेन्नास्य,1
चेन्निश्चयस्तव,1
चेन्नै,1
चेन्न्यूनातिन्यूनञ्चत्वारिंशद्वारं,1
चेन्मया,1
चेमां,1
चेमेऽशि॑मिवि॒,1
चेरस्तेये,1
चेशमायाया,1
चेशानस्य,1
चेशानस्स,1
चेश्वर,1
चेश्वरः,1
चेष्टमानमन्तरेण,1
चेष्टाद्यात्मनो,1
चेष्टानुपपत्तेः,1
चेष्टाम्,1
चेष्टितानि,1
चेष्टो,1
चे॒ति,1
चे॒दं,1
चैककरणा,1
चैकत्वमेवाभ्युपगन्तव्यम्,1
चैकशेषत्वमिति,1
चैग्ण्डकेनापि,1
चैतत्,1
चैतदनावरणस्य,1
चैतदस्ति,1
चैतद्यदमर्षो,1
चैतद्व्यतिरिक्ताः,1
चैतन्मन्त्रबलादेव,1
चैतन्यदर्शनात्,1
चैतन्यमत,1
चैतन्यव्यक्तिरेव,1
चैतन्यात्मनो,1
चैतन्याभिव्यक्तिप्रसङ्गादित्यस्य,1
चैतन्याभिव्यक्तिर्युक्ता,1
चैतन्यार्पणम्,1
चैतन्याऽदर्शनान्न,1
चैतन्येभ्यः,1
चैतन्योत्पत्तिरप्यस्य,1
चैतन्योद्गारभारोऽयमस्यान्तःकरणं,1
चैतानि,1
चैत्ये,1
चैत्रशुक्लचतुर्दश्यां,1
चैत्रे,1
चैनया,1
चैनां,1
चैनानसुरान्भुवनेश्वर,1
चैन्द्रमेव,1
चैवाक्षीयते,1
चैवाङ्गिरा,1
चैवान्तिमे,1
चैश्वर्यमुच्यते,1
चै॑ता॒दृङ्,1
चै॒वास्य॑,1
चोः,1
चोक्तम्,1
चोत्पत्तिकाल,1
चोत्पन्नमित्युक्तं,1
चोदय॒नीये॑,1
चोदितः,1
चोद्दिष्टं,1
चोपचयधर्मित्वे,1
चोपदर्श्य,1
चोपदेशसमये,1
चोपनिषत्प्रोक्तं,1
चोपनीतानि,1
चोपपद्यते,1
चोपरि,1
चोपलक्षणत्वाद्,1
चोपलभ्यन्ते,1
चोपविश्य,1
चोपशेरत,1
चोपादानम्,1
चोम्मेन्तर्य्,1
चोयु,1
चोरणेन,1
चोरवत्सकलं,1
चोराणां,1
चोरितानाम्,1
चोरे,1
चोरैः,1
चोर्धका,1
चोर्ध्वभागं,1
चोर्ध्वमारभ्येति,1
चौक्तः,1
चौमं,1
चौरदिकघुषेर्विशब्दनार्थकस्य,1
चौरादिकस्याऽस्य,1
चौर्वयोगतः,1
चौर्वर्णं,1
चौहानवंशीयः,1
च्छमि॒ति,1
च्छुक्रं,1
च्छेदकसाध्यतावच्छेदकावच्छिन्नसाध्यसमानाऽधिकरणहेतुतावच्छेदक,1
च्छेदन,1
च्म्प्,1
च्यावयति,1
च्यावय॒त्या,1
च्या॑वयन्तु,1
च्या॑वया॒तीन्द्रः॒,1
च्यु,1
च्युतस्,1
च्लिप्रत्यये,1
च॑क्रमे,1
च॑म॒सं,1
च॑म॒समैर॑यन्त,1
च॑रण्येत्,1
च॑र॒,1
च॑ष्टे,1
च॒कारा॑,1
च॒क्रम्प्र॒वृह्य॑,1
च॒क्रे,1
च॒तुम॑ग्निं,1
च॒त्वारि॒,1
च॒त्वार॑,1
च॒न्द्रमा,1
च॒न्द्रम॑स,1
च॒न्द्राश्च॒न्द्रेणा॒मृता॑,1
च॒रथः॑,1
च॒रुमश्वो॒,1
च॒रुमा॑दि॒त्यं,1
च॒रुमिन्द्रा॑य,1
च॒रुमिन्द्रा॑य॒,1
च॒रुमुत्त॑रो,1
च॒रुमै,1
च॒रुमै॒न्द्रं,1
च॒रुम॑ख्षावा॒पस्य॑,1
च॒रुर्भ॑वति॒,1
छ,1
छगलण्डाम्यहङ्कारे,1
छगलण्डो,1
छत्तीस्गड्,1
छत्राकारं,1
छत्राकारमिदं,1
छदद्वन्द्वे,1
छन्दःशब्दादक्षरसमूहे,1
छन्दः॑,1
छन्दसः,1
छन्दसा,1
छन्दांस्यध्यापयिष्यन्,1
छन्दोगानां,1
छन्दो॑,1
छन्दो॑भिरर्चति॒,1
छन्दो॑भिरे॒वैन॑मग॒दं,1
छन्दो॑भिश्चतुरुत्त॒रैः,1
छन्द॑सामवत्वेकवि॒,1
छन्द॑सामे॒व,1
छन्नसंज्ञिकम्,1
छर्दिरालस्यं,1
छलच्छलादिः,1
छलमेव,1
छा,1
छागतुल्यः,1
छागमांसस्य,1
छागलाद्यमिदं,1
छागलीमूत्रतः,1
छात्राणां,1
छात्रेभ्यः,1
छादयामास,1
छान्दसमात्मनेपदम्,1
छान्दसे,1
छायया,1
छायां,1
छायाग्राह्या,1
छायाम्,1
छायाविशिष्टा,1
छायेवानपगा,1
छास्ता,1
छास्त्रं,1
छित्वान्तःसंशयं,1
छिद्रेण,1
छिन्दंस्तेषां,1
छिन्द्याच्छिश्नं,1
छिन्नस्यूतम्,1
छिन्नाः,1
छिवं,1
छि॒न्द्या॒त्तं,1
छीघ्रं,1
छूक्रमः,1
छे,1
छेदने,1
छेषम्,1
छ्रेस्तपरमात्मग्रह्यो,1
जंघाग्रसीमान्तं,1
जक्षतश्च,1
जगच्चैतन्यकारणम्,1
जगच्छिवरूपम्,1
जगतस्तस्थु॑षश्चे॒ति,1
जगतां,1
जगत्कत्स्नं,1
जगत्तस्मादीक्षस्वापक्षपाततः,1
जगत्त्रये,1
जगत्सर्वंसागरैः,1
जगत्सारं,1
जगत्सृष्टितिरोधानकारणाय,1
जगदादिजः,1
जगदिति,1
जगदिष्यताम्,1
जगदुत्पत्तिहेतुः,1
जगदुदयमूलां,1
जगदेतदत्सि,1
जगद्गुरुः,1
जगद्धितः,1
जगद्बन्धुरणोः,1
जगद्बीजे,1
जगद्भावप्रख्यं,1
जगद्रक्षादिकर्म,1
जगन्,1
जगन्ति,1
जगाद,1
जगामास्तमिवांशुमान्,1
जगुरायतलोचनाः,1
जगृहतुर्बद्धवैरौ,1
जगौ,1
जग्धमिव,1
जग्मतुः,1
जग्मुश्शरणमर्दिताः,1
जग॑तीछन्दस॒,1
जग॑तीछन्दा॒,1
जग॑ती॒,1
जग॑तो,1
जग॑त्या,1
जग॑त॒स्पतिः॑,1
जग॒ज्जग॒त्याहि॑तं,1
जग॒तस्प॑ती,1
जघन्याय,1
जघन्वान्,1
जघ्निवान्सह,1
जङ्गमं,1
जङ्गमस्थावराणां,1
जङ्ग॑मः,1
जङ्घान्तमात्मतत्वं,1
जङ्‌गमं,1
जजान,1
जजानेत्यर्थ,1
जजाप,1
जज्ञानं,1
जज्ञिरे,1
जज्ञे,1
जटायुषं,1
जटायुषो,1
जटिलं,1
जटिला,1
जठत्वे,1
जड,1
जडः,1
जडत्वप्रसङ्गात्,1
जडत्वात्,1
जडभरतचरिते,1
जडमतिरिति,1
जडरसनं,1
जडस्य,1
जडस्वभाव,1
जडात्मकः,1
जडीभूता,1
जडेजः,1
जडेजेन,1
जनकः,1
जनकनन्दिनीम्,1
जनकमिति,1
जनकास्तथैव,1
जनगणनानुगुणं,1
जनतन्त्रमार्गेण,1
जनदु॒स्रिया॑सु,1
जननात्,1
जननी,1
जनन्त्रम्,1
जनन्यात्मका,1
जनपथराम,1
जनपदस्तरीयासु,1
जनपदे,1
जनपदेवा,1
जनप्रतिनिधिसभायाः,1
जनभाषां,1
जनमेजय,1
जनमोहिनीम्,1
जनम्,1
जनयति,1
जनयदिति,1
जनयन्ति,1
जनयामास,1
जनयाम्,1
जनयितुं,1
जनयिष्यसि,1
जनयिष्याम्यपत्यानि,1
जनलोकसंश्रयान्,1
जनवाद,1
जनसङ्ख्या,1
जनसङ्ख्यायाः,1
जनसङ्ख्यावृद्धिः,1
जनसङ्ख्यासान्द्रता,1
जनसमूहयोः,1
जनसम्मतिः,1
जनस्तोमप्रेरक,1
जनहितं,1
जनाञ्ज्ञात्वाथ,1
जनातान्त्रिकराष्ट्रे,1
जनाधिप,1
जनान,1
जनानाम्,1
जनानुग्रह,1
जनास,1
जनास्तच्च,1
जनास्तत्र,1
जना॑न्,1
जनित,1
जनितानिव,1
जनितारो,1
जनितेर्ष्या,1
जनितोपद्रवं,1
जनिष्ये॒,1
जनुवरि,1
जने,1
जनेभ्यः,1
जनेभ्यो,1
जने॑,1
जनो,1
जन्तवः,1
जन्तुर्दृक्कृयागुणवान्,1
जन्तुषु,1
जन्तूनामीशाभावश्च,1
जन्तोर्निजगुः,1
जन्तोश्चित्सङ्गचिद्गहनगर्भविवर्ति,1
जन्तोस्,1
जन्नोपन्तयोः,1
जन्मकर्म,1
जन्मकर्मसांघातिकसामुदायिकवैनाशिकर्क्षसंस्थेषु,1
जन्मदिनं,1
जन्मदिने,1
जन्मदिवसे,1
जन्मनः,1
जन्मना,1
जन्मभाग्भवेत्,1
जन्ममरणवै,1
जन्ममासव्यतिरिक्तोक्तमासे,1
जन्मर्क्षग्रहसङ्‌क्रान्तिग्रहयोगाः,1
जन्मर्क्षपूर्णयोगदिनेपि,1
जन्मवन्तः,1
जन्मशतैरपि,1
जन्मशतोद्भवम्,1
जन्मादर्शनात्,1
जन्मादिजनिका,1
जन्मादिसम्बन्धमनुसम्प्राप्नुयाद्,1
जन्मादिसम्बन्धो,1
जन्मादिहेतुत्वमस्तु,1
जन्मादिहेतुत्वम्,1
जन्माद्यदर्शनाद्,1
जन्माद्याः,1
जन्मानसेषु,1
जन्मान्तरफलप्रदानामेव,1
जन्मान्तरभावफलावहत्वम्,1
जन्मान्तरभावि,1
जन्मान्तरसद्भाव,1
जन्मान्तरसुकृतवशात्,1
जन्मान्तरसुकृतवशादित्यत,1
जन्मान्तरे,1
जन्माभवात्,1
जन्म॑नः,1
जन्य,1
जन्यं,1
जन्यत्वाघटितोभयसम्बन्धनिवेशः,1
जन्यशक्तिः,1
जन्यशक्तिरचेतना,1
जन॑ना॒,1
जन॑मान॒,1
जन॑याग्रे॒ऽग्निम्,1
जन॒प्रथ॑नाय॒,1
जन॒भृतः॑,1
जन॒मित्या॑ह,1
जपतत्पराः,1
जपरूपं,1
जपाकुसुमसन्निधाने,1
जपानीयानां,1
जपान्ते,1
जपित्वा,1
जपि॒त्वा,1
जपेत्,1
जपेद्यच्चाधिदैविकम्,1
जपेन्मन्त्रं,1
जपो,1
जप्तं,1
जप्तव्याः,1
जप्यं,1
जप्ये,1
जप्येनैव,1
जभौ,1
जम्बूद्वीपे,1
जम्बूस्वादुरसावहाम्,1
जयं,1
जयतामिव,1
जयति॒,1
जयतीतरः,1
जयतू,1
जयधनलब्धिः,1
जयभद्रश्च,1
जयसिंहस्य,1
जयामि,1
जये,1
जयेथे॒,1
जयै,1
जयैषिण,1
जयै॑रजयन्राष्ट्र॒भृद्भी॑,1
जय॑ति॒,1
जय॑त्ये॒व,1
जय॒त्व,1
जय॒त्वं,1
जरद्गवेति,1
जराजर्जरगात्राणां,1
जरायुजाण्डजादीनां,1
जरार्यजाण्डजोद्भिजाः,1
जरासन्धः,1
जरि॒तृभ्य॑,1
जर्मनराष्ट्र,1
जर्मनिदेशस्य,1
जर्मनिदेशाधिकारी,1
जर्मन्,1
जलचन्द्रः,1
जलद,1
जलधितटगता,1
जलधिमिव,1
जलधौ,1
जलन्धरोऽब्धितनयः,1
जलपानस्य,1
जलपूरणं,1
जलबाष्पयुतः,1
जलमाधिक्येनोपयुज्यते,1
जलमाविशेत्,1
जलमाहृत्य,1
जलमूर्तिः,1
जला,1
जलादिभ्यः,1
जलादिभ्योऽन्यैवेति,1
जलादिष्वगृहीतेष्वप्युत्पद्यत,1
जलादिष्वेवमेवायं,1
जलादीनामग्रहेऽपि,1
जलान्तकः,1
जलाशनः,1
जलाशयं,1
जलेशाय,1
जलैर्,1
जल्प,1
जवाहरलालमहोदयेन,1
जस्,1
जस्रथं,1
जहति,1
जहत्स्वार्था,1
जहाङ्गीर्,1
जहातु॒,1
जहा॑को,1
जहा॒ति,1
जागरं,1
जागरणं,1
जागरणे,1
जागरूको,1
जागरेण,1
जागर्ति,1
जागर्त्य्,1
जागृतः,1
जागृ॑वि॒,1
जागृ॒वीत्या॑है॒ष,1
जाग्रतानिर्देशः,1
जाग॑तं,1
जाग॑तो,1
जाघन्याः,1
जाघन्याम्,1
जाङ्गलिको,1
जाज्वलन्नास्ते,1
जाज्वल्यमानस्य,1
जाठराग्निश्च,1
जातको,1
जातमष्ट,1
जातमासीत्,1
जातरूपमयैः,1
जातवेदः,1
जातवेदस,1
जातवेदस्ति॒स्र,1
जातवेदा,1
जातवेदो॒,1
जातानां,1
जातानि,1
जातायाः,1
जातायामर्थ,1
जातायी,1
जातावन्तमहोकालं,1
जातावेकवचनं,1
जातिकालसुखादिभ्योऽनाच्छादनात्,1
जातिविकल्पोयं,1
जातिषष्त्कं,1
जातीयजनसमूहेषु,1
जातुचिदप्रेक्षापूर्वकारी,1
जातुचिद्,1
जाते,1
जातेन,1
जातेऽपि,1
जातौ,1
जात्यर्थस्याविशिष्टत्वात्,1
जात्यादिफलदं,1
जात्यादिर्जातिरेव,1
जात्येकवचनम्,1
जात॑वेदा॒श्च,1
जात॑वेदो,1
जात॑वेदो॒,1
जानकी,1
जानकीशं,1
जानता,1
जानातीति,1
जानामीति,1
जानाम्यहं,1
जानीते,1
जानीने,1
जानीयात्,1
जानीह्य॒स्मान्थ्स्वा॑वे॒शो,1
जानु,1
जानुकण्ठशिरोवधि,1
जानुकण्ठशिरोवधी,1
जानुपर्यन्तं,1
जानुभानुकृशानुभिः,1
जानुमण्डलं,1
जान्वन्तमात्मतत्वं,1
जापानस्थसाङ्केतिकविद्या,1
जापानस्थेन,1
जाप्येनैव,1
जामदग्न्येन,1
जामनगर,1
जाय,1
जायत,1
जायतेशुद्धिर्योनौ,1
जायन्ते,1
जायमाना,1
जायमानायां,1
जायमानासु,1
जायमानो,1
जायमानोऽयं,1
जाया,1
जायेते,1
जाय्ते,1
जाय॑मानौ,1
जालन्धरविनाशनः,1
जालम्,1
जालवातायनावृतां,1
जालागतास्तपोलोकास्त्रैव,1
जा॑तवेदो,1
जा॑नन्ति॒,1
जा॑यन्ते,1
जा॑यन्ते॒,1
जा॑यन्त॒,1
जा॒तवे॑दसम्,1
जा॒तवे॑दसि,1
जा॒ताश्च॒,1
जा॒तास्त॒न्वः॑,1
जा॒ते,1
जा॒तौ,1
जा॒नु॒द॒घ्नीमु॑त्तर,1
जा॒नु॒द॒घ्नीमु॑त्तरवे॒दीं,1
जा॒र,1
जा॒रिणी॑षु,1
जा॒र्यै,1
जिगीषतां,1
जिग्ये,1
जिघांसया,1
जिघ्रेत्प्र॒जाप॑तौ,1
जिजीविषेच्छतं,1
जिज्ञासमाना,1
जिज्ञासमानाय,1
जिज्ञासायां,1
जिज्ञासाविध्यपेक्षितेष्वत्यर्थः,1
जिज्ञास्यस्य,1
जिज्ञास्ये,1
जिज्या॑सतो,1
जितं,1
जितम॒भि,1
जितवन्तस्ते,1
जितवन्तोऽक्षकोविदाः,1
जितवानहमित्याह,1
जितात्मनाम्,1
जितात्मा,1
जितात्मानस्तेषां,1
जितेन्द्रियः,1
जितेन्द्रियगणा,1
जितेन्द्रियाः,1
जितेन्द्रियैः,1
जित्यादाविकारादीनां,1
जित्‍वा,1
जिनांशं,1
जिनांशे,1
जिनैः,1
जिन्वते,1
जिन्वथः,1
जिन्वन्त्यग्न॑य,1
जिन्व॑न्ति,1
जियाङ्सुदेशस्थ,1
जिष्णुः,1
जिहि,1
जिह्वाग्रे,1
जिह्वातत्वाधिपाय,1
जिह्वातत्वाय,1
जिह्वाधिपत्वमस्य,1
जिह्वाधिपाय,1
जिह्वायै,1
जिह्वालिङ्‌गान्मन्त्रशुक्रं,1
जि॑गातु,1
जि॑गाय,1
जि॑ग्यथु॒र्न,1
जि॑न्वतम्,1
जि॒न्वेति॑,1
जि॒न्वेत्यव॑,1
जि॒न्वेत्या॑हा॒भिजि॑त्या॒,1
जि॒न्वेत्या॑है॒भ्य,1
जि॒न्वेत्या॑ह॒,1
जी,1
जीमूत,1
जीमूतककल्पं,1
जीर्णं,1
जीर्णमन्नं,1
जीर्णविरेचनाद्यात्मक,1
जीर्णस्य,1
जीर्णे,1
जीर्णौ,1
जीव,1
जीवकर्मानुरूपतः,1
जीवकोशानां,1
जीवच्छायोपभोग्यत्वादस्तु,1
जीवजातैः,1
जीवत्वं,1
जीवदीश्वरं,1
जीवधर्मं,1
जीवनपद्धतिरपि,1
जीवनम्,1
जीवनाय,1
जीवनाशः,1
जीवनित्यत्वसिद्धेः,1
जीवने,1
जीवन्,1
जीवन्नाखुर्न,1
जीवन्मुक्तलक्षणः,1
जीवस्य,1
जीवस्याऽऽत्मनश्छाययाऽनुभवात्मना,1
जीवहिंसादिरहितमतिक्लेशविवर्जितम्,1
जीवाः,1
जीवानीन्द्रिय॑जीवा॒नि,1
जीवावशिष्ट,1
जीविताद्,1
जीवितान्त्यं,1
जीवितुमुत्सहे,1
जीवितेशस्य,1
जीविष्यामहमेतेन,1
जीवे,1
जीवेमः,1
जीवो,1
जीवौ,1
जीव॑तोः,1
जीव॑न्तीमे॒वैना,1
जीव॒नप्र॑दः,1
जी॑यते॒,1
जी॑वि॒कामप॑रिपश्यन्,1
जी॒वसे,1
जी॒वसे॑,1
जी॒वातुं॒,1
जी॒वातु॒मक्षि॑ताम्,1
जी॒वात॑वे,1
जुघूर्णुर्विभ्रमातिशयपुंसि,1
जुलाई,1
जुषन्ते॒मौ,1
जुषस्व,1
जुषस्व॒,1
जुषा॒णा,1
जुषा॒णो,1
जुहुयादनुवासरम्,1
जुहुयादाहवनीये,1
जुहुयादे॒ष,1
जुहुयाद्विष्णोर्नुकादीन्,1
जुहुया॒न्नमो॑वृक्तिमे॒वैषां,1
जुहु॒यात्प्र॑ति॒ष्ठाया॑,1
जुहु॒याद्द॑र्विहो॒मं,1
जुहु॒याद्यथा॒,1
जुहोतु,1
जुहोत्यधि॒देव॑न,1
जुहोत्याज्यग्र॒हं,1
जुहोत्यु॒भय॑मे॒वाक॒रप॑रिवर्गमे॒वैन,1
जुहोमि॒,1
जुहोम्योजो॒विद॒स्योजो॑,1
जुहो॒मीत्ये॒षा,1
जुह्व॑ति,1
जुह्व॑ति॒,1
जु॑जुषा॒णा,1
जु॑षस्वै॒ष,1
जु॑षस्व॒,1
जु॑सा॒णो॑,1
जु॑हुया॒दाहु॑तीरे॒वास्य॑,1
जु॑हु॒याद्यथा॒,1
जु॑होतन,1
जु॑होति॒,1
जु॑होत्य॒ग्नेरे॒व,1
जु॑हो॒म्यनु॑,1
जु॑ह्व॒त्यथ॒,1
जु॒नन्ति॑,1
जु॒षन्ते,1
जु॒षेथां,1
जु॒षेथां॒,1
जु॒ष॒ध्व॒मु॒प॒या॒मगृ॑हीतः,1
जु॒हूः,1
जु॒हूरथो॒,1
जु॒हूर्भव॑ति॒,1
जु॒हूर्भव॒त्याश्व॑त्थ्युप॒भृद्ब्रह्म॑णै॒वान्न॒मव॑,1
जु॒हूर्भव॒त्याश्व॑त्थ्युप॒भृद्रा॒ष्ट्रमे॒व,1
जु॒होत्या॑हुतीष्ट॒का,1
जु॒हो॒ति॒,1
जूह,1
जृम्भिकाभिः,1
जेइष्,1
जेण,1
जेतुमिषुमु॑खमि॒व,1
जेय्ष,1
जेस्म,1
जे॑षमा॒प्तं,1
जैनाः,1
जैनेतराः,1
जैमिनीयोपनिषद्ब्राह्मणमि,1
जैषुरि॒दं,1
जोगु॑वा॒मपो॒,1
जोगु॑वा॒मप॒,1
जोण्,1
जोषम्,1
जोहवीमि,1
जो॒षय॑न्ते॒,1
ज्जी॒वं,1
ज्जुहुयाथ्सा॒क्षादे॒व,1
ज्जुहुयादमावा॒स्या॑,1
ज्ञआनविषयविपरीतविषयकत्वनियमादिति,1
ज्ञत्व,1
ज्ञत्वाच्च,1
ज्ञत्वाभावस्तु,1
ज्ञनविदवे,1
ज्ञपनं,1
ज्ञप्तिं,1
ज्ञर्थर्थेषु,1
ज्ञस्य,1
ज्ञस्वभाव,1
ज्ञा,1
ज्ञातं,1
ज्ञातता,1
ज्ञातमर्थ्यविवक्षोः,1
ज्ञातम्,1
ज्ञातवतो,1
ज्ञातवान्,1
ज्ञातव्यः,1
ज्ञातव्यान्यमरेशादि,1
ज्ञाता,1
ज्ञातानि,1
ज्ञातार,1
ज्ञातुमर्हति,1
ज्ञातृज्ञानयोराकारभेदानुपलम्भाद्,1
ज्ञातृतया,1
ज्ञातृत्वरूपस्य,1
ज्ञात्वैतच्छद्मना,1
ज्ञानकाण्डस्य,1
ज्ञानक्रयाणिमादि,1
ज्ञानक्रिया,1
ज्ञानक्रियात्वान्मायोत्थैः,1
ज्ञानक्रियानिपुणदेशिककृत्य,1
ज्ञानक्रियाभिव्यक्तिलक्षणस्य,1
ज्ञानक्रियावरणवत्,1
ज्ञानक्रियावरणवद्,1
ज्ञानक्रियावारकत्वं,1
ज्ञानक्रियासामर्थ्यांशाभिव्यञ्जिका,1
ज्ञानक्रियास्वरूप,1
ज्ञानग्रस्ताः,1
ज्ञानजन्यः,1
ज्ञानज्ञेयान्तरे,1
ज्ञानदं,1
ज्ञानदीपिका,1
ज्ञानद्वयसाधारणेन,1
ज्ञानप्रदीपः,1
ज्ञानप्राप्तिसाधनोपदेशिकायै,1
ज्ञानप्रामाण्यम्,1
ज्ञानभिग्वेदपारगः,1
ज्ञानभेदानां,1
ज्ञानमज्ञानसङ्क्षयः,1
ज्ञानमतुल्यं,1
ज्ञानमध्यवसाय,1
ज्ञानमपि,1
ज्ञानमभ्यासतो,1
ज्ञानमार्गेण,1
ज्ञानमिदमेवास्ति,1
ज्ञानमुख्यं,1
ज्ञानयन्त्रो,1
ज्ञानयोगः,1
ज्ञानरत्नावल्यमुदाहृतम्,1
ज्ञानरूपत्वमिचेन्न,1
ज्ञानवतां,1
ज्ञानवत्यालक्षणमाह,1
ज्ञानवम्यसौ,1
ज्ञानवांस्तपसान्वितः,1
ज्ञानविन्द्वादिभ्यो,1
ज्ञानविरोधीत्यर्थः,1
ज्ञानवैराग्य,1
ज्ञानशक्ति,1
ज्ञानशक्तिं,1
ज्ञानशक्तिन्यसेल्लिङ्गे,1
ज्ञानशक्तिरिच्छाशक्तिश्च,1
ज्ञानशक्तिरेकैव,1
ज्ञानशक्तिरेव,1
ज्ञानशक्तेरन्तरङ्गत्वं,1
ज्ञानशक्तौ,1
ज्ञानशक्त्या,1
ज्ञानशक्त्यात्मके,1
ज्ञानश्रवणादिति,1
ज्ञानसद्भावः,1
ज्ञानसन्नः,1
ज्ञानसम्भिन्न,1
ज्ञानसामर्थ्यमेव,1
ज्ञानस्यात्मधर्मत्वाद्,1
ज्ञानस्यापि,1
ज्ञानस्याल्पत्वात्,1
ज्ञानस्यास्थिरत्वेन,1
ज्ञानस्यैव,1
ज्ञानस्योत्पत्त्यपवर्गयोगित्वेन,1
ज्ञाना,1
ज्ञानादिसंस्कारेऽपि,1
ज्ञानाध्येयोपादेयवस्तुषु,1
ज्ञानापेक्षं,1
ज्ञानायारत्वमेव,1
ज्ञानिनः,1
ज्ञानिनां,1
ज्ञानिनो,1
ज्ञानिनोऽत्यन्तबाधकः,1
ज्ञानिमनुष्येषु,1
ज्ञानिवरो,1
ज्ञानिसुखापेक्षया,1
ज्ञानी,1
ज्ञानीति,1
ज्ञाने,1
ज्ञापयितुं,1
ज्ञापितम्,1
ज्ञायमानोऽप्युपेक्षितः,1
ज्ञाश्च,1
ज्ञीप्,1
ज्ञीप्स्यमानः,1
ज्ञे,1
ज्ञेयः,1
ज्ञेयमष्टोत्तरं,1
ज्ञेयमित्याह,1
ज्ञेयस्य,1
ज्ञेयाः,1
ज्ञेयानि,1
ज्ञेयामलोमाया,1
ज्ञोपि,1
ज्ञोऽनीश्वरोऽक्रियः,1
ज्न्म,1
ज्मन्नुप,1
ज्य,1
ज्यमे॒व,1
ज्यां,1
ज्यातलघोषेण,1
ज्याना॒मधि॑पति॒,1
ज्यामघस्य,1
ज्याय,1
ज्येष्टश्च,1
ज्येष्ठं,1
ज्येष्ठः,1
ज्येष्ठस्नानं,1
ज्येष्ठा,1
ज्येष्ठामूलीये,1
ज्येष्ठाय,1
ज्येष्ठ॑श्च॒,1
ज्ये॒ष्ठब॑न्धु॒रप॑भूतः॒,1
ज्ये॒ष्ठा,1
ज्ये॒ष्ठाय॑,1
ज्ये॒ष्ठो,1
ज्यैष्ठ्या॑य,1
ज्यो,1
ज्योक्,1
ज्योगा॒मय॑ति,1
ज्योगा॒मय॑ति॒,1
ज्योतिः,1
ज्योतिःस्वभावे,1
ज्योतिः॑,1
ज्योतिराचार्यैः,1
ज्योतिरिङ्गणसमानकान्तयः,1
ज्योतिरित्यस्यापि,1
ज्योतिरिव,1
ज्योतिरूपाय,1
ज्योतिश्चक्षुषा,1
ज्योतिश्चतुर्वर्णम्,1
ज्योतिषः,1
ज्योतिषां,1
ज्योतिषि,1
ज्योतिषिमा,1
ज्योतिषीमतस्य,1
ज्योतिष्टोमादिकर्मफलानामपि,1
ज्योतिष्टोमादिकर्मसंस्कारस्तावन्नात्मनि,1
ज्योतिष्टोमादेरिव,1
ज्योतिष्मतीञ्च,1
ज्योतिष्यादिशास्त्रेषु,1
ज्योति॑रन्ना॒दम्,1
ज्योति॑रे॒वैन,1
ज्योति॑र्दधाति॒,1
ज्योति॑षा,1
ज्योति॑षि,1
ज्योति॑षे,1
ज्योति॑ष्मतीं,1
ज्योति॑ष्मा,1
ज्योति॑ष॒,1
ज्योति॒,1
ज्योति॒रवि॑दाम,1
ज्योति॒षाऽऽवृ॑तः,1
ज्योति॒ष्याप॒,1
ज्योती,1
ज्योतीरूपमित्यर्थः,1
ज्योत्स्ना,1
ज्योत्स्नाभा,1
ज्योष्ठा,1
ज्यो॒तिषा,1
ज्यो॒ति॒ष॒स्प॒ते॒,1
ज्यौति,1
ज्वरः,1
ज्वरज्वलनेनानवरतपरिवर्तनैस्तरङ्गिणि,1
ज्वरप्रत्यात्मिकं,1
ज्वरमारी,1
ज्वरातीसारप्रभृतीनां,1
ज्वरादिग्रन्थिरोगांश्च,1
ज्वरेणाविशता,1
ज्वलनवज्ज्वलन्,1
ज्वलनार्चिता,1
ज्वलनो,1
ज्वलन्,1
ज्वलन्तमिव,1
ज्वलितश्श्रिया,1
ज्वलिता,1
ज्वल॑तश्चै॒व,1
ज्वालयेत्,1
ज्वालामालाकुलं,1
ज्वालामुखेति,1
ज्वाल्य,1
ज्स्,1
ज्स्ना,1
ज॑ज्ञे॒,1
ज॑यति॒,1
ज॑यत्यृ॒तस्य॒,1
ज॑यत्ये॒ताव॑न्तो॒,1
ज॑येय॒मिति॑,1
ज॑रि॒माणं॑,1
ज॑हि,1
ज॑ह्युः,1
ज॒ग्मुः,1
ज॒ठरे॑व॒,1
ज॒ठर॑मसि,1
ज॒नय॑न्तीः,1
ज॒नुषा॑,1
ज॒न्तव॒,1
ज॒मद॑ग्नि॒,1
ज॒मद॑ग्नि॒मकु॑र्वत,1
ज॒मद॑ग्नि॒स्तप॑सा,1
ज॒ल्पितं॑,1
ज॒ह्यप॒,1
झंकारकेकाकुलः,1
झङ्कृत,1
झञ्झण,1
झटिति,1
झांत,1
ञ्च,1
ञ्चतुर्विंशं,1
ञ्चतुश्चत्वारिंशं,1
ञ्चो,1
ञ्चो॒,1
ञ्छमयति॒,1
ञ्जि॒न्वेत्या॑हा॒ष्टौ,1
ञ्ज्याद्यज्ञमु॒ख,1
टण्,1
टाक्सि,1
टायां,1
टीकाकारास्त्वाहुः,1
टुण्टुकः,1
टेस्ट्क्रिकेट्,1
टेस्ट्परम्परायाः,1
टेस्ट्परम्परायामपि,1
टैंस्,1
टैटाने,1
टोरन्टो,1
ट्,1
ट्रक्,1
ट्रान्स्,1
ट्वीट्,1
ठञ्ञिठाविह,1
ठाकुर्,1
ठाणा,1
ठाणापुरसभा,1
ठाणाप्रदेशस्य,1
डडध्वव्यापकत्वेन,1
डडध्वव्यापिनीं,1
डमरुकाख्योऽसौ,1
डहुः,1
डाकिन्यो,1
डामराख्यं,1
डिग्रि,1
डिग्रितः,1
डिण्डिमुण्डस्तिथा,1
डिति,1
डिन्,1
डिन्न्,1
डिफन्स्,1
डिम्भाय,1
डिसम्बर्,1
डी,1
डे,1
डेवोनपोर्ट,1
डॉ,1
ड्,1
ढाका,1
ढिल्लीशपीडितं,1
ढौकितुम्,1
णयति,1
णलगिरि,1
णव,1
णां,1
णादिति,1
णिको,1
णिगमज्ञान,1
णिचं,1
णिचश्चे,1
णिजपि,1
णिजभावपक्षे,1
णिजभावे,1
णिजभावेऽपि,1
णिजविकल्पे,1
णिजिति,1
णिज्विकल्पज्ञापकत्वाश्रयणक्लेशो,1
णित्यण्प्राप्तः,1
णैः,1
णो,1
ण्डऋ॒षयः,1
ण्डूप्रशमनः,1
ण्यन्तत्वनियमाण्णिचा,1
ण्यन्तात्तु,1
ण्ये॒व,1
ण्य॒पः,1
ण्य॒पाद॑केशा॒सः,1
ण॑,1
ण॒,1
तऌइतः,1
तक्षशिलां,1
तक्षादीनामिव,1
तक्ष॑ती,1
तक॒रीं,1
तक॒रीमित्या॑ह,1
तगरं,1
तगवच्छिवः,1
तङो,1
तचैकत्वेऽदुहोन्मुनिः,1
तच्चात्मान्तरस्य,1
तच्चानादिमलावृतत्वाद्व्यञ्जकी,1
तच्चापं,1
तच्चाप्यूर्ध्वं,1
तच्चित्तं,1
तच्चेति,1
तच्चैतन्य,1
तच्चोर्ध्वाग्रम्,1
तच्छं॒,1
तच्छक्तिवैकल्यान्न,1
तच्छासने,1
तच्छास्त्रं,1
तच्छास्त्रसमयेन,1
तच्छिखण्डिनः,1
तच्छिरं,1
तच्छिवत्वं,1
तच्छुद्ध्यर्थं,1
तज्जदेहप्रविष्टा,1
तज्जन्यप्रसादे,1
तज्ज्ञा,1
तज्ञैद्दीक्षा,1
तञ्च,1
तटरुद्धाश्च,1
तटस्थः,1
तटस्थमिति,1
तटस्थमेव,1
तटाकाः,1
तटीकाकार्यं,1
तण्डुलस्य,1
तण्डुले,1
तण्डु॒लान्,1
ततः॒,1
ततकरणत्वमवधार्यत,1
ततपूर्वं,1
ततश्चर्त्वस्यासिद्धत्वात्पूर्वं,1
ततश्चाज्ञानसम्बन्धो,1
ततश्चात्मनः,1
ततश्चात्रापि,1
ततश्चात्राप्यनुभवात्मनो,1
ततश्चानादित्वाभावात्,1
ततश्चायमर्थः,1
ततश्चितेरात्मनोऽर्थं,1
ततश्चीनादेशः,1
ततश्चेत्यस्या,1
ततश्चेष्टानिष्टप्राप्तिपरिहारेति,1
ततश्चैतन्यसमवायाच्चित्स्वभाव,1
ततश्शस्त्रजितां,1
ततस्तं,1
ततस्तत्प्रवृत्तौ,1
ततस्तदपि,1
ततस्तदीयसोम,1
ततस्तदुभयक्रोडीकारात्,1
ततस्तन्मात्राणां,1
ततस्तस्य,1
ततस्तस्याः,1
ततस्तस्यापि,1
ततस्तेनैव,1
ततस्तेषां,1
ततस्स,1
ततस्स्मृतः,1
तता,1
तताप,1
ततिति,1
ततैवान्यः,1
ततोग्रधन्वा,1
ततोऽध्यवसायस्मृत्यादिलिङ्गा,1
ततोऽनेकत्वादचेतनत्वाच्च,1
ततोऽन्यः,1
ततोऽन्यस्मिन्प्रदेशे,1
ततोऽपि,1
ततोऽब्रवम्,1
ततोऽभवत्,1
ततोऽमी,1
ततोऽमृतं,1
ततोऽयं,1
ततोऽर्चयेत्,1
ततोऽविद्यानिवृत्तिरिति,1
ततोऽस्त्राणि,1
ततोऽहमन्तर्भवने,1
ततो॑ऽरु॒णाः,1
ततौ,1
तत्कथमिदानीं,1
तत्कथम्,1
तत्करोति,1
तत्कर्तृत्वेनाप्यात्मसिद्धिरिति,1
तत्कर्मजं,1
तत्कर्मानुग्रहात्मानमधिकारम,1
तत्कर्मान्तेषु,1
तत्कर्म॑णा,1
तत्कष्टं,1
तत्कान्तिमावृतहेमत्व,1
तत्कारणं,1
तत्कार्यस्य,1
तत्कालम्,1
तत्कालीन,1
तत्काले,1
तत्किं,1
तत्किमिति,1
तत्कुर्वन्,1
तत्कृत,1
तत्कृतं,1
तत्कृतम्,1
तत्कृतेऽहं,1
तत्को,1
तत्क्रियानुत्पत्तेरुक्तत्वात्,1
तत्क्रियान्तं,1
तत्क्व॑लमभवत्,1
तत्क्षणं,1
तत्क्षणमेव,1
तत्क्षणादेव,1
तत्क्षत्रियं,1
तत्क्षेत्रसमप्रमाणेन,1
तत्क्षेत्रेष्टांशभाजिते,1
तत्क॒र्कन्धु॑,1
तत्खण्डमनयत्स्वं,1
तत्खण्डेषु,1
तत्ज्ञानवाचकम्,1
तत्ज्ञैरिहोच्यते,1
तत्तच्छास्त्राणामपि,1
तत्तज्जपारम्भे,1
तत्तत्कालभाविनः,1
तत्तत्तत्व,1
तत्तत्तत्वपर्यन्तन्यासः,1
तत्तत्तत्वमात्रमेव,1
तत्तत्वमुपचारादिति,1
तत्तत्सञ्ज्ञास्तु,1
तत्तत्स्थाने,1
तत्तथेत्यब्रवीत्तद्वै,1
तत्तदधि,1
तत्तदपेक्षित,1
तत्तदर्थविषयं,1
तत्तदवस्थानास्पदीभूत,1
तत्तदाप्नोति,1
तत्तदिन्द्रियशक्तिहीनानां,1
तत्तद्दर्शनोक्तेन,1
तत्तद्देवतानां,1
तत्तद्भुवनजदेहेषु,1
तत्तद्भुवनादिषु,1
तत्तद्भोगानुगुणाहुति,1
तत्तद्विचित्र,1
तत्तद्विषयसम्यग्ज्ञानयोगः,1
तत्तद्विषयसुखाद्यनुभवरूपो,1
तत्तन्नाम्ना,1
तत्तन्महापुरुषेण,1
तत्तामसमुदाहृतमि,1
तत्तारं,1
तत्तिष्ठ॒न्ना,1
तत्तीर्थं,1
तत्तु,1
तत्तुल्यमिति,1
तत्तुल्यमित्यादिना,1
तत्त्यागे,1
तत्त्व,1
तत्त्वत,1
तत्त्वद्वयमागमेषु,1
तत्त्वभावभूतभुवनात्मकं,1
तत्त्वभुवनशरीरादि,1
तत्त्वमविमुक्तमिति,1
तत्त्वमस्यादिवाक्यैश्च,1
तत्त्वराज,1
तत्त्वलीन,1
तत्त्वलीनानां,1
तत्त्ववार्ता,1
तत्त्वसंहतिमुक्त्वा,1
तत्त्वसंहतिराचारापेक्षया,1
तत्त्वसंहतिरात्मवद्,1
तत्त्वसंहतिरेकरूपा,1
तत्त्वसङ्ग्रहेऽपि,1
तत्त्वसृष्टिमुक्त्वा,1
तत्त्वादिकं,1
तत्त्वादिभुवनाऽवधेः,1
तत्त्वादिस्वरूपं,1
तत्त्वानामपरे,1
तत्त्वानुभवात्,1
तत्त्वान्तरता,1
तत्त्वान्तरव्यवधानेनैव,1
तत्त्वे,1
तत्पञ्चाक्षरमुच्यते,1
तत्पतिः,1
तत्पदमापन्ना,1
तत्परं,1
तत्परतन्त्रम्,1
तत्परतया,1
तत्परत्वेन,1
तत्परत्वेऽप्यनभ्युपगम्यमाने,1
तत्परा॑णाम्पर॒त्वम्,1
तत्परैः,1
तत्परै॒रवा॑रुन्धत॒,1
तत्पर्य्यायः,1
तत्पातलक्षणं,1
तत्पादमूलमकुतश्चिद्भयमुपसृतानां,1
तत्पालद्वयप्रदानत्वान्नातिव्याप्तिः,1
तत्पुण्यं,1
तत्पुण्यवशतः,1
तत्पुन॒राद॑दे,1
तत्पुरमेव,1
तत्पुरुषः,1
तत्पुरुषबीजत्वम्,1
तत्पुरुषवक्त्राय,1
तत्पुरुषेशानकौ,1
तत्पुरु॑षस्य,1
तत्पृ॑श्नीनाम्पृश्नि॒त्वम्,1
तत्प्र,1
तत्प्रकारमेवाह,1
तत्प्रकाशकत्वेनात्यन्तं,1
तत्प्रणीतं,1
तत्प्रतिपादकाक्षराश्रवणात्,1
तत्प्रतिपादितशिवतत्वस्यैव,1
तत्प्रतिपाद्यमाह,1
तत्प्रतिबन्धनीयस्य,1
तत्प्रतियोगिकमिति,1
तत्प्रतिष्ठा,1
तत्प्रतीत्यसमुत्पन्नम्,1
तत्प्रदं,1
तत्प्रभञ्जन,1
तत्प्रभावादयं,1
तत्प्रभावेन,1
तत्प्रमितिशेषत्वरूपं,1
तत्प्रयोजिकात्वात्,1
तत्प्रवर्तकं,1
तत्प्रवृत्त्यभ्युपगमेऽपि,1
तत्प्राण,1
तत्प्रातिपदिके,1
तत्प्राप्तेर्विद्येश्वरादिपदप्राप्तिरूपत्वेनाऽपरमुक्तित्वान्नाऽ,1
तत्प्राश्नात्,1
तत्प्रा॑णग्र॒हाः,1
तत्प्री॑णात्य॒स्मे,1
तत्प्र॑तिलो॒मं,1
तत्प्र॒जा,1
तत्प्र॒बाहु॒ग्वा,1
तत्प॒र्ण,1
तत्प॒र्णो॑,1
तत्फलभोगभेदो,1
तत्फलमवाप्नुयात्,1
तत्रतत्र,1
तत्रतत्रेति,1
तत्रत्याः,1
तत्रधातोर्णिचः,1
तत्रन्यसेत्तत्वत्रयं,1
तत्रभवद्भिः,1
तत्रवध्यात्वेत्यनुर्वार्तते,1
तत्रस्थं,1
तत्रा,1
तत्राक्रुद्ध्यद्धनञ्जयः,1
तत्रागच्छति,1
तत्रागन्धादीनां,1
तत्राचार्य,1
तत्राधिमात्रोपायाः,1
तत्राध्वव्याप्तिं,1
तत्रानधिकारः,1
तत्रानयोः,1
तत्राप्यर्धनिरतिकरण,1
तत्रायतन,1
तत्रार्थात्,1
तत्रासद्यो,1
तत्राऽदेशार्थं,1
तत्राऽधोगतिर्नरकप्राप्तिः,1
तत्राऽवस्थानात्,1
तत्रेच्छाशब्देनैकाग्रतापरपर्यायोऽवधानात्मकः,1
तत्रेत्येव,1
तत्रेशोपि,1
तत्रैः,1
तत्रैवाभिहितद्रष्टव्यम्,1
तत्रैवावधार्यं,1
तत्रैवावस्थानात्,1
तत्रैवासावात्मनश्चैतन्याभिव्यक्तये,1
तत्रैवास्तमनं,1
तत्रैविह्रस्वदीर्थप्लुतानन्तान्यथा,1
तत्रैवोक्तम्,1
तत्रैवोपसंहारात्,1
तत्रोक्तम्,1
तत्रोपासना,1
तत्र॒,1
तत्वतत्वेश्वरमूर्तिमूर्तीश्वरन्यासोष्टधा,1
तत्वतत्वेश्वरानभिधाय,1
तत्वत्रयज्ञान,1
तत्वत्रयन्यासस्यावधि,1
तत्वत्रयमात्मतत्वं,1
तत्वत्रयमुदीरितमिति,1
तत्वत्रयाधिपाः,1
तत्वत्रयाधियाः,1
तत्वत्रयाधीश्वर्यः,1
तत्वत्वेन,1
तत्वनिर्णय,1
तत्वनिर्णये,1
तत्वन्न्यासप्रकार,1
तत्वन्यासमुपक्रमेत्,1
तत्वन्यासादि,1
तत्वपञ्चकम्,1
तत्वपर्यन्ता,1
तत्वप्रकाशेपि,1
तत्वभेदेन,1
तत्वशोधने,1
तत्वश्वरभेदमभिधाय,1
तत्वसंहतिः,1
तत्वसंहृतिः,1
तत्वसङ्ग्रहे,1
तत्वसम्बन्ध,1
तत्वां,1
तत्वात्मकत्वमिति,1
तत्वादि,1
तत्वादितस्तत्वसृष्टिक्रमेण,1
तत्वादिन्यासमारभेत्,1
तत्वादिविन्यस्य,1
तत्वाधि,1
तत्वाधिकारित्वात्तसम्,1
तत्वाधिपतीनाह,1
तत्वाध्व,1
तत्वाध्वव्याप्ति,1
तत्वाध्वा,1
तत्वाध्वानमाह,1
तत्वाध्वायम्,1
तत्वानामप्यनर्थकत्वं,1
तत्वान्तर,1
तत्वाय,1
तत्वार्ध्वोक्त,1
तत्वाव,1
तत्वावबोधजादृढतरं,1
तत्वेश्वर,1
तत्वेश्वरतत्वेष्ववस्थिता,1
तत्वेश्वरमूर्तिमूर्तीरादिन्यास,1
तत्वेश्वरा,1
तत्वेश्वरान्वितः,1
तत्वेषु,1
तत्वैरिमे,1
तत्वैस्तत्वानि,1
तत्वोपादान,1
तत्संयोगसमुत्पन्नः,1
तत्संयोजनमेव,1
तत्संवित्तिस्तदनुभव,1
तत्सङ्गृह्यते,1
तत्समकालीनतयेत्यर्थः,1
तत्समाचर,1
तत्समृद्ध,1
तत्सम्बद्धा,1
तत्सम्बन्धित्वात्तस्याः,1
तत्सम्बन्धिनामपि,1
तत्सम्भवाम्भो,1
तत्सर्वदा,1
तत्सर्वदोषदम्,1
तत्सर्वभोगदम्,1
तत्सर्वमपि,1
तत्सहितस्यैव,1
तत्साधनादिज्ञानाय,1
तत्सान्निध्यान्मया,1
तत्सायुज्यमिति,1
तत्सिद्धान्तो,1
तत्सिद्ध्यर्तं,1
तत्सुतः,1
तत्सुरतं,1
तत्सूक्ष्मदेहस्थं,1
तत्सूत्रतो,1
तत्सैनिकाः,1
तत्स्त्रीणां,1
तत्स्थमेव,1
तत्स्थाः,1
तत्स्थितिम्,1
तत्स्थेन,1
तत्स्मृतिजातम्,1
तत्स्वप्रकाशजीवाभिन्नं,1
तत्स्वभावत्वे,1
तत्स्वरूपमाह,1
तत्स्वरूपा,1
तत्स्वर्णप्रतिमादानं,1
तत॑क्षुः,1
तत॑श्चख्षाथा॒मदि॑तिं॒,1
तत॒ष्षड्वि,1
तथर्षयः,1
तथागतो,1
तथाचक्ष्व,1
तथाचार्यं,1
तथाज्ञानमिदं,1
तथात्मानं,1
तथात्वेन,1
तथाद्धोक्तं,1
तथान्यरापि,1
तथाप्यद्य,1
तथाप्रज्ञं,1
तथाभूतां,1
तथाय,1
तथारधिकारभेदाद्वैविद्धं,1
तथार्यगोपेषु,1
तथाविधशब्दावाच्यतामात्रादेवं,1
तथाविधाः,1
तथाश्वर्थपत्रवद्,1
तथाष्टसु,1
तथाहिल्येश्वरस्य,1
तथाहुः,1
तथाहुरेक्,1
तथाऽकरोत्,1
तथाऽतिमा,1
तथाऽधशिरसो,1
तथाऽपि,1
तथाऽहिल्येश्वरस्यापि,1
तथेच्छथ,1
तथेच्छन्ति,1
तथेत्युक्त्वा,1
तथेन्द्रियाणि,1
तथैति,1
तथोक्तः,1
तथोक्तम्,1
तथोक्तस्तथेत्युक्त्वा,1
तथोक्तेर्गुरुत्वादिति,1
तथोदीच्यां,1
तथोपदिश,1
तथोपनयनप्रकरणस्थस्य,1
तथोपायं,1
तथ्सं,1
तथ्सम्भव॑स्य,1
तथ्सव॑नान्य,1
तथ्स॑वि॒तुर्वरे,1
तथ्स॑वि॒तुर्वृ॑णीमहे,1
तदक्षराणि,1
तदङ्गताम्,1
तदङ्गानि,1
तदङ्‌गकम्,1
तदतीतत्वेन,1
तदथ॒,1
तददर्शनाच्च,1
तदद्भुतमिवाभवत्,1
तदद्यैव,1
तदद्वैताः,1
तदधस्ततः,1
तदधिपांस्तदर्हेणाभ्यर्च्याघारं,1
तदधिष्ठितम्,1
तदधिष्ठेयमीशानं,1
तदधोभागद्वयेन,1
तदधोवर्ति,1
तदध्यवसायात्मनि,1
तदनन्तफलं,1
तदनन्तरतनसञ्चयनात्,1
तदनन्तरम्,1
तदनन्यत्वादिनये,1
तदनपेक्षत्वा,1
तदनवलोकनेनैव,1
तदनुगुणं,1
तदनुगुण्येन,1
तदनुचराः,1
तदनुभवप्रतीतिरस्तिः,1
तदनुरूपाणि,1
तदनुर्वातभिराचार्यैर्वहुधा,1
तदनुष्ठानात्तथा,1
तदनुसारेण,1
तदनुसारेणापाची,1
तदनु॑,1
तदनेनानन्तरस्य,1
तदन्,1
तदन्तरवर्तीति,1
तदन्तस्यैति,1
तदन्ते,1
तदन्नं,1
तदन्यः,1
तदन्यत्र,1
तदन्यथाऽनुपपत्त्याऽऽत्मा,1
तदन्वयतस्तदर्थत्वाद्भोगाधिकरण,1
तदपहस्तनेन,1
तदपूर्वाणि,1
तदप्ययुक्तम्,1
तदप्यशक्तः,1
तदप्यहोऽहं,1
तदप्याशु,1
तदप्युक्तं,1
तदप्युत्पत्तिभेदादिक्षुविकाराणां,1
तदप॑,1
तदभाव,1
तदभावज्ञापनाय,1
तदभावेन,1
तदभिप्रायम्,1
तदभिव्यक्तं,1
तदर्क्यं,1
तदर्थकत्वमित्यर्थ,1
तदर्थतः,1
तदर्थेसंभवामि,1
तदर्धं,1
तदर्धमखिलेऽध्वनी,1
तदर्हं,1
तदर्हः,1
तदलमनेन,1
तदवकीर्णं,1
तदवस्थायां,1
तदवियोगतः,1
तदविशेषतो,1
तदव्यतिरेकान्नाशः,1
तदव्यतिरेकित्वाद्,1
तदशक्तौ,1
तदशरणं,1
तदस्त्यात्मनि,1
तदहावतविरोधतदन्यत्वेषु,1
तदहु॑तमस्य,1
तदाकरोत्,1
तदाचष्टे,1
तदातिथ्यस्यातिथ्यत्वं,1
तदात्मिका,1
तदादिशत्,1
तदादिषु,1
तदादेशश्,1
तदादेशसम्पादनार्थम्,1
तदादौ,1
तदाधिक्याच्च,1
तदानीन्तने,1
तदानीम्,1
तदान्तरेण,1
तदापूरकतया,1
तदापूरकेण,1
तदामुक्त,1
तदाराधनाय,1
तदावृताम्,1
तदाहुः,1
तदाहुस्त्रिकामित्याहुर्दीयते,1
तदाहु॑तीरा॒यत॑नवतीः,1
तदाऽभवत्,1
तदाऽयत्नं,1
तदाऽविद्या,1
तदा॒मो,1
तदिच्छया,1
तदिच्छामि,1
तदिच्छायाः,1
तदिति॒,1
तदित्थम्,1
तदित्प॒दमिति॑,1
तदित्याहुर्नातिदूरे,1
तदिदमस्य,1
तदिदमुक्तम्,1
तदि॑न्द्र॒धनु॑,1
तदीये,1
तदीशश्चोर्ध्वगा,1
तदीश्वरः,1
तदु,1
तदुकलियुगेषष्टकं,1
तदुक्तमभियुक्तैः,1
तदुक्तमितीति,1
तदुक्तमीश्वरगीतयाम्,1
तदुक्थमृक्तस्तदेतदेकं,1
तदुच्यते,1
तदुत्तरस्वरूपं,1
तदुद्देशितेत्यत,1
तदुद्देशित्वं,1
तदुद्वहनक्रिया,1
तदुपपादयति,1
तदुपरि,1
तदुपलक्षितशरीरवैकल्याद्वा,1
तदुपलभ्य,1
तदुपादानं,1
तदुपादानः,1
तदुपादानाज्ञाननिवृत्तिद्वारा,1
तदुभयमस्यामस्तिथीति,1
तदुभयान्यतरत्वमयुतसिद्धत्वमित्यर्थः,1
तदु॑,1
तदूनत्वा,1
तदृर्शयति,1
तदृषेर्वाक्यं,1
तदृ॒तेन॑,1
तदेकं,1
तदेकशेषमन्तरेण,1
तदेतत्सर्वेष्वेव,1
तदेनं,1
तदेवंविध्यपेक्षितेष्विति,1
तदेवमष्टपक्षे,1
तदेवैकमहर्निशम्,1
तदेवैषां,1
तदेव॑,1
तदे॒तत्तद॑ग्ने,1
तदे॒तदन्न॒मन्ने॒,1
तदे॒वानु॒प्रवि॑शति,1
तदे॒वानु॒प्रावि॑शत्,1
तदे॒वास्यै॒तेना,1
तदैव,1
तदै॑रयेथाम्,1
तदोच्यत,1
तद्गतांश्च,1
तद्गतिः,1
तद्गुणशालिता,1
तद्गुणाश्च,1
तद्गृहं,1
तद्गृहीत,1
तद्गोभिः,1
तद्गौणं,1
तद्ग्रहणपूर्वकस्य,1
तद्ग्रहणहेतुत्वादस्तु,1
तद्ग्रहात्,1
तद्ग्राहकानुमित्यात्मकज्ञानस्वरूपतया,1
तद्ज्ञैस्त,1
तद्दख्षि॑णा,1
तद्दिने,1
तद्देवतया,1
तद्देशस्थानां,1
तद्देह,1
तद्दे॑वयश॒सेना,1
तद्दोषो,1
तद्द्धेतुर्बुद्धिः,1
तद्द्व॑योः,1
तद्धर्मं,1
तद्धितयकारस्य,1
तद्धितस्य,1
तद्धिते,1
तद्धोता॒,1
तद्बद॑रम्,1
तद्बलादेव,1
तद्बाह्मणास्तत्र,1
तद्बीजमिति,1
तद्बुद्धित्वादिना,1
तद्ब्रह्म,1
तद्ब्रूत,1
तद्भक्तिं,1
तद्भावभाविनो,1
तद्भावव्यपदेशस्य,1
तद्भिर्नैव,1
तद्भेदादत्रेन्द्रियानन्त्यसिद्धिः,1
तद्भेदो,1
तद्भोक्तुं,1
तद्भोगार्थं,1
तद्भोगो,1
तद्मा॑ऽऽपीत,1
तद्यज॑मानः,1
तद्यत्ततो,1
तद्यथैवादो,1
तद्यदयु॑क्ते,1
तद्यदसु॑राणां॒,1
तद्यदेनेनेमाः,1
तद्यद्यती॑न॒पाव॑पदमे॒ध्यं,1
तद्यद॑र्ध॒र्चाल्लुप्ये॑त॒,1
तद्यन्न,1
तद्योग,1
तद्योगादेवात्मनः,1
तद्योगे,1
तद्योगोधोद्विवर्जनात्,1
तद्योन्यां,1
तद्योऽयं,1
तद्य॑जन्ति॒,1
तद्य॑ज्ञमु॒खे,1
तद्य॑ज्ञवा॒स्त्ववा,1
तद्राष्ट्रं,1
तद्रूपमिति,1
तद्रे॑चये॒द्यन्नाव॒द्येत्प॒शोराल॑ब्धस्य॒,1
तद्वः॒,1
तद्वक्रेण,1
तद्वचनं,1
तद्वच्छक्ति,1
तद्वत्,1
तद्वत्कर्माभिनं,1
तद्वत्सर्वं,1
तद्वदष्टाविंशतिमञ्जगुः,1
तद्वदामि,1
तद्वद्देविसरस्वति,1
तद्वनं,1
तद्वर्णानां,1
तद्वशादखिलं,1
तद्वां,1
तद्वांश्च,1
तद्वानी,1
तद्वारं,1
तद्वा॒चा,1
तद्विकल्पार्थमन्तस्थं,1
तद्विट्समं,1
तद्विदां,1
तद्विभागेन,1
तद्विरोध,1
तद्विरोधादित्यर्थः,1
तद्विलंघविलंघनं,1
तद्विवेकज्ञाने,1
तद्विश्लेषेण,1
तद्विषयत्वमेव,1
तद्विषयप्रवादा,1
तद्विषयमेव,1
तद्विषयानुसारेण,1
तद्विषयीकरणमेव,1
तद्विषयीकरणमेवेत्युक्तम्,1
तद्विष्णोर्ब॑ल,1
तद्वी॒र्यं॑,1
तद्वृत्तीनां,1
तद्वै,1
तद्वैकल्येऽपि,1
तद्वैविध्यमेवाह,1
तद्वैष्णवं,1
तद्व्यञ्जकत्वं,1
तद्व्यधिकरणे,1
तद्व्यपनेतृ,1
तद्व्यातिरेकेण,1
तद्व्याप्ति,1
तद्व्र॒तम्,1
तद्हेतुकमेव,1
तद्‌भस्म,1
तद्‌भस्मधारणात्कर्म,1
तद॑ध्व॒रस्या,1
तद॑ध्व॒र्युः,1
तद॑ध्व॒र्युर्नैति॑,1
तद॑नुलो॒म,1
तद॑प्याम्ना॒यः,1
तद॑भ्याता॒नाना॑मभ्यातान॒त्वं,1
तद॑ह॒न्तस्मा॑,1
तद॒न्ववै॑त्,1
तद॒यं,1
तद॒ष्टौ,1
तद॒स्मासु॒,1
तनकालावच्छेदेन,1
तनयः,1
तना,1
तनुते॒,1
तनुत्यागमपि,1
तनुभूतविषयासम्प्रमोषरूपं,1
तनुम्,1
तनुर्घोराऽग्निरुच्यते,1
तनुस्तथा,1
तनूद्भवा,1
तनू॒पाथ्साम्नः॑,1
तन्,1
तन्तुना,1
तन्तुमद्घनमनुबद्धं,1
तन्तुषु,1
तन्तु॑रसि,1
तन्त्रं,1
तन्त्रज्ञान,1
तन्त्रोपकरणं,1
तन्द्राऽरोचको,1
तन्नगरस्थानां,1
तन्नाम्ना,1
तन्नि,1
तन्निपातस्य,1
तन्निपातस्यैवा,1
तन्निबोध,1
तन्निबोधत,1
तन्नियामकत्वेन,1
तन्निरूपितमित्यर्थ,1
तन्निवृत्तिद्वारा,1
तन्निष्ठं,1
तन्नैर्॑ऋ॒तमेक॑कपालं,1
तन्नोत्पन्नं,1
तन्नो॑,1
तन्न॑स्तु॒रीप॒मध॑,1
तन्म,1
तन्मतावुदितं,1
तन्मध्यकर्णिकासंस्थं,1
तन्मन्ये,1
तन्मयत्वं,1
तन्मलस्यैकत्वे,1
तन्मलैर्गुटिकास्पर्शात्तालयन्त्रं,1
तन्महत्त्वाय,1
तन्महाव्रतं,1
तन्मां,1
तन्मात्र,1
तन्मात्राः,1
तन्मात्राजन्ये,1
तन्मात्राणीह,1
तन्मात्राद्यहङ्का,1
तन्मात्रान्प्रजपेच्छतम्,1
तन्मात्रासिद्धिं,1
तन्मात्रासिद्धेस्तत्तद्गुणभेदादेव,1
तन्मात्रास्वपि,1
तन्मात्रास्वप्यनुषज्यते,1
तन्मात्राऽजन्ये,1
तन्मात्रे,1
तन्माहात्म्यं,1
तन्मा॑वतु॒,1
तन्मुहूर्तमभूद्युद्धं,1
तन्मूलं,1
तन्मूलत्वाद्दीक्षा,1
तन्मे,1
तन्यासस्यैवा,1
तन्वंशुकं,1
तन्वा,1
तन॑ये॒,1
तपःक्षयकरो,1
तपःप्रभावेण,1
तपति,1
तपनः,1
तपनस्त्रिलोकीतापनक्षमः,1
तपन्त्य्,1
तपरः,1
तपश्चर्यासु,1
तपश्चैव,1
तपसाऽनेन,1
तपस्तत्सापेक्षः,1
तपस्तपसा,1
तपस्तप्तं,1
तपस्यां,1
तपस्वि,1
तपस्विनी,1
तपस्विनोऽपि,1
तपोगुरुशुभूषा,1
तपोवनम्,1
तपो॑,1
तपो॑ऽतप्यत,1
तप्तवान्सुमहत्तपः,1
तप्तायससवर्णाभा,1
तप्त्रि॑तपाः,1
तप्यते,1
तप्यत॒,1
तप॑न्न॒पामा॒यत॑नम्,1
तप॑सश्च॒,1
तप॑स्त॒प्त्वा,1
तमं,1
तमग्निमा॑दधी॒त,1
तमग्नि॑मिन्धी॒त,1
तमजन्मवार्षिकवेलायाम्,1
तमजि॑ह्वा,1
तमद्याश्वं,1
तमध॑रम्पादयामि॒,1
तमभिव्याप्येति,1
तमर्चयन्ति,1
तमशतकस्य,1
तमशुद्धं,1
तमश्चाज्ञानजं,1
तमसः,1
तमस्मे॑रा,1
तमस्य,1
तमहोरात्रिकं,1
तमाघोरा,1
तमाचा,1
तमादाय,1
तमामोहक्षया,1
तमामोहाघोरारतिरपज्वरा,1
तमाहर॑णं,1
तमिति॑,1
तमित्सखित्वे,1
तमिळ्,1
तमिष्टदेवं,1
तमी,1
तमीश्वरं,1
तमुपेक्ष्य,1
तमुवाच,1
तमू,1
तमूचुर्महात्मानं,1
तमू॑हथुर्नौ॒भिरा,1
तमेतेन,1
तमेवङ्गुणसम्पन्नं,1
तमेवाह,1
तमेवाहं,1
तमे॑षा॒मसु॑रा,1
तमे॒वाभि॒रुपा,1
तमोरजःसत्त्वमयं,1
तमोऽभिभूतः,1
तमो॑,1
तम्म॑र्जयन्त,1
तम॑नङ्गुलि॒राव॑यत्,1
तम॒भित,1
तम॒भित॑,1
तयेश्वरः,1
तयोः॒,1
तयोधर्मयोर्व्याप्तिर्न,1
तयोरन्यो,1
तयोरिति,1
तयोरूर्ध्वे,1
तयोर्णध्य,1
तयोश्च,1
तयोस्तु,1
तर,1
तरः,1
तरतीति,1
तरतेः,1
तरन्ति,1
तरसमयास्पदानामेतदेकदेशत्वेन,1
तरुपते,1
तरुसत्तमाः,1
तरेषां,1
तर्,1
तर्कः,1
तर्केण,1
तर्पयतापा॒नं,1
तर्पयता॒त्मानं॑,1
तर्पयामि,1
तर्पयित्वा,1
तर्पय॒ताङ्गा॑नि,1
तर्पितं,1
तलं,1
तले,1
तल्,1
तल्लाभ,1
तल्लिङ्गं,1
तल्लिङ्‌गपूजया,1
तवलकारः,1
तवलकारारण्यकमिति,1
तवा,1
तवाख्याता,1
तवाग्रतः,1
तवानघ,1
तवाश्रयं,1
तवास्ति,1
तवेति,1
तवोपरि,1
तवो॒तिभिः॑,1
तश्चुद्धिं,1
तसस्यात्मनि,1
तसि,1
तसिः,1
तस्तस्मिन्नेव,1
तस्थ,1
तस्थानं,1
तस्थुः,1
तस्थुरितिहाससंकथाः,1
तस्माच्,1
तस्माच्छिवस्वरूपध्यानं,1
तस्माच्छ्रीसूर्यमल्लो,1
तस्माज्जपाकुसुमोपहितस्यापि,1
तस्माज्जीवो,1
तस्माज्ज्ञेयास्ताः,1
तस्मात्कदाचिन्नेक्षेत,1
तस्मात्कुरु,1
तस्मात्तत्तत्तत्व,1
तस्मात्तद्,1
तस्मात्तपः,1
तस्मात्परानन्दमये,1
तस्मात्पशुपतिस्स्मृतः,1
तस्मात्पुण्यं,1
तस्मात्प्रतीक्ष्य,1
तस्मात्प्रदक्षिणेनैव,1
तस्मात्प्रब्रूत,1
तस्मात्सकलकर्मादौ,1
तस्मात्सकृच्छ्रुत,1
तस्मात्स्थाणुरिति,1
तस्मादनित्या,1
तस्मादपश्चिमजन्माख्यकेमकं,1
तस्मादपानात्पूर्वभाविनि,1
तस्मादविवेकान्यथानुपपत्त्यापि,1
तस्मादसिद्धता,1
तस्मादस्य,1
तस्मादागच्छ,1
तस्मादाग्न्याधेयिकं,1
तस्मादात्मनि,1
तस्मादादिश,1
तस्मादित्यर्थः,1
तस्मादु,1
तस्मादुत्थाप्य,1
तस्मादुद्धूलनं,1
तस्मादुद्भूत,1
तस्मादेवं,1
तस्मादेवायथावस्तु,1
तस्मादेवास्याः,1
तस्मादेष,1
तस्माद्गायत्रीं,1
तस्माद्दुर्गं,1
तस्माद्दृश्यस्योपलब्धिर्या,1
तस्माद्धि,1
तस्माद्भूमा,1
तस्माद्यद्येनं,1
तस्माद्यमस्य,1
तस्माद्योगयुक्तो,1
तस्माद्वनस्पतीन्,1
तस्माद्वा,1
तस्माद्विषयगुणादिरूपेण,1
तस्माद्वै,1
तस्माद्व्यासेन,1
तस्माद्‌गुरुशरीरं,1
तस्मान्निवर्तमाना,1
तस्मान्नैषा,1
तस्मान्महेश्वरेत्,1
तस्मा॑दग्नीषो॒मीया॒,1
तस्मा॑दारुणके॒तुकः॑,1
तस्मा॑दि॒तः,1
तस्मा॑दि॒तःप्र॑दानं,1
तस्मा॑दि॒ह,1
तस्मा॑दि॒हातप्त्रि॑तपाः,1
तस्मा॑दे॒वमा॑हा॒जासि॑,1
तस्मा॑द॒द्भ्य,1
तस्मा॑द॒मुतः॑प्रदानम्मनु॒ष्या॑,1
तस्मा॑द॒मुतो॒,1
तस्मा॒त्ते,1
तस्मा॒थ्सर्वा॑नृ॒तूननु॑,1
तस्मा॒थ्सर्वा॑नृ॒तून्,1
तस्मा॒दुत्त॒रोऽर्ध॑,1
तस्मा॒दोष॑धयो,1
तस्मा॒द्दक्षि॒णोऽर्ध॑स्तेज॒स्वित॑रः,1
तस्मा॒द्द्विव्र॑तः,1
तस्मा॒द्यः,1
तस्मा॒द्यत्पुरु॑षो॒,1
तस्मा॒द्यत्र॒,1
तस्मा॒न्नानु॒षज्यः॑,1
तस्मिं,1
तस्मिंस्तमसि,1
तस्मिन्क्षेत्रे,1
तस्मिन्घोरे,1
तस्मिन्तथोक्ते,1
तस्मिन्दिने,1
तस्मिन्नकर्तर्यभ्युपगम्यमाने,1
तस्मिन्नग्रतस्स्थिते,1
तस्मिन्नथोक्ते,1
तस्मिन्नपृक्तमक्षैप्रयुक्तं,1
तस्मिन्नशुभमयमूर्तौ,1
तस्मिन्नह्नः,1
तस्मिन्नाकाशस्तिष्ठति,1
तस्मिन्नायतने,1
तस्मिन्नारोप्यतेऽबुधैः,1
तस्मिन्निक्षिप्य,1
तस्मिन्नियम॑विशे॒षाः,1
तस्मिन्पाठे,1
तस्मिन्प्रेते,1
तस्मिन्बाला,1
तस्मिन्मनो,1
तस्मिन्यया,1
तस्मिन्स्रुवेणोपस्तीर्य,1
तस्मि॑न्वि,1
तस्याग्निस्सोमोऽर्धं,1
तस्याच्छिरसो,1
तस्यातिचण्डस्य,1
तस्यात्मनश्चैतन्यसंश्लेषाच्चेतनवदाभासते,1
तस्यात्मनो,1
तस्यात्मपरदेहेषु,1
तस्यात्मानं,1
तस्यानुगृह्णते,1
तस्यानुमानस्य,1
तस्यान्त॒र्मन॑सि,1
तस्याप्य,1
तस्याप्येकशेषः,1
तस्याभगाकारं,1
तस्याभून्महदात्मनः,1
तस्यामागतमात्रायां,1
तस्यामेव,1
तस्यार्थः,1
तस्याव॑रुद्ध्यै॒,1
तस्याश्च,1
तस्याश्चाविभुता,1
तस्याश्चैकत्वाच्चिकीर्षाभेदोऽप्यनुपपन्न,1
तस्यासीद्या,1
तस्यास्तत,1
तस्यास्ति,1
तस्याऽपि,1
तस्याऽसकृत्परिणामेन,1
तस्या॑व॒यज॑नमसि॒,1
तस्येन्द्रो,1
तस्येष्यते,1
तस्यै,1
तस्यैकत्वादेदपुरुषमोक्षकाले,1
तस्यैकमस्तु,1
तस्यैतावत्कृतमास,1
तस्यैते,1
तस्यैवामितायुषस्,1
तस्यै॒,1
तस्यै॒तद्व्र॒तम्,1
तस्यै॒वैषा,1
तस्योक्तवतो,1
तस्योपरि,1
तहि,1
तांस्तथा,1
तांस्तु,1
ताअ,1
ताच्छीलिक,1
ताच्छीलिकणिनिना,1
ताणि,1
तातः,1
तातपार्श्वे,1
ताताम्बा,1
ताताम्बाया,1
तातेनार्यपुत्रस्य,1
तात्पर्यमपि,1
तात्पर्यमाह,1
तात्पर्यमिति,1
तात्पर्यमित्येवं,1
तात्पर्यलिंगविरोधादिति,1
तात्पर्यलिंगानि,1
तात्पर्यार्थः,1
तादृक्प्रतिकृतिं,1
तादृशकर्मोपयुक्तानामित्यर्थः,1
तादृशम्,1
तादृशसाध्याधिकरणवृत्तित्वे,1
तादृशार्थकेन,1
तादृशीनां,1
तादृशीष्वन्यतमः,1
तादृशे,1
तादृशैः,1
तादेण,1
तानभिव्यनक्ति,1
तानवकृता,1
तानां,1
तानिप्रत्यादि,1
तानीष्यन्ते,1
तानीह,1
तानून॒प्त्रं,1
तानेवानन्ताद्या,1
ताने॒वोभया,1
तान्त्रेव,1
तान्थ्सोमः,1
तान्प्रयच्छस्व,1
तान्यनुमीयन्त,1
तान्यस्य,1
तान्ये॒वाव॑रुन्धे,1
तान्य॑,1
तान्सङ्गतान्सर्वान्पाण्डवान्वारणावते,1
तान॒न्वेति॑,1
तापमानं,1
तापमानस्य,1
तापशान्तये,1
ताप्यं,1
ताभि॑र्दे॒वाना॒मवो॑,1
ताभि॑र्नो,1
ताभ्यः,1
ताभ्यामूर्जितवीर्याभ्यामाप्यायितपराक्रमः,1
ताभ्याम्,1
ताभ्या॑मे॒वैनं॑,1
ताभ्योऽसु॑रा॒,1
तामन्वेषमाणस्तु,1
तामव॑,1
तामसमुच्यते,1
तामसम्,1
तामसवर्गाद्,1
तामसात्,1
तामसी,1
तामसौ,1
तामहंताम्,1
तामाह,1
तामिह,1
तामृषि॑भ्यस्ति॒रो॑,1
तामेकास्येन,1
तामेवभिदा,1
ताम्,1
ताम्पृत॑नाम्,1
ताम्बूलदानमन्यस्तकरजं,1
ताम्बूलमाहरेत्,1
ताम्र,1
ताम्रं,1
ताम्रपात्रेषु,1
ताम्रमङ्गा,1
ताम्रवर्णा,1
ताम्राश्वा,1
ताम॒न्वव॑स्थितः,1
तार,1
तारकाक्षस्य,1
तारतम्यवशादेव,1
तारतम्याभावः,1
तारयिष्यति,1
तारिषः,1
तार्किकता,1
तार्क्ष्यः,1
तार्क्ष्ये,1
तालमानं,1
तालव्याऽन्तः,1
तालुनिस्थितम्,1
ताल्वोष्ठ,1
ताल्वौष्ठ,1
तावकगुणान्,1
तावकाः,1
तावति,1
तावत्कदाचन,1
तावत्काले,1
तावत्त्वमौत्सुक्यं,1
तावत्पश्चादुःखसमन्वितः,1
तावत्पुरुष,1
तावदन,1
तावदनधिगतमनोरथः,1
तावदस्तीत्यर्थः,1
तावदिश्वरो,1
तावदेक,1
तावदेकं,1
तावद्गच्छामि,1
तावद्धर्म्यां,1
तावद्बभंज,1
तावद्भिश्चैव,1
तावद्भोगसाधनतां,1
तावद्वासनारूपत्वान्न,1
तावन्ति,1
तावन्नागबिलो,1
तावन्नानात्वमात्मनः,1
तावन्मात्रोक्तौ,1
तावन्ये,1
तावन्योन्यं,1
तावुभौ,1
तावे॒व,1
ताव्,1
ताव॑न्तमिन्द्र,1
ताव॒श्विना॑,1
तास्ततः,1
तास्तत्रस्थाः,1
तास्ते॑,1
ता॑,1
ता॑प्त॒म्,1
ता॒जक्प्र,1
ता॒जगार्ति॒मार्च्छ॑ति॒,1
ता॒जगार्ति॒मार्च्छ॑न्ति,1
ता॒म्रो,1
तिक्तकैर्मात्रया,1
तिग्मम्,1
तिग्मांशुर्वृथाऽऽह्वानं,1
तिङ्गिनीं,1
तित्तिरीञ्छरदे,1
तिमलः,1
तिमिना,1
तिमिरोदितविधुमण्डलनिर्मलमलयजतिलकनिवेशम्,1
तिम्यत्कोमलकमलिनीपलाशप्रावृतमृदुमृणालके,1
तिरश्चिदर्ये,1
तिरस्कृतम्,1
तिरुपतिवेङकटेश्वरविश्वविद्यालयतः,1
तिरुवनन्तपुरम्,1
तिरोभावं,1
तिरो॑ऽधेहि,1
तिर्यग्विफलिकेषुणा,1
तिलकं,1
तिलकरूपेण,1
तिलकाञ्जनाभम्,1
तिलदानं,1
तिलपर्णीरसेनैव,1
तिलशः,1
तिलादीनां,1
तिलौदनम्,1
तिष्टति,1
तिष्टन्तः,1
तिष्ठ,1
तिष्ठतां,1
तिष्ठतेर्भावे,1
तिष्ठत्येक,1
तिष्ठत्य॒प,1
तिष्ठन्त,1
तिष्ठन्ति,1
तिष्ठन्तु,1
तिष्ठन्ते,1
तिष्ठन्ते॒,1
तिष्ठन्तो,1
तिष्ठन्त्विह,1
तिष्ठन्नपि,1
तिष्ठन्नर्घ्यत्रयं,1
तिष्ठन्ना॑तप॒न्ति,1
तिष्ठस्व,1
तिष्ठस्व॒,1
तिष्ठा॒,1
तिष्ठेद्यथा,1
तिष्ठ्यती,1
तिष्ठ॑ता,1
तिष्ठ॑ति,1
तिष्ठ॑ति॒,1
तिष्ठ॒तीति॑,1
तिष्ठ॒त्यश्व॒मव॑,1
तिसृध॒न्व,1
तिस्रो,1
ति॑र्लभ॒न्ते,1
ति॑ष्ठानु॒ष्टुप्,1
ति॑ष्ठ॒,1
ति॑ष्ठ॒ता,1
ति॒र,1
ति॒रो॒धायै॒त्यसि॑तं॒,1
ति॒र्यञ्च॑म॒न्वञ्चं॑,1
ति॒स्र,1
ति॒स्रः,1
ति॒स्रस्ते॑,1
ति॒स्रो,1
तीक्ष्णत्वम्,1
तीक्ष्णा,1
तीत्वा,1
तीरं,1
तीरिषत्,1
तीर्थ,1
तीर्थं,1
तीर्थयात्रा,1
तीर्थयात्रापरायणा,1
तीर्थयात्रापरायणाः,1
तीर्थस्नान,1
तीर्थानां,1
तीर्थानि,1
तीर्थान्वेषणतत्परः,1
तीव्र,1
तीव्रतरतीव्रमन्दमन्दतरास्य,1
तीव्रतराः,1
तीव्रतीव्रतरभेदेन,1
तीव्रशक्तिनिपातः,1
तीव्रादि,1
ती॑तृषः,1
ती॒व्रां,1
ती॒व्रेणा॒मृता॑म॒मृते॑न,1
तुगागमः,1
तुग्रो,1
तुङ्गीरस्थलम्,1
तुञ्जा॒ना,1
तुतोष,1
तुदादिः,1
तुभ्य,1
तुभ्येत्सो,1
तुमं,1
तुम्,1
तुम्ब्यलाबूरुभे,1
तुरं॒,1
तुर्कीं,1
तुर्यांशेन,1
तुर्वशं,1
तुलसीं,1
तुलसीकाष्ठं,1
तुलसीदामशोभाढ्यो,1
तुलां,1
तुलाः,1
तुलायां,1
तुल्यकर्माणौ,1
तुल्यत्वं,1
तुल्यत्वात्,1
तुल्यशिशुतरुणवृद्धं,1
तुल्यसत्त्वानां,1
तुल्या,1
तुल्यो,1
तुविष्म॒णस,1
तुषकं,1
तुषनिष्कासेने,1
तुषारपरिकरितकरकशिशिरीक्रियमाणोदश्विति,1
तुषार्,1
तुष्टः,1
तुष्टाः,1
तुष्टिरुत्पद्यते,1
तुष्टिर्नुरकृतार्थस्य,1
तुष्टुवे,1
तुष्यति,1
तु॑,1
तु॒,1
तु॒न्ना,1
तु॒राणां॒,1
तु॒वि॒म्र॒क्षासो॑,1
तूणी,1
तूणीतोमरादिषु,1
तूर्णभूजे,1
तूर्णमास्थाय,1
तूर्णमेव,1
तूली,1
तृ,1
तृण,1
तृणा॑नि॒,1
तृणोदकम्,1
तृतीयगर्नियतविपाकेन,1
तृतीयदिनाङ्‌काभ्यन्तरे,1
तृतीयपादीयद्वितीयाधिकरणे,1
तृतीयमपचत्,1
तृतीयया,1
तृतीयसवनं,1
तृतीयसव॒नं,1
तृतीयस्कन्धे,1
तृतीयेन,1
तृतीयैव,1
तृधाभक्ते,1
तृप्तिं,1
तृप्तिरनादिबोधः,1
तृप्यतु,1
तृप्यन्ति,1
तृप्य॒त्वेहि॑,1
तृभी,1
तृष्णजे,1
तृष्णा,1
तृष्य॑ते,1
तृस्त्रोर्घञ्,1
तृ॑तीयसव॒ने,1
तृ॑तीयसव॒ने॑,1
तृ॑ष॒न्नोष॑धयो॒,1
तृ॒तीयं॒,1
तृ॒तीये॑,1
तृ॒तीय॑मतप्यत॒,1
तृ॒तीय॑म॒मुमे॒व,1
तृ॒तीय॑स्यामि॒तो,1
तृ॒प्त,1
तृ॒प्तः,1
तेः,1
तेजः,1
तेजः॑,1
तेजसां,1
तेजसाऽऽविश्य,1
तेजसी,1
तेजसे,1
तेजस्तत्वाधिपायत्विषां,1
तेजस्तत्वाय,1
तेजस्तेजं,1
तेजस्वि,1
तेजस्विन्तेज॒स्वी,1
तेजस्विन्वा॒युर्वस॑वस्त्वै॒तद्वा,1
तेजस्विन्वा॒युर॑सि॒,1
तेजस्वी,1
तेजो,1
तेजोधिपत्वमस्य,1
तेजोधिपाय,1
तेजोरत्नेषु,1
तेजो॒विद॑सि॒,1
तेज॑सा॒,1
तेज॑से,1
तेज॑स्कामो॒,1
तेज॒स्तेना॒हं,1
तेद्य,1
तेनतः,1
तेनाक्ष॒मुपा,1
तेनाचिरेण,1
तेनानाद्यावृतत्वाच्च,1
तेनापादितम्,1
तेनाभिहितं,1
तेनायं,1
तेनावलोक्य,1
तेनासंवृतः,1
तेनाऽस्य,1
तेना॑व॒सेन॑,1
तेनेति,1
तेनेदं,1
तेनेह,1
तेनैकवाक्यतां,1
तेनैनं,1
तेनैवासिना,1
तेनै॒व,1
तेनै॒वैना,1
तेनोपलक्षितम्,1
तेनोभयोः,1
तेन॑र्जी॒षि,1
तेभिः,1
तेभिः॑,1
तेभ्यः॑,1
तेभ्यः॒,1
तेभ्यस्तां,1
तेभ्यो,1
तेरेसा,1
तेषा,1
तेषांपि,1
तेषामतिक्रान्तकर्म,1
तेषामधिपतिर्यच्च,1
तेषामध्वत्वाभावात्,1
तेषामलौकिकत्वं,1
तेषामाति,1
तेषामात्मसंस्कारकत्वायोगात्,1
तेषामुपादानमित्यत,1
तेषामृद्धिः,1
तेषामेककारणत्वादेकरूपता,1
तेषामेवेन्द्रियाणां,1
तेषा॑मव॒या,1
तेषा॑मि॒ष्टानि॒,1
तेऽखिलाः,1
तेऽत्रप्रत्येकं,1
तेऽनुयायिनः,1
तेऽपि,1
तेऽभ्युपगन्तव्या,1
तेऽशरीराः,1
तेऽशून्ये,1
तेऽस्त्राणि,1
ते॑ज॒स्विनी॒रापः॑,1
ते॑ज॒स्वी,1
ते॑ऽमुष्मि॑न्नादि॒त्ये,1
ते॑ऽयोनि॒जा,1
तैऋत्यादिषु,1
तैजसपदार्थधर्मः,1
तैजसवैकारिकभूतादिकसञ्ज्ञाभाजो,1
तैजसादिकनामानः,1
तैजसी,1
तैरसिद्धादेव,1
तैर्ब्रह्मान्वैद्यानि,1
तैर्ललाटार्पितैर्बाणैर्युयुधानस्त्वजिह्मगैः,1
तैर्विना,1
तैलमजामूत्रैश्चयोजितम्,1
तैलमेतत्प्रशमयेद्वल्याक्यं,1
तैलस्यार्धाढकं,1
तैलाभिषेकसन्तुष्टस्तिलचर्वणतत्परः,1
तैलेनांगं,1
तैलेनानेन,1
तैश्च,1
तैस्तैः,1
तैस्तैर्भावैः,1
तैह्,1
तै॑रुदी॒रिताः,1
तोयं,1
तोयदः,1
तोयमन्नं,1
तोये,1
तोरणादियुक्तं,1
तोवव्यत्ययेन,1
तोषदायकम्,1
तोषयित्वा,1
तो॒कस्य॑,1
तो॒काय॑,1
तौक्यम्,1
तौर्यत्रिकप्रियो,1
त्कर॒म्भात्,1
त्तर॒तो,1
त्तासा,1
त्तेषा,1
त्थाऽस॒तो,1
त्नमात्रस्य,1
त्पशु॒श्रप॑ण॒,1
त्पापादहिल्येश्वरदर्शनात्,1
त्पाहि॒,1
त्प्रणी॒ते,1
त्प्राजाप॒त्या,1
त्प्रातस्सवनं,1
त्प्रा॒चीन॒,1
त्प्र॒जाप॑तिं,1
त्प॒शुम्प्र,1
त्मभ्यो,1
त्म॒न्वती॑भिः,1
त्य,1
त्यक्तलि,1
त्यक्तव्यं,1
त्यक्तशौचानि,1
त्यक्तस्नेहो,1
त्यक्त्यपोश्च,1
त्यक्त्वाप्तगम्य,1
त्यजति,1
त्यजन्ति,1
त्यजेद्गुरुरिति,1
त्यञ्चि॒त्रम्,1
त्यत्र,1
त्यदा॒श्वश्वि॑यम्,1
त्यनेनाऽष्टादश्शीतोक्तदिशा,1
त्यन्नाम॑,1
त्यब॑द्ध॒म्मनो॑,1
त्यभिधीयतामित्युत्प्रेक्षा,1
त्यभिभाष्यमाणो,1
त्यमरः,1
त्या,1
त्यागादाद्यो,1
त्यागो,1
त्याज्यते,1
त्यादाविति,1
त्यादि,1
त्याद्युत्तरः,1
त्याना,1
त्याम्,1
त्युग्रो॑ह,1
त्युरस्ति,1
त्येतावत्येवोक्ते,1
त्येतेनऽनु॑वाके॒न,1
त्यै॒,1
त्यौ,1
त्य्,1
त्य॒द्य,1
त्रपा,1
त्रपुषाकृतिः,1
त्रपुषाकृतिरेवं,1
त्रप॒त्यं,1
त्रभिवागशः,1
त्रय,1
त्रयङ्गपीठेन,1
त्रयमथो,1
त्रयस्त्रिंशत्सु,1
त्रयस्त्रिंशेषूपपद्यते,1
त्रयोनिद्वैविध्य,1
त्रयोन्वितः,1
त्रयो॑दश,1
त्रयो॑वि,1
त्रव्याख्यानम्,1
त्रसंक्षोभिभिर्यानैर्यानेन,1
त्राः,1
त्रातुमिति,1
त्रातेत्यर्द्धम्,1
त्रानु,1
त्रावरु॒णाय॑र्,1
त्रासनं,1
त्रासयन्ति,1
त्राऽस्य,1
त्रिंशता,1
त्रिंशतिम्,1
त्रिंशत्तत्वपरयैव,1
त्रिंशद्वारं,1
त्रिंशद्वारेण,1
त्रिंशन्,1
त्रिकः,1
त्रिकलाद्धरः,1
त्रिकाल,1
त्रिकुशेन,1
त्रिकोटि,1
त्रिकोणाकृति,1
त्रिखण्डकल्पना,1
त्रिखण्डकल्पनां,1
त्रिखण्डकल्पनामप्याह,1
त्रिखण्डमार्गः,1
त्रिखण्डव्याप्तिं,1
त्रिखण्डव्याप्तिरश्मनि,1
त्रिखण्डीकृतेषु,1
त्रिगुणतिरस्करिणीतिरोहितसुवीथीपथे,1
त्रिगुणितं,1
त्रिचतुर्वारमभ्यस्ततयात्मशब्दसमानाधिकृततया,1
त्रिचीवरमधिष्ठापयेत्,1
त्रिच॑त्वारि,1
त्रिणवत्रयस्त्रि॒,1
त्रितत्वं,1
त्रितत्वकल्पनाप्राग्वत्,1
त्रितत्वधीश्वरामताः,1
त्रितत्वपरिकल्पना,1
त्रितत्वाधीश्वराः,1
त्रितत्वाधीश्वरीमता,1
त्रित्व,1
त्रित्वसंख्यानां,1
त्रित्वसंख्याविशिष्टेषु,1
त्रिथाकरणेऽपि,1
त्रिदशश्रेष्ठो,1
त्रिदशा,1
त्रिदशाधिपा,1
त्रिदशे,1
त्रिदिवैर्यथा,1
त्रिधया,1
त्रिधात्र्यंशैर्भक्ते,1
त्रिनयनमभयं,1
त्रिनेत्रां,1
त्रिपञ्चाशत्तमे,1
त्रिपत्रकम्,1
त्रिपथा,1
त्रिपदां,1
त्रिपर्वणा,1
त्रिपुण्ड्रकम्,1
त्रिपुण्ड्रेणैव,1
त्रिप्रकारः,1
त्रिफलाचित्रकबलानिर्गुण्डी,1
त्रिफलारसायनम्,1
त्रिबन्धिचित्कलायोगभोगविश्लेषमोक्षदम्,1
त्रिबन्धिनः,1
त्रिबन्धिनां,1
त्रिभागं,1
त्रिभागेन,1
त्रिभागेनैव,1
त्रिभिः,1
त्रिभिरास्यमुपस्पृशेत्,1
त्रिभिर्वर्षैर्जितात्मानः,1
त्रिभुवननमितं,1
त्रिमधुराक्ताभिः,1
त्रिमूर्तिकः,1
त्रिमूर्तिनः,1
त्रिमेखलैरलङ्कृत्य,1
त्रियम्बकमनुं,1
त्रिरात्रभोजी,1
त्रिर्भव॒न्त्यूमाः,1
त्रिलोकेषु,1
त्रिलोचनशिवाचार्यैः,1
त्रिलोचनशिवाद्युक्तकाला,1
त्रिलोचशिवाचार्यैः,1
त्रिवर्गेणाब्धत्वादित्य,1
त्रिवर्णकम्,1
त्रिविध,1
त्रिविधः,1
त्रिविधपशुरपि,1
त्रिविधम्,1
त्रिविधस्याप्येतस्य,1
त्रिविधेभ्यो,1
त्रिवृ,1
त्रिशतम्,1
त्रिशल्येन,1
त्रिशिरसे,1
त्रिशिरायै,1
त्रिशूलपाणिं,1
त्रिषवणमुदको॑पस्प॒र्शी,1
त्रिसन्ध्यं,1
त्रिसिपिसी,1
त्रि॒,1
त्रि॒तो,1
त्रि॒धातू॒न्या,1
त्रि॒पदा॒द्धार॑यद्दे॒वः,1
त्रि॒पदी॒,1
त्रि॒भीरथैः,1
त्रि॒वृता॒,1
त्रि॒वृथ्स्तोमो॑,1
त्रि॒वृद॑सि,1
त्रि॒ष्टुगि॑न्द्रि॒यम्माध्यं॑दिन॒,1
त्रि॒ष्टुप्,1
त्रि॒ष्टुप्छन्दो,1
त्रि॒ष्टुप्छ॑न्दस॒,1
त्रि॒ष्टुप्छ॑न्दा॒,1
त्रि॒ष्टुफ्छ॑न्दस॒,1
त्रि॒ष्टुब्द्वाद॑शादि॒त्या,1
त्रि॒ष्टुभै॒व,1
त्रीञ्शाल्वांश्चतुरो,1
त्रीणि॒,1
त्रीण्यायू,1
त्रीण्ये॒तान्य॒क्षरा॑णीन्द्रि॒यम्माध्य॑न्दिन॒,1
त्रीन्,1
त्रुटति,1
त्रेता,1
त्रे॒धा,1
त्रैकालिका,1
त्रैक्तियदर्शनमिति,1
त्रैगुण्यात्,1
त्रैफलेनायसीं,1
त्रैलोक्यं,1
त्रैलोक्यसुरकण्टकः,1
त्रैवर्णिकांस्त्यजेत्,1
त्रैष्टु॑भो॒,1
त्रो॒,1
त्र्यक्षं,1
त्र्यक्षाय,1
त्र्यधिकया,1
त्र्यम्बकश्च,1
त्र्यम्बके,1
त्र्यहमम्मात्राहारो,1
त्र्यहमेकैकां,1
त्र्यात्मकत्वात्,1
त्र्य॑म्बकं,1
त्र्य॑म्बकम्,1
त्र्य॑म्बका,1
त्र॑या॒णामे॒वाव॑रुद्धा,1
त्र॒साध॑सम्,1
त्वं॒,1
त्वकल्पयन्,1
त्वका॑म,1
त्वक्,1
त्वगधिपत्वमस्य,1
त्वगधिपाय,1
त्वगादिकरणान्तरापेक्षिता,1
त्वगित्यादिनियतविषयत्वादिन्द्रियाणां,1
त्वगिन्द्रियं,1
त्वगिन्द्रियवत्,1
त्वग्गताश्चापि,1
त्वग्नितस्करराजसु,1
त्वचा,1
त्वचे,1
त्वञ्चुम्रुञ्चु,1
त्वतो,1
त्वत्पदैः,1
त्वत्पु॑रोहिताः,1
त्वत्प्रसादात्परन्तप,1
त्वत्समो,1
त्वत्स्वरूपेर्पिता,1
त्वदन्योऽस्ति,1
त्वदुक्तं,1
त्वद्,1
त्वद्गतिं,1
त्वद्दर्शनपरायणा,1
त्वद्द्वारदेशमधितिष्ठति,1
त्वद्भ्रान्तिं,1
त्वद्विषये,1
त्वधिकरणत्वमात्रेण,1
त्वनास्थमुत्पन्नं,1
त्वनेकतः,1
त्वन्तगतं,1
त्वन्मार्गं,1
त्वपां,1
त्वपाकज,1
त्वभिप्रायः,1
त्वभिव्यक्ता,1
त्वमर्हसि,1
त्वमित्युत,1
त्वमि॒दं,1
त्वमुचितं,1
त्वमु॒त,1
त्वम्पा॑हि,1
त्वम॑ग्न॒,1
त्वम॒न्तरि॑क्ष॒,1
त्वयं,1
त्वयाद्य,1
त्वयाध्यक्षेण,1
त्वय्यहं,1
त्वरमाणो,1
त्वरया,1
त्वरितं,1
त्वरितः,1
त्वरितप्रक्रमान्,1
त्वरे,1
त्वर्थे,1
त्वर्धचन्द्रकम्,1
त्वविरोधः,1
त्वष्टा,1
त्वष्टा॑रमग्रि॒यं,1
त्वष्टा॒,1
त्वष्ट॒र्वि,1
त्वस्माकमप्रतिपक्षत्वात्,1
त्वस्या,1
त्वागसस्त्यागैः,1
त्वात्,1
त्वात्मगुणतैवेति,1
त्वात्मगुणत्वम्,1
त्वात्मनि,1
त्वात्मभोगार्थं,1
त्वानां,1
त्वापा॒नाय॑,1
त्वापा॒नाय॒,1
त्वापे,1
त्वामन्वे॒तत्,1
त्वामन्वे॒तत्ते॑,1
त्वामभिषिञ्चन्तु,1
त्वामहं,1
त्वाम्पा॑तु,1
त्वाष्ट्रमथानुराधा,1
त्वास॑ते,1
त्वा॒द्भ्यस्त्वौष॑धीभ्यो॒,1
त्वा॒न्तरि॑क्षाय,1
त्वा॒ष्ट्रम॒ष्टाक॑पाल,1
त्वा॒ष्ट्रम॒ष्टाक॑पालं,1
त्वा॒ष्ट्रीं,1
त्वा॒सञ्जु॑होम्य॒ग्धादेको॑,1
त्वि,1
त्विङ्ग,1
त्विचिदिन्द्रादयो,1
त्विति,1
त्विन्द्रियैरनुमानेन,1
त्विषि॑रसि॒,1
त्विषि॑र्भूयाद॒मृत॑मसि,1
त्विह,1
त्वि॒षा,1
त्वेति॑,1
त्वेति॒,1
त्वेत्या॑धव॒नीयं॒,1
त्वेत्या॑ह,1
त्वेत्या॑ह॒,1
त्वेन्द्रं॑,1
त्वेन्द्रा,1
त्वेषप्रतीका,1
त्वोतो॒,1
त्वोपवे॒शाय॑,1
त्वोपवे॒शाय॒,1
त्वोलूकाछा,1
त्व॒स्मान्,1
त्सकारलोपश्चेति,1
त्सन्धि,1
त्सरत्पृशन्यश्चिकित्वान्,1
त्सवेनै,1
त॑,1
त॑त्,1
त॑दृतु॒लक्ष॑णम्,1
त॑नुते॒,1
त॒त्र,1
त॒नुवं॒,1
त॒नूना,1
त॒नूना॒मप्र॑युच्छ॒न्दीद्य॑द्बोधि,1
त॒नूर्,1
त॒नूर्यद्य॒ज्ञस्तामे॒व,1
त॒नूस्तयेह्या,1
त॒पन्नु॒देति॑,1
त॒रः॒,1
त॒र्पय॑न्तं॒,1
थं,1
थग्रहणरूपो,1
थथाच,1
थोमस्,1
थ्समा॒नत्र॒,1
थ्सारस्व॒ती,1
थ्स्यन्द॒ते,1
थ्स्वाहाकृतयो॒,1
थ्स॒त्याद॒द्भ्य,1
दंशती,1
दंशने,1
दंशसञ्जस्वञ्जां,1
दंष्ट्रश्च,1
दंष्ट्रिणः,1
दः,1
दक्षं,1
दक्षं॒,1
दक्षमथाब्रुवन्,1
दक्षम्,1
दक्षयज्ञनिबर्हणम्,1
दक्षयज्ञविनाशनः,1
दक्षयज्ञस्तु,1
दक्षस्य,1
दक्षांसपृष्ठादिचूलिपृष्ठान्तस्थानेषु,1
दक्षाख्यं,1
दक्षिणं,1
दक्षिणकर्णे,1
दक्षिणचैनासमुद्रस्य,1
दक्षिणदिश्यस्य,1
दक्षिणपूर्वस्यां,1
दक्षिणवाम॑योः,1
दक्षिणस्यां,1
दक्षिणात्यानकालयत्,1
दक्षिणानि,1
दक्षिणापरस्यां,1
दक्षिणाभिर्द्विजातयः,1
दक्षिणामाशां,1
दक्षिणामुखः,1
दक्षिणाम्,1
दक्षिणाशया,1
दक्षिणा॒र्धम्परे,1
दक्षिणेन,1
दक्षिण॒तो,1
दक्षि॑णं,1
दक्षि॑णा,1
दक्षि॑णेना॒,1
दक्षि॑णो,1
दक्षि॒ण्या,1
दक्षेण,1
दक्ष॒वृधे॑,1
दख्षा॑य,1
दख्षिण॒सदो॑,1
दख्षि॑णैन्द्रा॒ग्नं,1
दख्षि॑णै॒न्द्रमेका॑दशकपाल,1
दख्षि॑णो,1
दख्षि॒णेन्द्रा॑य,1
दग्धपटन्न्यायेनैवास्थानम्,1
दग्धबीजानामिव,1
दग्धानि,1
दग्निं,1
दग्ने,1
दज॑य॒न्तज्जया॑नां,1
दण्ट्यमानमिव,1
दण्ड,1
दण्डं,1
दण्डकारण्यगमनं,1
दण्डके,1
दण्डपातो,1
दण्डप्रक्रमः,1
दण्डर्थ,1
दण्डहस्ताः,1
दण्डिवामनवाग्भटादिप्रणीता,1
दण्डेन,1
दतः,1
दत्त,1
दत्तः,1
दत्तमस्ति,1
दत्तम्,1
दत्तवान्,1
दत्तात्रेयस्य,1
दत्तानि,1
दत्तान्य्,1
दत्ताम्,1
दत्तावकाशं,1
दत्तास्मै,1
दत्‍वा,1
ददत,1
ददतस्तस्य,1
ददता,1
ददताघ्नता,1
ददतु,1
ददर्,1
ददाति॒,1
ददातु॒,1
ददात्यणेः,1
ददानि,1
ददानीह,1
ददामि,1
ददामि॒,1
ददायिनः,1
ददावभ्येत्य,1
ददा॑ति॒,1
ददा॑तु,1
ददा॑तु॒,1
ददा॑मि,1
ददि॒तारः॑,1
ददीमहि,1
ददृशे,1
ददृ॑श्रे॒,1
दद्याच्छाट्यविवर्जितः,1
दद्यात्तेभ्यो,1
दद्यात्सर्वेषामलाभे,1
दद्याद्,1
दद्याद्दोषानुसारतः,1
दद्याद्भगन्दरे,1
दद्याद्यवागूमण्डमिश्रितम्,1
दद्यान्नवरत्नं,1
दधताम्,1
दधति,1
दधति॒ह,1
दधतीमिन्दोः,1
दधत्वे॒तद्वै,1
दधात्यस्तुर्न,1
दधाथे,1
दधा॑ना,1
दधा॑ना॒,1
दधा॑सि,1
दधा॒त्यति॑रिक्तस्य॒,1
दधा॒त्युपै॑नं,1
दधा॒त्युपै॑नम्मे॒धा,1
दधिग्र॒हं,1
दधिघृतमहरस्त्वं,1
दधि॑,1
दधि॒षे,1
दधे,1
दध्ना,1
दध्मौ,1
दध्यक्षतमित्यारभ्य,1
दध्यूर्क्प॒शव॑,1
दध्यृ॑ष॒भो,1
दध्यौ,1
दध॑ती,1
दध॑ती॒रनि॑भृष्टमसि,1
दध॒त्पुमां॑समु,1
दध॒त्वित्या॑है॒तदे॒व,1
दन्त,1
दन्तं,1
दन्तधावनपूर्वकम्,1
दन्तनखभङ्गो,1
दन्तविनाशाय,1
दन्तवेष्टेच,1
दन्दह्यमानेन,1
दन्द॒शूका॒,1
दमयतां,1
दम्भं,1
दयधातो,1
दयमान,1
दययेतोवः,1
दया,1
दयातुल्यो,1
दयितस्याकृष्यमाणम्,1
दयितां,1
दयितेन,1
दयो,1
दयोदन्वानुमापतिः,1
दरिद्रागारादागताः,1
दर्धंसाधिकरण,1
दर्पकाक्षीड्,1
दर्पकाक्षीपूजितो,1
दर्पकाधिभूः,1
दर्पमोहलोभादयश्च,1
दर्भाग्नौ,1
दर्वीकरेन्द्रः,1
दर्वी॒,1
दर्शनकार्यावसानः,1
दर्शनजन्यादेवेति,1
दर्शनज्ञानं,1
दर्शनत्ववचनादिदमेवापरोक्षज्ञानमिति,1
दर्शनमदर्शनस्य,1
दर्शनमुपैति,1
दर्शनमोक्षावन्तरेति,1
दर्शनसाधनत्वानुक्तेः,1
दर्शनसाधनत्वेन,1
दर्शनस्य,1
दर्शनाद्,1
दर्शनान्तरमोक्षः,1
दर्शनार्थम्,1
दर्शनो,1
दर्शनोपविचारे,1
दर्शपूर्ण,1
दर्शपूर्णमाययोः,1
दर्शपूर्णमासयोर्,1
दर्शयतीति,1
दर्शयन्,1
दर्शयन्नाह,1
दर्शयस्व,1
दर्शयितुमाह,1
दर्शयिष्यति,1
दर्शयिष्यामि,1
दर्शितमार्गे,1
दर्शितम्,1
दलद्वयमपि,1
दलपतिः,1
दलपतिविरचिते,1
दलपतेः,1
दलम्,1
दलसंस्थानां,1
दलीयेभ्यः,1
दलेन,1
दशके,1
दशति,1
दशदिक्षु,1
दशदिगादिकः,1
दशदिगादिकाः,1
दशदिनाभ्यन्तरे,1
दशद्वादशवर्णाभ्यां,1
दशनांश्च,1
दशनागबलान्वितः,1
दशनैराननं,1
दशपदेषु,1
दशप्राणेभ्यो,1
दशभारतीयाः,1
दशभिः,1
दशभिश्च॑,1
दशमः,1
दशमत्वं,1
दशमदिनाङ्के,1
दशमस्कन्धे,1
दशमाध्याये,1
दशमानुवाके,1
दशमूलेन,1
दशमे,1
दशमोऽध्यायः,1
दशरथस्नुषाम्,1
दशरथस्यास्तां,1
दशरथालये,1
दशरूपकम्,1
दशवादने,1
दशविधमाहार्यं,1
दशसङ्ख्यया,1
दशाननेनोद्ध्रियमाणम्,1
दशावतारमूर्तयोमस्याद्यवतारमूर्तिभेदाः,1
दशासु,1
दशाहं,1
दशि,1
दशेरकाः,1
दशेश्वरः,1
दशो॑षि॒त्वा,1
दश॑कपाल,1
दश॑कपालं,1
दश॑कपाल॒,1
दश॑र्,1
दश॑स्त्रीक॒स्य,1
दश॒,1
दश॒धेन्द्रि॒यव्वीँ॒र्य॑म्परा॑ऽपतत्,1
दश॒पेयो॑,1
दश॒स्ये,1
दष्टं,1
दस्म॑,1
दस्म॒,1
दस्युभिरपहारदर्शनाद्,1
दस्यु॒हन्त॑मम्,1
दस्यून्बहून्क्षुरिकयावधीत्,1
दस्रश्‍च,1
दहत्यदूर्ध्वं,1
दहत्वग्निर्वैश्वानरो,1
दहनानित्वाः,1
दहनो,1
दहलीमध्ये,1
दहल्यां,1
दहस्यैव,1
दहेच्छुद्धं,1
दहेत्काष्ठं,1
दाकायना,1
दाक्षिणात्यादेः,1
दाक्षिणात्यिका,1
दातव्यं,1
दातव्यमैन्द्रादपि,1
दातातिथिप्रियो,1
दातारं,1
दाता॒,1
दात्मनस्तस्य,1
दादित्य,1
दाधारेत्यधिदेवेभ्य,1
दानंकर्तुं,1
दानक्षपणधर्मित्वाद्दीक्षाशब्द,1
दानमये,1
दानमश्वस्य,1
दानमाकाशस्य,1
दानमिदमभ्यनुमोदनीयम्,1
दानरूपेण,1
दानवा,1
दानवेशान,1
दानवैः,1
दानस्यापि,1
दानहीने,1
दानानि,1
दाने,1
दान्त्य॑नुपू॒र्वं,1
दापयेत्,1
दापारकत्व,1
दाप्यो,1
दामोदरमिश्रसंस्करणे,1
दामोदरमिश्रसङ्कलितं,1
दायकं,1
दारिद्र्यदायकाः,1
दारु,1
दारुणमूतीनाम्,1
दारुणे,1
दारुनिर्मितक्रीडापर्वतयुक्तां,1
दारुपर्वतकोपेतां,1
दार्व्यास्त्वचं,1
दाशरथिर्ब्रह्मन्,1
दाशार्ह,1
दासः,1
दासोऽस्मि,1
दास्यं,1
दास्यन्ति,1
दास्य॒न्तीति॒,1
दाहाविपाकदौर्बल्यसदनारुचिकर्षितः,1
दाहेन,1
दाह्योऽद्य,1
दा॑धार,1
दा॒त्रम॑सि,1
दा॒धर्थ॑,1
दा॒यं,1
दा॒र्श्यं,1
दा॒शुषे॑,1
दा॒श्चक्षु॑रसि॒,1
दि,1
दिक्षु,1
दिक्ष्वपि,1
दिगीश्वरान्ताननां,1
दिग्गजैरभिषिक्ताङ्गीं,1
दिग्दाहः,1
दिग्भागान्,1
दिग्भ्राज,1
दिग्विदिक्षु,1
दिङ्नागं,1
दिण्णाइं,1
दितिं॑,1
दित्यत्र,1
दित्यपि,1
दित्यादौ,1
दित्युपधाया,1
दिदिड्ढि,1
दिदीह्यस्म॒द्रिय॒ख्सम्मि॑मीहि॒,1
दिदोषोपेतत्वम्,1
दिद्युत्,1
दिधक्षतः,1
दिधिकार्यनुस्वारेण,1
दिन,1
दिनं,1
दिनकरकिरणौरिव,1
दिननिशे,1
दिनपर्यन्तं,1
दिनपो,1
दिनमारभ्य,1
दिना,1
दिनाङ्कः,1
दिनाङ्कयो,1
दिनाङ्कानन्तरमेव,1
दिनात्,1
दिनैः,1
दिल्लां,1
दिल्ली,1
दिल्लीस्थस्य,1
दिव,1
दिवं॑,1
दिवं॒,1
दिवः,1
दिवदौ,1
दिवमा॑तप॒न्ति,1
दिवम्,1
दिवसस्य,1
दिवसे,1
दिवस्पतिर्महावीर्यस्तेषामिंद्रः,1
दिवाकरं,1
दिवाकरम्,1
दिवापि,1
दिविजैः,1
दिविषत्सु,1
दिवु,1
दिवुधातोर्णिज्विकल्प,1
दिवे,1
दिवो,1
दिवौकसः,1
दिव्यः,1
दिव्यदृष्टिगोचरत्वस्योस्तत्वादित्यर्थः,1
दिव्यदृष्टिगोचरमेव,1
दिव्यदेहश्च,1
दिव्यप्रभावः,1
दिव्यभूषणम्,1
दिव्यरूपवपुर्धरा,1
दिव्यरूपिणी,1
दिव्यशरीरेण,1
दिव्यस्त्रीभोगसम्पन्नो,1
दिव्यां,1
दिव्यागमोक्त,1
दिव्याध्या,1
दिव्येन,1
दिव्येष्वपि,1
दिव॒मनु॒प्रवि॑ष्टाः,1
दिव॒मुत्प॑तन्ति,1
दिशः,1
दिशः॑,1
दिशति,1
दिशतु,1
दिशम्,1
दिशा,1
दिशाम्,1
दिशो॑,1
दिश्यविषा॑दी,1
दिश्यविस॑र्पी,1
दिश्यसीति,1
दिश॑,1
दिश॑श्च,1
दिसंबर्,1
दिह,1
दिह्य॑ते,1
दि॑वि॒षद्भ्यो॑,1
दि॑वि॒षद्भ्य॒,1
दि॒क्षूप॑दधाति,1
दि॒क्ष्वृ॑ध्नुवन्ति॒,1
दि॒क्ष्वे॑व,1
दि॒ग्भ्यो,1
दि॒त्यो॑,1
दि॒द्योन्मा॑,1
दि॒व,1
दि॒वं,1
दि॒वश्चि॒थ्सानु॑,1
दि॒वश्च॒न्द्रमा॒,1
दि॒वस्पा॑हि,1
दि॒वस्पु॒त्राय॑,1
दि॒वीत्या॑हे॒माने॒व,1
दि॒वेदि॑वे,1
दि॒व्य,1
दि॒व्यं,1
दि॒व्यध्यास॑ते,1
दि॒व्यस्यैका॒,1
दि॒व्यस्य॑,1
दि॒व्याद,1
दि॒व्येका॑दश,1
दि॒शामे॒व,1
दीक्षकत्वम्,1
दीक्षकयोरुभयोरपि,1
दीक्षणं,1
दीक्षणीयान्विज्ञानाकल,1
दीक्षत्रा,1
दीक्षभेदेऽवधिकारभेदविषयज्ञानमपि,1
दीक्षयां,1
दीक्षयाचार्य,1
दीक्षयेति,1
दीक्षयेत्,1
दीक्षयेत्यविरोधः,1
दीक्षयैव,1
दीक्षाख्यया,1
दीक्षाख्याय,1
दीक्षाख्येन,1
दीक्षाङ्ग,1
दीक्षाङ्गक्रियमाणभोमादि,1
दीक्षाज्ञान,1
दीक्षाज्ञानवती,1
दीक्षाज्ञानवतीति,1
दीक्षाता,1
दीक्षादि,1
दीक्षादो,1
दीक्षादौ,1
दीक्षाधियं,1
दीक्षाध्व,1
दीक्षानन्तरमेव,1
दीक्षाप्रतिष्ठयोः,1
दीक्षाबीज,1
दीक्षाबीजं,1
दीक्षाबीजपरज्ञानां,1
दीक्षाबीजे,1
दीक्षाभेद,1
दीक्षाभेदां,1
दीक्षामण्डपलक्षणमस्माभिः,1
दीक्षामन्त्रोच्चारमात्रेण,1
दीक्षामुपैति,1
दीक्षाम्,1
दीक्षाया,1
दीक्षायाः,1
दीक्षायामधिकारः,1
दीक्षायामधिकारिनिरुपणम्,1
दीक्षायामिति,1
दीक्षायामेतावच्छोधनेनैव,1
दीक्षायामेष्यज्जन्मान्तर,1
दीक्षारूप,1
दीक्षालक्षणमभिधाय,1
दीक्षाशब्देन,1
दीक्षासाधिकरणा,1
दीक्षितः,1
दीक्षितस्तु,1
दीक्षितस्त्रीप्रसंगेन,1
दीक्षितस्यात्मनः,1
दीक्षितस्यैह,1
दीक्षितानां,1
दीक्षिते,1
दीक्षितेऽपि,1
दीक्षितोऽपि,1
दीक्षेत्यर्थः,1
दीक्षेत्युच्यते,1
दीक्षेयं,1
दीक्षे॒,1
दीक्षैवेति,1
दीक्षो,1
दीक्षोक्तरकालं,1
दीक्षोक्तरकालमनुष्ठीयमान,1
दीक्षोक्त्वा,1
दीक्षोपयुक्ताध्वानस्तद्भेदाश्च,1
दीक्षोपयुक्तानां,1
दीक्ष्य,1
दीधिरे,1
दीनः,1
दीनजनानां,1
दीनस्योत्कण्ठितस्य,1
दीनानामवसीदताम्,1
दीनामनाथां,1
दीनार्थद,1
दीपकाः,1
दीपक्षाख्येन,1
दीपदानमथाचरेत्,1
दीपनं,1
दीपनः,1
दीपिका,1
दीपोपलब्धौ,1
दीप्तं,1
दीप्ततन्त्रे,1
दीप्ततेजसः,1
दीप्तस्,1
दीप्ता,1
दीप्तानि,1
दीप्तिः॑,1
दीप्तिमत्युग्रा,1
दीप्त्यर्थं,1
दीप्यते,1
दीप्यमानमस्ति,1
दीयंते,1
दीयति,1
दीयन्ते,1
दीया॒,1
दीर्घ,1
दीर्घं,1
दीर्घकालमुद्गीर्णाः,1
दीर्घचङ्क्रमं,1
दीर्घदंष्ट्रस्य,1
दीर्घनिदायाः,1
दीर्घबाहुं,1
दीर्घमुष्णं,1
दीर्घव्यत्यास,1
दीर्घशब्देनाङ्गानि,1
दीर्घस्तूच्चाटने,1
दीर्घस्य,1
दीर्घस्वरः,1
दीर्घस॒त्त्रमुप॑,1
दीर्घहस्तो,1
दीर्घान्ततया,1
दीर्घाभावात्,1
दीर्घायु॒त्वाय॑,1
दीर्घिता,1
दीर्घेरङ्गानीति,1
दीर्घो,1
दीर्घोपध,1
दीर्घोपधः,1
दीर्घ॒श्रुत्त॑मः,1
दीससि,1
दी॑दि॒वा,1
दी॑धिम,1
दी॒क्षा,1
दी॒क्षाम्,1
दी॒क्षायै॑,1
दी॒दय॑ति॒,1
दी॒र्घश्रु॑त्तमो॒,1
दी॒र्घा॒यु॒त्वाय॒,1
दी॒वि,1
दुःखक्षामशिरोरक्षिणि,1
दुःखच॑क्षुरि॒व,1
दुःखतमोन्धस्य,1
दुःखप्रहाणाय,1
दुःखप्रहाणायेत्यादिवेदेनेत्यर्थः,1
दुःखभावतः,1
दुःखम्,1
दुःखशोकसमन्वितः,1
दुःखसन्तप्तं,1
दुःखसागरात्,1
दुःखस्य,1
दुःखस्वामी,1
दुःखा,1
दुःखानां,1
दुःखान्न,1
दुःखासिकया,1
दुःखिता,1
दुःखिताः,1
दुःखेतरो,1
दुःखेषु,1
दुःखैः,1
दुःसह,1
दुःसहम्,1
दुःस्वप्नदर्शनाद्याश्च,1
दुकूलं,1
दुकूलयुगलावृतः,1
दुन्दुभवे,1
दुन्दुभिः,1
दुन्दुभेः,1
दुराचारा,1
दुरापन्नं,1
दुरापोहः,1
दुराशाया,1
दुरितं,1
दुरितानि,1
दुरिताश्वासकेन्द्रेषु,1
दुरि॑ष्ट्यै॒,1
दुरि॒ता,1
दुरो॒णे,1
दुर्गमम्,1
दुर्गमहीधरे,1
दुर्गवासी,1
दुर्गास्वरूपिणी,1
दुर्गे,1
दुर्घट,1
दुर्जयानाम्,1
दुर्दभम्,1
दुर्दर्शनादौ,1
दुर्दशा,1
दुर्धरवेदनोन्नमत्रीलशिराजालककरालेन,1
दुर्धर्षः,1
दुर्निवारः,1
दुर्बलः,1
दुर्बलस्य,1
दुर्बुद्धेर्,1
दुर्बुद्ध्या,1
दुर्बोधा,1
दुर्भिक्षं,1
दुर्भिक्षे,1
दुर्भोजनं,1
दुर्मतिरिति,1
दुर्मदां,1
दुर्मनायमानमन्त्रिणि,1
दुर्यशो,1
दुर्योधनस्तदा,1
दुर्योधनादयः,1
दुर्योधनेन,1
दुर्लभां,1
दुर्वारत्वादित्यत,1
दुर्वारदुर्वासनाः,1
दुर्वारोऽपि,1
दुर्वासा,1
दुर्विभाव्यत्वात्,1
दुर्विभाव्यमेवेति,1
दुलादेवी,1
दुव॑स्वते,1
दुशाला,1
दुष्करमप्येतत्करिष्यामि,1
दुष्कृतां,1
दुष्कृतानां,1
दुष्ट,1
दुष्टकर्दमसंस्पर्शादलसं,1
दुष्टरक्तसृक्,1
दुष्टराज्ञां,1
दुष्टशत्रुप्रशमनीं,1
दुष्टस्,1
दुष्टैर्नष्टा,1
दुष्परिहरत्वात्,1
दुष्यति,1
दुष्वप्न्यं,1
दुस्कृतांशेहते,1
दुस्तरः,1
दुहन्ति,1
दुहितर्,1
दुहि॒ता,1
दुह्ख,1
दु॑हे,1
दु॒ग्धम्,1
दु॒श्चक्षा॒,1
दु॒श्शंस॑ईशत,1
दु॒श्शंस॒इति॑दुः॒ऽशंसः॑,1
दु॒ह,1
दु॒हे,1
दूतवाक्यम्,1
दूता,1
दूतावासस्य,1
दूते,1
दूतैः,1
दूयमानपरिचारके,1
दूयमानहृदयः,1
दूरतः,1
दूरतो,1
दूरदेशं,1
दूरभाषा,1
दूरवाणिरेखाः,1
दूरस्थः,1
दूरादभ्युत्थानं,1
दूषणमाह,1
दूषणमिति,1
दूषणम्,1
दूषणादित्यर्थ,1
दूषणान्तरमाह,1
दू॑र॒तो,1
दू॒तः,1
दू॒तस्त्वन्तमु॑,1
दू॒तस्त्वम्,1
दू॒रात्,1
दू॒रेहे॑तिरमृड॒यः,1
दृऋष्ट्वा,1
दृऌहा,1
दृक्क्रियारूपं,1
दृक्ष्यामि,1
दृग्वेदरसेभाः,1
दृढं,1
दृढभक्ता,1
दृढमिति,1
दृढां,1
दृढीकृतम्,1
दृति॒,1
दृत्,1
दृशं,1
दृशा,1
दृश्य,1
दृश्यं,1
दृश्यता,1
दृश्यतेऽस्य,1
दृश्यमानभोगभेदो,1
दृश्यमानो,1
दृश्यसे,1
दृश्या,1
दृश्येत,1
दृश्येन,1
दृष्टं,1
दृष्टमिति,1
दृष्टम्,1
दृष्टवानसि,1
दृष्टवान्,1
दृष्टव्यं,1
दृष्टसंवादमनुमानस्य,1
दृष्टस्य,1
दृष्टस्वरूपायामधिकारो,1
दृष्टस्वरूपायाम्,1
दृष्टादन्यस्यापि,1
दृष्टानि,1
दृष्टान्तत्वम्,1
दृष्टान्तेन,1
दृष्टान्तै,1
दृष्टास्तत्प्रतिभादिषु,1
दृष्टास्मीति,1
दृष्टि,1
दृष्टिः,1
दृष्टिकोनः,1
दृष्टिपथं,1
दृष्टिबाणाः,1
दृष्टुम्,1
दृष्टेनानेन,1
दृष्ट्वैव,1
दृष्ट्वैवमीशममराः,1
दृष्ठ्वा,1
दृह्य,1
दृ॒ढे,1
दृ॒शे,1
देदीप्येत,1
देयो,1
देवकण्टकम्,1
देवकार्यनिमित्तमिति,1
देवग्रामसामान्यवृत्तिः,1
देवजाय,1
देवतया,1
देवताग्रन्थाः,1
देवतादीनां,1
देवतानां,1
देवताप्रतीकप्राप्तिरुत्तमतीर्थप्राप्तिर्गङ्गायमुनयोः,1
देवताभिः,1
देवतोद्देशेन,1
देवतोस्यां,1
देवदासाः,1
देवदेव,1
देवदेवस्य,1
देवदेवाय,1
देवदेवीश्वरी,1
देवद्रव्योपमोगदोषस्सामान्यतः,1
देवद्वारो,1
देवद्विजगुरुपूजादि,1
देवनाद्,1
देवनिकायाश्च,1
देवनिर्वाण,1
देवपर्षदं,1
देवप्रवर्तकं,1
देवमनु॒ष्याः,1
देवमाश्रये,1
देवमीशं,1
देवमूर्तिम्,1
देवमेकाक्षराह्वयम्,1
देवयोग्यां,1
देवर्षिणानघ,1
देवर्षितपसा,1
देवविचेष्टितम्,1
देवविषयमिति,1
देवशप्ता,1
देवशब्देनेन्द्रियाण्युच्यन्ते,1
देवश्चासमसायकः,1
देवसभा,1
देवसमानतः,1
देवसेनाभ्यः,1
देवसैन्याभिमर्दनम्,1
देवस्यानुचरोभवेत्,1
देवस्वहरणे,1
देवस्सैकधा,1
देवांश्च,1
देवाति,1
देवातिदेवस्त्वं,1
देवात्माहं,1
देवादिपदं,1
देवादुपेतमथ,1
देवानामभवत्,1
देवानामिव,1
देवान्,1
देवान्महेष्वासाद्बहुरूपान्महेश्वरात्,1
देवाप्रसक्त्रेः,1
देवाय॒ते,1
देवालयेऽथ,1
देवाश्,1
देवाश्चैश्वर्यवन्तो,1
देवाश्श्रयन्त्यस्माद्विश्वरूप,1
देवासु॒राः,1
देवासो,1
देवास्,1
देवास्तं,1
देवास्तस्य,1
देवास्तिष्ठन्ति,1
देवास्समागताः,1
देवा॑,1
देवा॒नाम्,1
देविकाः,1
देवित्वा,1
देवि॑,1
देवि॑का,1
देवि॑काः,1
देवि॑काः॒,1
देवीप्रसादम्,1
देवीभिः,1
देवी॑रापः॒,1
देवेन्द्रः,1
देवेभिर्याहि,1
देवेभ्यः,1
देवेभ्यो,1
देवेशं,1
देवेशः,1
देवेषवो,1
देवेषू,1
देवोत्सवेदामने,1
देवो॑,1
देव्य,1
देव्यमाखुस्ते,1
देव्यास्थानं,1
देव्यास्स्वयंवरे,1
देव्युवाच,1
देव्यै,1
देव॑लोके॒षु,1
देव॒जा,1
देव॒यज॑नम्पृथि॒व्या,1
देव॒यज॑न॒,1
देव॒श्रुत॒,1
देव॒सुवः॒,1
देव॒हूर्मनु॑र्यज्ञ॒नीर्बृह॒स्पति॑रुक्थाम॒दानि॑,1
देशः,1
देशकालादि,1
देशकालौ,1
देशक्रमेणैव,1
देशतः,1
देशयिष्यसि,1
देशलक्षणं,1
देशशक्तिकं,1
देशशक्त्यन्तं,1
देशसेवां,1
देशानटित्वाऽहं,1
देशान्तं,1
देशान्तर,1
देशान्तरकालान्तर,1
देशान्तरजन्मान्तरभावि,1
देशान्तरनयनाऽसम्भवेन,1
देशान्तरफलभोगोऽनुपपन्न,1
देशान्तरफलोपभोगोऽप्यनुप,1
देशिकं,1
देशिकः,1
देशिककुञ्जरेण,1
देशिकस्तु,1
देशिकेन,1
देश्स्य,1
देहः,1
देहकर्म,1
देहजं,1
देहत्रयवशीकारे,1
देहत्वेन,1
देहपातस्तथा,1
देहभङ्गव्यतिरेकेण,1
देहममृतत्वमिहाप्नुयात्,1
देहमानसः,1
देहर्यताः,1
देहलीनगरे,1
देहल्यामात्मतत्वं,1
देहसंयोगे,1
देहस्थः,1
देहस्य,1
देहात्मकं,1
देहात्मकभूतसद्भावेऽपि,1
देहात्मकमेव,1
देहाद्व्यापकता,1
देहापायेऽपि,1
देहिनां,1
देही,1
देहे,1
देहेन्द्रियकर्तुरात्मनः,1
देहेष्वयं,1
देहोक्तरमणिमादि,1
देहोत्तरकालमेव,1
देहोत्तराणिमाद्यर्थं,1
देहोपि,1
देह्यन्यस्मै,1
दे॑वपी॒यून्,1
दे॑वयो,1
दे॑वलो॒कास्ताने॒वाभि,1
दे॑वा,1
दे॑वासो॒,1
दे॑वि,1
दे॑व॒यानः॑,1
दे॑व॒युर्,1
दे॒व,1
दे॒वकृ॑त॒स्यैन॑सो,1
दे॒वताः,1
दे॒वता॑भिरे॒वान॑भि,1
दे॒वता॑मन्तरि॒तस्तस्या॒,1
दे॒वता॑यै,1
दे॒वता॑सु॒,1
दे॒वता॒स्ताभ्य॑,1
दे॒वता॒स्त्रिच॑त्वारि,1
दे॒वतो॒ष्णिहा॒,1
दे॒वमी॑डे॒,1
दे॒वमेका॑दश,1
दे॒ववा॑ता॒स्ताभि॑र्नः,1
दे॒ववी॑तये॒,1
दे॒वव॑तो॒,1
दे॒वहू,1
दे॒वाथा॑,1
दे॒वाना॑मे॒ष,1
दे॒वाना॒मधि॑पतिर्बभूव॒,1
दे॒वाना॒मसि॒,1
दे॒वाना॒मुद॑गा॒दनी॑कम्,1
दे॒वाना॒म्बृह॒स्पति॒स्तमे॒वान्वार॑भते॒,1
दे॒वान्त्व,1
दे॒वान्थ्स॒त्याः,1
दे॒वान्दे॑वयश॒सेना॒र्पय॑ति,1
दे॒वान्प॑रि॒भूर्मा,1
दे॒वासो॒,1
दे॒वास्तानि॒,1
दे॒वास्तु॑,1
दे॒वास्तेभ्य॑,1
दे॒वा॒जर,1
दे॒वा॒वीर्दे॒वान्,1
दे॒वीरि॒हाऽऽहि॑त,1
दे॒वीर्दे॒वेभ्यो॑,1
दे॒वीर्मधु॑मतीरगृह्ण॒न्नूर्ज॑स्वती,1
दे॒वीर्वी॒रुधः॑,1
दे॒वेभिः॑,1
दे॒वेभि॑रिन्वि॒तम्,1
दे॒वेभ्यो,1
दे॒वेभ्य॑,1
दे॒वेभ्य॑स्त्वा,1
दे॒वेषु॒,1
दे॒वैः,1
दे॒वैरूर्णा॑वन्तम्प्रथ॒मः,1
दे॒वौ,1
दे॒व्यदि॑तिर्विश्वरू॒प्यावि॑न्नो॒,1
दे॒व॒यानी॑रन्त॒रा,1
दे॒हं,1
दे॒हि,1
दे॒हीशा॑नो॒,1
दैतेयाः,1
दैत्यपीडिता,1
दैत्याः,1
दैत्याद्युपद्रवो,1
दैत्यानां,1
दैत्यैर्,1
दैत्यो,1
दैधिष॒व्योदत॑स्तिष्ठा॒न्यस्य॒,1
दैर्ख्यः,1
दैव,1
दैवतमावाहयन्तो,1
दैवतम्,1
दैवतस्यापि,1
दैवमुक्तस्य,1
दैववशगः,1
दैववशादुपेतं,1
दैवानुग्रहेण,1
दैवीः,1
दैवीऽस्य,1
दैव्यायाः,1
दैव्ये॒,1
दैव्यो॒,1
दैशिकाग्रतः,1
दोःपादसंध्यंगुलिषु,1
दोग्ध्रीतालदण्डहोमौ,1
दोषं,1
दोषणी,1
दोषमबुद्ध्यती,1
दोषवचनाभावादिति,1
दोषवत्तामुपागता,1
दोषवशात्त्वं,1
दोषशान्तिमवाप्नुयात्,1
दोषाः,1
दोषान्पुरस्कृत्य,1
दोषाभावेषु,1
दोषावितः,1
दोषेभ्यस्तिमिरकामशोकादिभ्यः,1
दौत्यं,1
दौर्गत्यं,1
दौर्बल्यं,1
दौर्बल्येन,1
द्कुट्ट्,1
द्दीप्ति॒रुच्य॑ते,1
द्दी॒क्षाप॑,1
द्द्,1
द्द्यावापृथि॒व्या॑,1
द्द्यु॒मद्वि॒भाति॒,1
द्द्वितीया,1
द्धं,1
द्धत्ते॒,1
द्बिजातिः,1
द्भुव॑नाद॒धि,1
द्भ्,1
द्यज्ञवा॒स्तु,1
द्यज्ञवेश॒सं,1
द्यवि॑,1
द्यवि॑द्यवि,1
द्यवीष,1
द्यां,1
द्यातमित्यत,1
द्यामिव,1
द्यामि॒मं,1
द्याम्,1
द्यावापृथिवी,1
द्यावापृथिव्यग्निरथाम्बुवायू,1
द्यावापृथि॒व्या॑मा,1
द्यावापृथि॒व्य॑मेक॑कपालम्,1
द्यावा॑पृथि॒वीभ्या॑मे॒व,1
द्यावा॑पृथि॒वीभ्या॒,1
द्यावा॑भूमी,1
द्यु,1
द्युः॑,1
द्युति,1
द्युतिमंतं,1
द्युतिवर्धिन्यै,1
द्युमत्तमोऽभि,1
द्युम्नितमो,1
द्यु॒मन्त,1
द्यु॒मन्त॑न्देव,1
द्यु॒मन्त॒मिति॑,1
द्यु॒म्निनी॒रूर्ज॑,1
द्यु॒म्नेना॒भिषि॑ञ्चाम्य॒ग्नेः,1
द्यूतमाह्वय,1
द्यूत्वा,1
द्येत्,1
द्ये॒थ्सैव,1
द्योतनाद्,1
द्योऽत्यो॒तः,1
द्यौरापः,1
द्यौरि॑व,1
द्यौरि॑वासि,1
द्यौर्वा,1
द्र,1
द्रढयति,1
द्रध॑सी,1
द्रवरुपेण,1
द्रवस्यास्य,1
द्रवान्तान्,1
द्रविणं,1
द्रवि॑णमी॒दृङ्,1
द्रवि॑णमु॒ग्रामा,1
द्रवि॑णमू॒र्ध्वामा,1
द्रवि॑ण॒,1
द्रवि॑ण॒मा,1
द्रव्यं,1
द्रव्यग्रहणस्य,1
द्रव्यत्यागो,1
द्रव्यभेदेन,1
द्रव्यमानांकः,1
द्रव्यशुद्ध्यर्थमावहेत्,1
द्रव्याण्यनियतं,1
द्रव्याण्येव,1
द्रव्यान्तराणि,1
द्रव्यान्तरेषु,1
द्रष्टव्यः,1
द्रष्टाश्रुतः,1
द्रष्टुमना,1
द्रष्टुमिच्छामि,1
द्रष्टुम्,1
द्रष्टृदृश्ययोः,1
द्रष्टृषु,1
द्रष्ट्वा,1
द्रावकाणां,1
द्राविडशिल्पकलायुक्तस्य,1
द्रुतं,1
द्रुतप्रक्रमः,1
द्रुतेः,1
द्रुमकर्मभिः,1
द्रुमप्रतिकृतिभिः,1
द्रुमाश्चाराम,1
द्रुहिणमघवानौ,1
द्रुह्या॒ताम्,1
द्रु॒ह्यति,1
द्रोणकर्णौ,1
द्रोणकल॒श,1
द्रोणकल॒शम॒भि,1
द्रोणपुत्रवधप्रेप्सुं,1
द्रोणस्यासीच्च,1
द्रोणानि,1
द्रोहं,1
द्रौणकर्णकृपैर्गुप्तां,1
द्रौणिं,1
द्रौद्रं,1
द्रौपदादित्यसहितं,1
द्र॒प्सं,1
द्र॒प्सः,1
द्र॒प्सम॑वृणीत,1
द्र॒प्सश्च॑स्कन्द,1
द्र॒फ्सः,1
द्वक्षरं,1
द्वदशत्र्यम्बकाद्या,1
द्वयः,1
द्वयमपि,1
द्वयोरपि,1
द्वयोरेव,1
द्वयोर्,1
द्वयोर्भावे,1
द्वयोर्भूयःसहचारदर्शनं,1
द्वय्यः,1
द्वर्थशब्दो,1
द्वा,1
द्वात्रिंशच्च,1
द्वात्रिंशत्,1
द्वात्रिंशद्गन्धमादने,1
द्वात्रिंशोऽध्यायः,1
द्वादशकेशवाद्या,1
द्वादशग॒व,1
द्वादशत्रिधा,1
द्वादशवर्षपर्यन्तं,1
द्वादशवर्षीयं,1
द्वादशवार्षिकः,1
द्वादशसङ्ख्यायाम्,1
द्वादशसु,1
द्वादशस्वरसङ्ख्येन,1
द्वादशा,1
द्वादशान्तस्थः,1
द्वादशापि,1
द्वादशार्कप्रतीकाशं,1
द्वादशासु,1
द्वाद॑शकपालमाशू॒नां,1
द्वाद॑शकपालमुपध्व॒स्तो,1
द्वाद॑शकपालो,1
द्वाद॑शकपाल॒माश्व॑त्थे॒,1
द्वाद॑शाक्षरा॒,1
द्वाद॑शादि॒त्या,1
द्वापराख्यं,1
द्वापरे,1
द्वाभ्यामिष्टये,1
द्वाभ्यामूर्ध्वं,1
द्वाभ्याम्,1
द्वाभ्या॑मु॒पाक॑रोति,1
द्वाय॒व्या॑,1
द्वारं,1
द्वारकाधीशस्य,1
द्वारकामगमत्,1
द्वारकामन्दिरं,1
द्वारदेशे,1
द्वारप्रासाद,1
द्वारप्रासादप्रतिष्ठयोरपिअ,1
द्वारा,1
द्वाराभिमुखस्य,1
द्वारेणात्मनां,1
द्वारोदुम्बरशाखासु,1
द्वारौ॒,1
द्वावश्‍विनौ,1
द्वाविंशतिः,1
द्वाविंशदुपचारतः,1
द्वावीश्वरस्तु,1
द्वासि॒ष्ठो,1
द्वा॒युप्र॑च्युता,1
द्विकोणाग्रो,1
द्विगुणं,1
द्विगोरिति,1
द्विजगोसेवकस्तथा,1
द्विजश्रेष्ठाश्चक्रे,1
द्विजसती,1
द्विजसत्तमः,1
द्विजाः,1
द्विजातये,1
द्विजातिरिति,1
द्विजान्,1
द्विजे,1
द्विजेन,1
द्वितीयकम्,1
द्वितीयखण्डान्,1
द्वितीयगतेरुदाहरम्,1
द्वितीयदिने,1
द्वितीयस्पर्धायामपि,1
द्वितीयस्यासामर्थ्यं,1
द्वितीयादिवर्षेषु,1
द्वितीयान्तं,1
द्वितीयेन,1
द्वितीयेनागमत्स,1
द्वितीयेन्निङ्स्,1
द्वितीयो,1
द्विधाकृतम्,1
द्विधाऽधिकारि,1
द्विधाऽधिकारीत्युक्तं,1
द्विधेति,1
द्विधैवेय,1
द्विपञ्चाशत्तमे,1
द्विपदां,1
द्विप्रकारिका,1
द्विप्रकारैवेत्युच्यते,1
द्विभागार्धेन,1
द्विभागेन,1
द्विभुजां,1
द्विभेदत्वमेवेत्यांशङ्क्यसङ्क्षेपादित्याह,1
द्विभेदा,1
द्विभेदाद्विप्रकारा,1
द्विमात्रिकः,1
द्वियैव्येयदीक्षा,1
द्वियोजनन्तु,1
द्विरक्षणं,1
द्विरण्डश्च,1
द्विरदवदनक्रौञ्चदलनौ,1
द्विरुपस्थितं,1
द्विरूपवत्,1
द्विर्यदे॒ते,1
द्विवर्ज्नात्,1
द्विवारङ्करणीयानि,1
द्विविधमिष्यते,1
द्विविधशक्त्निपातनात्,1
द्विविधेत्याह,1
द्विविधैत्यर्थः,1
द्विविधो,1
द्विविधोऽत्र,1
द्विविधोऽयं,1
द्विशतकं,1
द्विशताधिकषट्सप्ततितमं,1
द्विशताधिकसप्तसप्ततितमं,1
द्विषः,1
द्विषन्तः,1
द्विषष्टि,1
द्विषष्टितमोऽध्यायः,1
द्विषाम्,1
द्विष्ठत्वेन,1
द्विष्मस्तमितो,1
द्विहस्ते,1
द्वि॑कपा॒ल,1
द्वि॒तीया॑य,1
द्वि॒तीया॒मुप॑दधाति,1
द्वि॒तीय॑म,1
द्वि॒तीय॑म॒न्तरि॑क्षं॒,1
द्वि॒पदा,1
द्वि॒पदी,1
द्वि॒पदी॒,1
द्वि॒पदे,1
द्वि॒पदे॒,1
द्वि॒पाद्यज॑मानः॒,1
द्वि॒ष्मस्तस्मि॒न्प्रति॑,1
द्वि॒ष्मो,1
द्वीपः,1
द्वीपिचर्मनिवासिनम्,1
द्वीपेषु,1
द्वेषं,1
द्वेषसंयुतम्,1
द्वेषस्य,1
द्वेषिणो,1
द्वेषो,1
द्वेषोभवस्थितौ,1
द्वेष्यास्सुतास्तव,1
द्वे॑,1
द्वैत,1
द्वैतनिर्णये,1
द्वैविध्यमतद्विषय,1
द्वैविध्यमित्युक्तं,1
द्वौ॑,1
द्व्यक्षरम्,1
द्व्यक्षरो,1
द्व्यक्ष्यमाणप्रतिमा,1
द्व्यन्तरश्चानुलोम्येन,1
द्ष्टुं,1
द॑क्षक्र॒तुभ्यां॒,1
द॑क्षिण॒त,1
द॑क्षि॒णा,1
द॑त्त,1
द॑त्ते,1
द॑त्त॒,1
द॑दात्वव॒सान॑मस्मै,1
द॑दी॒येति॒,1
द॑दुः,1
द॑दृशे॒,1
द॑धातु॒,1
द॑धिग्र॒हं,1
द॑र्वि॒,1
द॑हन्ति॒,1
द॑हाम्य॒ग्नये॑,1
द॑ह॒न्त्यथो॒,1
द॒क्ष॒क्र॒तुभ्यां॒,1
द॒दृ॒शुषी॒स्तत्,1
द॒धा॒त्युप॑,1
द॒धा॒त्वा॒यत॑नवती॒र्या,1
द॒ध्यङ्ङृषिः॑,1
द॒ध॒न्वे,1
द॒ध॒न्वेव॒,1
द॒रिद्रं॒,1
द॒शभिः॑,1
द॒शभि॑र्वथ्सत॒रैः,1
द॒ह॒,1
धक्ष्यामि,1
धत्तमश्विना,1
धत्तम्,1
धत्ते॒,1
धत्त॒मरि॑ष्टैर्नः,1
धत्या,1
धन,1
धनं॒,1
धनदस्य,1
धनपतिसखं,1
धनप्रभाविताः,1
धनमदरज,1
धनमन्त्रिणः,1
धनमन्त्रिण्या,1
धनमपि,1
धनरूपैः,1
धनाद्यैः,1
धनिकस्,1
धनुः,1
धनुःस्नाता,1
धनुरोङ्कारं,1
धनुर्मण्डलमेवास्य,1
धनुर्वेदपारगाः,1
धनुश्चैव,1
धनुषा,1
धनुषी,1
धनेनापि,1
धनेशे,1
धने॑न,1
धनैरपि,1
धनो॒रधि॑,1
धन्यं,1
धन्या,1
धन्यासि,1
धन्यास्तु,1
धन्ये,1
धन्वतरिरुवाच,1
धन्वनो,1
धन्वन्तीररुवाच,1
धन्विनः,1
धन्विने,1
धन्वे,1
धन्वो,1
धन्व॑न्ना॒र्द्रस्य॑,1
धन॑म्,1
धमधमादिः,1
धमनीषु,1
धम॑न्तम्,1
धयदिवत्,1
धरः,1
धरणम्,1
धरण्यां,1
धरा,1
धराणां,1
धरातलं,1
धरातले,1
धरादयोऽर्थाः,1
धराधिप,1
धरायुक्तो,1
धर्म,1
धर्मं॑,1
धर्मकृतं,1
धर्मचक्रम्,1
धर्मज्ञ,1
धर्मज्ञा,1
धर्मज्ञानवैराग्यैश्वर्याख्यं,1
धर्मज्ञानाद्यनुकरणम्,1
धर्मज्ञानाद्यष्टगुणा,1
धर्मणे,1
धर्मतः,1
धर्मतनियाम,1
धर्मतां,1
धर्मतो,1
धर्मत्वं,1
धर्मदानं,1
धर्मद्रोणाः,1
धर्मनाथस्य,1
धर्मनाशे,1
धर्मनियमः,1
धर्मनिर्णयः,1
धर्मनिर्णयेन,1
धर्मपत्नीमभिरतां,1
धर्मपरायणतां,1
धर्ममात्रं,1
धर्मयुद्धे,1
धर्मराजः,1
धर्मराजकृतलयचिन्ताऽनूद्यते,1
धर्मशास्त्रपरं,1
धर्मशास्त्रसम्वित्ति,1
धर्मश्च,1
धर्मसंविधम्,1
धर्मसंस्थापन्र्थाय,1
धर्मसम्भवा,1
धर्मसाधनम्,1
धर्मस्तु,1
धर्मस्नाता,1
धर्मा,1
धर्माः,1
धर्माख्यः,1
धर्माख्यो,1
धर्मात्मनि,1
धर्मात्मा,1
धर्मादयोऽष्टौ,1
धर्मादि,1
धर्मादिभावचतुष्टयात्,1
धर्मादिभाववर्गः,1
धर्मादिभ्यः,1
धर्मादिरूपसम्पृक्ता,1
धर्मादिसमुदायतः,1
धर्मादिसम्पृक्तादभिव्यक्तो,1
धर्माधर्मात्मकम्,1
धर्माधर्मौ,1
धर्मानुपश्यी,1
धर्मान्,1
धर्मान्तरं,1
धर्माय,1
धर्मार्जिता,1
धर्मार्थकाममोक्षरूपपुरुषार्थचतुष्टयसाधनत्वमस्तीत्यावश्यकत्वमभिप्रेत्य,1
धर्मावुभौ,1
धर्मा॑,1
धर्मा॑णि,1
धर्मा॑य,1
धर्मिणा,1
धर्मिणामाकाशादीनां,1
धर्मिणाम्,1
धर्मिणी,1
धर्मिणोऽपि,1
धर्मिरूपायां,1
धर्मिष्ठा,1
धर्मे,1
धर्मेण,1
धर्मेणैव,1
धर्मेषु,1
धर्मोधर्मपतिस्तथा,1
धर्मोऽस्य,1
धर्मो॑,1
धर्म्मपरश्च,1
धर्म्माः,1
धर्म्मान्,1
धर्म्मासनमिति,1
धर्म्मिपरो,1
धर्म्मो,1
धर्म॑णि॒,1
धर्म॑णे॒,1
धर्म॑पतये,1
धर्म॑पतीनां॒,1
धर्षा,1
धवध्वे,1
धवलगृहे,1
धवलैअः,1
धवान्,1
धाः,1
धाः॒,1
धातवः,1
धातवो,1
धाता,1
धातुरविशब्दनार्थकः,1
धातुरिति,1
धातुहयो,1
धातो,1
धातोरच्,1
धातोरित्यर्थ,1
धातोरित्यादिना,1
धात्री,1
धात्रीस्तन्यपायिनः,1
धात्वर्थगत्या,1
धात्वर्थे,1
धात्वादीनां,1
धानमनयत्यवीत्युक्तम्,1
धानाः,1
धान्यप्राये,1
धान्यानां,1
धान्येन,1
धामा॑,1
धाम्नि,1
धाम॒शः,1
धारणं,1
धारणादयः,1
धारणादि,1
धारत्वाच्च,1
धारयत्यवपुर्वपुः,1
धारयन्,1
धारयन्तं,1
धारयन्स,1
धारयेत्परम्,1
धारयेत्सदा,1
धारयेन्मृदा,1
धारवाडप्रदेशे,1
धारा,1
धाराः,1
धारानिपातनिर्वाप्यमाणक्वथिताम्भसि,1
धारा॒,1
धारिका,1
धारिकादि,1
धारिकादीप्तिमत्युग्रा,1
धारिकाद्यष्टशक्तय,1
धार्तराष्ट्रस्य,1
धार्यताम्,1
धावन,1
धावनाङ्कानाम्,1
धावनाङ्कान्,1
धावनाङ्काभ्यन्तरे,1
धावनाङ्‌कैश्च,1
धावयितुम्,1
धावयेत्,1
धावसि,1
धाव॑द्भ्यो॒,1
धाव॑न्तीः,1
धा॑,1
धा॑रय,1
धा॑वेत्,1
धा॒,1
धा॒तार॑ङ्करोति,1
धा॒तुराधि॑पत्य॒,1
धा॒तुश्च॒,1
धा॒तुस्तृ॒तीयं॒,1
धा॒तेदं,1
धा॒त्रे,1
धा॒नाः,1
धा॒ना॒सो॒मान्म॒न्थिन॑,1
धिकम्,1
धिना,1
धिनोतु,1
धियो॒,1
धिषणा,1
धिषी॒यागं॑,1
धिष्ठितम्,1
धिष्णि॑या,1
धिष्णि॑यो,1
धिष्ण्यानां,1
धिष्ण्यान्निवपति,1
धि॒षण॑योरु॒पस्था,1
धीः,1
धीकर्मकरणानि,1
धीतवत्समनुष्टुगम्,1
धीतिभिर्मनसा,1
धीधनाः,1
धीभिदां,1
धीभिदाम्,1
धीमतः,1
धीमान्,1
धीयते,1
धीरः,1
धीरधीरिति,1
धीरा॑,1
धीरो,1
धीरोदात्तकोटिको,1
धीर॑,1
धीर॒,1
धीवते,1
धी॑म॒ह्यग्ने॑,1
धी॒नाम॑वि॒त्र्य॑वतु,1
धुंधुल्या,1
धुक्षी॒महि॑,1
धुन्धुः,1
धुरं,1
धुरीणाः,1
धु॒क्षी॒महि॑,1
धूधूधू,1
धूपदीपमाल्यलाज,1
धूपदीपैर्मनोहरैः,1
धूपदीपोपहारकैः,1
धूप्यति,1
धूप॑यः,1
धूमः,1
धूमत्वभ्रान्तिः,1
धूमपानं,1
धूमलिङ्गकवह्र्यनुमितौ,1
धूमवानित्यंशे,1
धूमवानित्यादिना,1
धूमवानित्युक्तमिति,1
धूमवानित्येतत्प्रतिज्ञायामनपेक्षितत्वादधिकम्,1
धूमसारं,1
धूमस्य,1
धूमस्याऽग्नाविव,1
धूमादिमात्रवृत्तीत्यवधेयम्,1
धूमादिमार्गेण,1
धूमादेरिव,1
धूमादेर्येनाऽविनाभावलक्षणः,1
धूमेनानुमितोऽग्निरासीदता,1
धूम्र,1
धूम्रं,1
धूम्रपाने,1
धूम्रार्चिः,1
धूरी,1
धूर्,1
धूर्जटिः,1
धूर्वहाः,1
धूर्व॑न्तम॒चितं॒,1
धूर॑सि॒,1
धूलिधूसरसर्वाङ्गस्त्यक्तनिद्रो,1
धू॑नो॒मीत्या॑हा॒पामे॒व,1
धू॒म्रमा,1
धू॒र्तिर॑मृत॒,1
धृग्रत्तधृक्,1
धृतं,1
धृतराष्ट्र,1
धृतराष्ट्रः,1
धृतराष्ट्रजा,1
धृतराष्ट्रस्तमुपासीनो,1
धृतराष्ट्रस्याज्ञया,1
धृतव्रत,1
धृतव्रता,1
धृतव्रताः,1
धृतव्रतौ,1
धृता,1
धृतिमत्पञ्चमं,1
धृतिमुषो,1
धृतिर्धारणं,1
धृतिसङ्ग्रहपक्तयः,1
धृतोसि,1
धृत्या,1
धृत्यादयोऽसाधारणवृत्तय,1
धृत्यै॒,1
धृवायेति,1
धृषत्पिबेति,1
धृष॒ता,1
धृ॒तव्र॑ते॒,1
धृ॒तव्र॑तो॒,1
धे,1
धेनदीक्षां,1
धेना॑,1
धेनुमग्निर्मूर्धोद्बुध्यस्व,1
धेनु॒मती॒,1
धेने॑,1
धेन्वा,1
धेह्य॒ग्नये॑,1
धे॑नुर्द॒क्षिणा,1
धे॒नवः॑,1
धे॒नुर्दख्षि॑णा,1
धे॒ह्यूर्ग॒स्यूर्जं॑,1
धौ॒तस्य॑,1
ध्दश्,1
ध्यातत्वयत्वात्कृष्णेन,1
ध्यातव्य,1
ध्यात्मलमायाकर्मयुतः,1
ध्याननिर्मथनाभ्यासः,1
ध्याननिष्ठं,1
ध्यानबीजबलैर्यथा,1
ध्यानमेवेदमित्यादिना,1
ध्यानस्य,1
ध्याना,1
ध्यानाङ्गानि,1
ध्यानादि,1
ध्यानानि,1
ध्यानाहाराय,1
ध्यायंस्ते,1
ध्यायति॒,1
ध्यायमानः,1
ध्याये,1
ध्यायेद्,1
ध्रं॒,1
ध्रजी॑मान्,1
ध्रम॒भि,1
ध्रुवं,1
ध्रुवः,1
ध्रुवरात्रिः,1
ध्रुवांते,1
ध्रुवासिचं,1
ध्रु॒वस्य॒,1
ध्रु॒वा,1
ध्रु॒वेण॑,1
ध्रे,1
ध्वजच्छत्रं,1
ध्वजदण्डं,1
ध्वजलाञ्छनैः,1
ध्वजस्थापनमपि,1
ध्वजिनीं,1
ध्वनति,1
ध्वनिरूपरूषितत्वेन,1
ध्वनिवेश,1
ध्वनिव्यंग्यमान्तर,1
ध्वनिसमूहो,1
ध्वनेर्वर्णताप्रापणमुदानस्य,1
ध्वर॒त्वन्ततो॑,1
ध्वाङ्क्षरावो,1
ध्वाङ्क्षाय,1
ध्वानं,1
ध्वान्तान्तकृद्गिरिशहस्तपवित्रितात्मा,1
ध्व॒रो॑,1
ध्व॒र्युम॑भ्या॒ह्वय॑त,1
ध॑त्त,1
ध॑त्तम॒क्ष्योः,1
ध॑त्त॒,1
ध॑न्वति,1
ध॑र्म॒सुव॑श्च॒,1
ध॒त्ते,1
ध॒त्ते॒,1
ध॒त्तौजो॑,1
ध॒नं॒ज॒य,1
ध॒नं॒ज॒यो,1
ध॒नुर्ज्या॑मछि॒नथ्स्व॑यम्,1
नकि॒ष्टं,1
नकुलयोः,1
नक्तम्,1
नक्रः,1
नक्षत्राणां,1
नक्षत्रादिगतिविषये,1
नक्ष॑त्रमेति,1
नक्ष॑त्राणामा॒यत॑नं॒,1
नक्ष॑त्राणामा॒यत॑नम्,1
नक्ष॑त्राणा॒म्बृह॒स्पति॒र्ब्रह्म॑णो,1
नक्ष॑त्राणि,1
नक्ष॑त्राण्यप्स॒रसो॑,1
नक्ष॑त्रैः॒,1
नखच्छेदस्तैलसेकश्च,1
नखरुस्तथा,1
नखवृद्धौ,1
नखाः,1
नख्ष॑त्रेभ्यः॒,1
नगं,1
नगर,1
नगरः,1
नगरनिर्माणं,1
नगरपितु,1
नगरप्रान्तेषु,1
नगरमिदं,1
नगरयोः,1
नगरविकसनसमितिः,1
नगरसभाया,1
नगरसभायाः,1
नगरसभायामेव,1
नगरीयकेन्द्रेषु,1
नगरीयक्षेत्रेषु,1
नगरे,1
नग्नो,1
नग॑रं,1
नग॑रं॒,1
नङ्गहार,1
नचैतदेवं,1
नञिवयुक्तमन्यसदृशाधिकरणे,1
नञ्जनगूडु,1
नञ्सन्ञौ,1
नटराजस्य,1
नटेश्वरम्,1
नडस्य,1
नडादिभ्यः,1
नतजनाश्रयमाश्रयामि,1
नतिरधिकरणायाः,1
नत्त्वम्,1
नत्वमित्वा,1
नत्वविद्यमानत्वात्,1
नत्वाभावात्,1
नत्वा॑,1
नत्वीश्वर,1
नत्वेवमनादि,1
नदी,1
नदीति,1
नदीम्,1
नदीष्वा,1
नद्यः,1
नद्यबधिगरिसत्तीर्थं,1
नद्योऽभि,1
ननभिप्रेतानपि,1
ननर्त,1
ननाम,1
ननूक्तं,1
ननूत्तरवाक्ये,1
ननृतुश्च,1
ननौ,1
नन्त,1
नन्तरं,1
नन्त्यार्व्वट्टमतिन्मूलं,1
नन्त्रो,1
नन्दः,1
नन्दना,1
नन्दस्य,1
नन्दिग्रामे,1
नन्दी,1
नन्दीव,1
नन्द्याद्याः,1
नन्वकर्तैव,1
नन्वत्रोक्तं,1
नन्वविवेक,1
नन्वस्यनित्यण्यन्तत्वादण्यन्तत्वमसिद्धमित्यत,1
नन्वात्मभेदे,1
नन्वि,1
नन्वित्यादिना,1
नन्वेकत्वेऽपि,1
नन्वेवमपि,1
नपु,1
नपुंसकविवर्जिते,1
नभ,1
नभः,1
नभः॑,1
नभन्तामन्यके,1
नभसस्पत॒,1
नभस्येवोदितो,1
नभोभागे,1
नभोवदन्तर्बहिरास्थितो,1
नभ्यतप,1
नभ्येव,1
नभ॑न्तामन्य॒के,1
नभ॑स॒स्पति॑र्वा॒युमे॒व,1
नमन्ति,1
नमन्याय्यम्,1
नमयेयुस्,1
नमश्,1
नमश्चतुर्वर्गं,1
नमस्कारस्त्रिकोणवत्,1
नमस्कारात्मयज्ञेन,1
नमस्कारादि,1
नमस्कारान्त,1
नमस्कारान्तकानि,1
नमस्कार्यत्वं,1
नमस्कुरुष्व,1
नमस्कुर्यादलक्षितम्,1
नमस्कुर्यान्मन्त्रेणाष्टोत्तरं,1
नमस्कुर्वन्,1
नमस्ते,1
नमस्त्वात्मसमर्पणम्,1
नमस्वाहावषड्वौ,1
नमस्सुरवराय,1
नमस्स्वाहा,1
नमामि,1
नमाम्यागमसिद्धये,1
नमि॒त्राय॑,1
नमु॑चेः॒,1
नमे,1
नमेयुस्,1
नमोनमः,1
नमोन्तेन,1
नमोस्तु,1
नमोऽस्तु,1
नमो॑वृक्तिं॒,1
नमो॑वृक्तिवत्य॒र्चाग्नी,1
नम्रोऽहं,1
नम॑ति,1
नम॑स्कृत्या,1
नम॑स्तृ॒म्पन्ता॒,1
नम॑स्ते,1
नम॒,1
नम॒न्ते,1
नम॒स्तेभ्यः॒,1
नय,1
नयः,1
नयदिति,1
नयनं,1
नयनार्चिषि,1
नयने,1
नयनोन्मीलनं,1
नयनोन्मीलनमेव,1
नयन्ति,1
नयन्तु,1
नयामसि,1
नयामि,1
नयावावां,1
नयेद्विष्णुपुरं,1
नयेद्वै,1
नयेन,1
नय॑,1
नय॑न्ति॒,1
नय॒त्वदि॑ति॒र्मध्यं॑,1
नरं॒,1
नरः॑,1
नरक,1
नरकं,1
नरकपातालभूरादिलोकात्मिका,1
नरका,1
नरकाः,1
नरकान्तकोऽहं,1
नरपतीनां,1
नरम्,1
नरशार्दूल,1
नरश्चैव,1
नरसार्द्दपदं,1
नरस्य,1
नरस्सदा,1
नराकारोपाधित्वं,1
नराधिपः,1
नरान्कायतीति,1
नरान्भेजुर्गौतमेश्वरपूजकान्,1
नराशंसो,1
नरिका,1
नरेन्द्र,1
नरेश्वरैः,1
नरैर्नृपः,1
नरोपि,1
नर्तकी,1
नर्दबुद,1
नर्यापस,1
नर्येव,1
नर॒,1
नलः,1
नलगिरि,1
नलङ्घयेत्,1
नलस्य,1
नलोपमाशङ्क्य,1
नलोपे,1
नवं,1
नवंबर्,1
नवकपालो,1
नवकुम्भे,1
नवगण्यामित्यादि,1
नवगुग्गुलधूपितम्,1
नवग्रहजा,1
नवतत्वादी,1
नवतिं,1
नवदशः,1
नवदशशताब्दीं,1
नवदीपकृतपीठमध्यादिन्यसनीय,1
नवधाभक्तिः,1
नवपदी,1
नवभक्तिसमन्वितः,1
नवभारत,1
नवभिर्निशितैर्बाणैराजघान,1
नवमांशतः,1
नवमो,1
नवमोऽध्यायः,1
नवविधा,1
नवसु,1
नवसोदर्या,1
नवस्थानलक्षणविरोधस्य,1
नवाकविभक्तं,1
नवाहं,1
नवाह्निकभागतः,1
नवा॑धित,1
नवि॑ष्ठया,1
नवीचक्रुरपां,1
नवु,1
नवे,1
नवेम्बर्मासस्य,1
नवे॑दा॒,1
नव्याख्यातम्,1
नव॑,1
नव॑ग्वा॒,1
नव॑द्वारा,1
नव॑नव,1
नव॑पदी,1
नव॒तिं,1
नश्चित्रा,1
नश्यतोऽनेकक्षणनिर्वर्त्यक्रियानुष्ठानाक्षमत्वादित्यादि,1
नश्यत्येव,1
नश्यन्त्येव,1
नश्ये॒दाज्य॑स्य,1
नश्ये॒दुद॑स्या॒ग्निः,1
नश॒न्न,1
नष्ट,1
नष्टबुद्धेरपि,1
नष्टेन,1
नसूयात्मज्ञानानन्दयुक्तस्यात्मसदृशश्रुतशीलाचार,1
नस्तद्ब्रह्म॑न्,1
नस्तीत्येतद्वस्तुतः,1
नस्त॒न्वं,1
नहीच्छन्ति,1
नह्यनावरणं,1
नह्यामि॒,1
नह्याम्य॒प,1
नह्येकं,1
नह्य॒ते,1
नह॑ना॒,1
नाइजर,1
नाइजीरिया,1
नाकं॑,1
नाको,1
नाक॑,1
नाक॑म्महि॒मानः॑,1
नाक॑स्य,1
नाग,1
नागः,1
नागकेशरम्,1
नागयज्ञोपवीतं,1
नागरखण्डे,1
नागरिकाणां,1
नागरिकान्,1
नागरेणैव,1
नागसत्त्वाः,1
नागा,1
नागाश्च,1
नागृहीतैस्तु,1
नागेन्द्रपाशैर्विततं,1
नाग्निर्नेन्द्रो,1
नाचेतनानां,1
नाज्ञानरूपमिति,1
नाञ्जसेत्युक्ते,1
नाटक,1
नाटके,1
नाडायनः,1
नाडीगतमलजातशोधनं,1
नाड्यादीन्,1
नाणकविक्षेपणं,1
नातिनिकटोपविष्टकङ्कटिनि,1
नातिप्रसङ्गः,1
नातिलक्षितः,1
नाति॑,1
नात्मसंस्कारत्वम्,1
नात्मानमतः,1
नात्मार्थमुपसाधयेत्,1
नात्रैकवाक्यत्वादिन्द्रप्राधान्यम्,1
नात्र॒,1
नाथनाश्रिता,1
नाथन्ति,1
नाथस्य,1
नादत्तम्,1
नादबिन्दुखमन्त्राणु,1
नादरूपतः,1
नादाख्यार्ण,1
नादिना,1
नादौ,1
नाद्वैतम्,1
नानन्तता,1
नानाकोटिकतयोक्तिहीनानीत्यर्थः,1
नानागामिफले,1
नानाङ्गावयवैर्हीनांश्चकारारीन्धनञ्जयः,1
नानात्मजाश्च,1
नानात्वमात्मनो,1
नानादेवत्याभिर्,1
नानादेशसमागतैर्बुधगणै,1
नानाना,1
नानालिङ्गत्वादृतूनां,1
नानाविधं,1
नानाविधा,1
नानाश्रुतित्वप्रसङ्गभयाच्छ्रवणाकाशस्यैव,1
नानाश्रुतिभयात्,1
नाना॑मनसः॒,1
नाना॑सूर्याः,1
नाना॑सूर्य॒त्वम्,1
नाना॒,1
नानित्यत्वादिदोष,1
नानिशं,1
नानुकम्प्य,1
नानुत्तरायां,1
नानुवषट्कुर्वन्ति,1
नानुशोचत्याकाङ्क्षते,1
नानुसरति,1
नान्तवत्त्वं,1
नान्दीमुखाः,1
नान्दीमुखान्,1
नान्यः,1
नान्यज्ज्ञस्वभावत्वमिति,1
नान्यत्,1
नान्यत्ततः,1
नान्यत्र,1
नान्यत्रेति,1
नान्यथैवोपपत्तिरित्यत,1
नान्यदस्य,1
नान्यसत्त्वेषु,1
नान्यस्यान्यस्या,1
नान्यस्येतीन्द्रियचैतनिकाः,1
नान्योन्याश्रयदोषः,1
नान्ववा॑य॒न्ते,1
नापरः,1
नापे,1
नाप्यनुमानेन,1
नाप्यहेतुतः,1
नाप॑श्य॒न्तं,1
नाफ्सु,1
नाभङ्गतनोराविलयाद्भुवामिति,1
नाभाकस्यप्रशस्तिभिर्यः,1
नाभावे,1
नाभा॑,1
नाभा॒नेदि॑ष्ठं,1
नाभिमध्ये,1
नाभिम्,1
नाभिषेकतः,1
नाभिसन्धिर्मया,1
नाभिस्तथा,1
नाभि॑म॒स्मे,1
नाभि॑रसि,1
नाभेरूर्ध्वं,1
नाभ्यवपत्स्यसे,1
नाभ्या॒,1
नाभ्यै,1
नाभ्य॒वेत्य॒,1
नामकः,1
नामकरणम्,1
नामकर्मजुनितोऽदृष्टविशेषः,1
नामतो,1
नामधेयानि,1
नामनिवेशसाधनम्,1
नामभिः,1
नामभेदोस्ति,1
नामरा,1
नामस्वार्थेक,1
नामा,1
नामाङ्गी,1
नामानि,1
नामान्यनेकानि,1
नामापरो,1
नामायं,1
नामाष्टादशोऽध्यायः,1
नामास्ति,1
नामाऽ,1
नामिका,1
नामिश्रं,1
नामेत्या॒हायु॑रे॒वाव॑,1
नामेन्द्र॒स्याधि॑पत्ये,1
नामै॒व,1
नामोच्चारवशोऽच्युतः,1
नामोपायान्तरं,1
नायकः,1
नायमघटो,1
नायमित्यनृतं,1
नायर्,1
नायास्यथ,1
नायिकं,1
नायिकायाः,1
नारदः,1
नारदीयधर्मशास्त्रे,1
नारदेन,1
नारदो,1
नारदोऽनात्मवित्त्वात्,1
नारसिंहमतः,1
नाराचानां,1
नारायणं,1
नारायणः,1
नारायणप्रसादः,1
नारायणमिदं,1
नारायणस्य,1
नारायणो,1
नारायणोऽहं,1
नाराश॒,1
नारिकीलेन,1
नारीणां,1
नारीषु,1
नार्चयन्ति,1
नार्थं,1
नार्यः,1
नार्याः,1
नार्हत्त्वे,1
नार्हन्ति,1
नालमसमर्थ,1
नावं॒,1
नावमन्यन्ते,1
नावारु॑न्धत॒,1
नाविपक्वेषु,1
नावेव,1
नाव्यवस्था,1
नाव्यापको,1
नाव॑,1
नाव॑रु॒न्द्धे,1
नाव॑श्चरन्ति,1
नाशं,1
नाशंसे,1
नाशङ्कत,1
नाशयतीत्यातिवाहिकः,1
नाशयेद्,1
नाशाय,1
नाशिता,1
नाशो,1
नाशौचं,1
नाश्यानपङ्कलिप्यमाननवभाण्डगतगण्डूषग्रहणमस्तुनि,1
नाषणल्,1
नासत्यश्‍चैव,1
नासन्,1
नासया,1
नाससाद,1
नासहिष्टेव,1
नासाग्रं,1
नासादिष्वपि,1
नासारन्ध्रादीनामपि,1
नासाशृङ्गाटकघ्राणविशोषणं,1
नासिका,1
नासीदतः,1
नास्तिकवागुदीरिता,1
नास्तिति,1
नास्तीति,1
नास्त्येतेन,1
नास्त्येवेतीण्निषेधे,1
नास्थिशेषोऽपि,1
नास्मा,1
नास्माभिरहङ्कारजत्वमेव,1
नास्माभिर्नैयायिकादिवज्जडरूप,1
नास्याप॑रूपमा॒त्मञ्जा॑यते,1
नास्यौजो॒,1
नास्य॒,1
नास॑त्या,1
नाहं,1
नाहेतुरुत्पद्यते,1
नाहो,1
नाह्ना,1
नाऽत्र,1
नाऽनेका,1
नाऽऽदित्यः,1
ना॑ना,1
ना॑म॒धेयं॒,1
ना॑म॒धेये॑न॒,1
ना॒डीम॒भि,1
ना॒धिस॑त्वः,1
ना॒नास॑मुत्था॒नाः,1
ना॒म,1
ना॒ष्ट्राभ्यः॑,1
ना॒स्ति,1
ना॒स्याक्षो॑,1
निःश्वस्य,1
निःसृतताम्बूलधूसराधरवारयोषिति,1
निःस्पृहः,1
निःस्पृहस्य,1
निऋति,1
निऋतिः,1
निऋतिर्मारणो,1
निकामम्,1
निकायैरुपेता,1
निकारः,1
निकारेति,1
निकारो,1
निकेतनम्,1
निक्षिपति,1
निक्षिपेत्,1
निक्षिप्ता,1
निक्षेपत्तत्र,1
निखिलानि,1
निखिलासु,1
निखिलेन,1
निगद,1
निगदव्याख्यानम्,1
निगद्यत,1
निगद्यते,1
निगमदव्याख्यानमेतत्,1
निगमयति,1
निगम्यत,1
निगव्याख्यानम्,1
निगीर्णौ,1
निगूढ,1
निगूढम्,1
निग्रहः,1
निघ्नतः,1
निघ्नितघ्राणवृत्ति,1
निचयं,1
निचारकं,1
निचितं,1
निचुलो,1
निजं,1
निजबोधरूपं,1
निजमुखात्तदा,1
निजयज्ञस्यरक्षार्थं,1
निजरसभरात्सारयति,1
निजवधूरूपं,1
निजशक्तिपातनात्,1
निजसदृशं,1
निजानुका,1
निजामशाहस्य,1
निजीयातुरालये,1
नितम्बबिम्बेषु,1
नितम्बिनि,1
नितम्बैर्,1
नित्य,1
नित्यचैतन्ययति,1
नित्यज्ञानत्वात्युपगमे,1
नित्यण्यन्तत्वे,1
नित्यतृप्तो,1
नित्यत्व,1
नित्यत्वम्,1
नित्यत्वव्यापकत्वादिश्रुतेर्विरोधः,1
नित्यत्वात्,1
नित्यत्वादस्य,1
नित्यत्वादिवदात्मनः,1
नित्यत्वान्नाशो,1
नित्यनिवृत्तनिमित्तस्वसिद्धविशुद्धानुभवानन्द,1
नित्यनुपदमेवोच्यते,1
नित्यप्रियकृतावासे,1
नित्यभक्तिमान्,1
नित्यमनन्यचेतसः,1
नित्यमनिरुद्धादिरूपकः,1
नित्यमलं,1
नित्यमलुप्तशक्तिः,1
नित्यमात्मरतो,1
नित्यमात्राधिकारित्वात्,1
नित्यमात्राधिकारित्वान्धेतोद्दीक्षा,1
नित्यमिन्द्रियैरप्यगोचरः,1
नित्यमेवं,1
नित्यमेवात्मनश्चेतनात्मत्वमङ्गीकर्तव्यं,1
नित्यरसायनम्,1
नित्यशुद्धविमुक्तोऽहं,1
नित्यश्च,1
नित्यस्यानित्यस्वभावत्वायोगात्,1
नित्याति,1
नित्यानित्ययोरेकस्वभावत्वम्,1
नित्यानुष्ठानेन,1
नित्या॒स्तेऽनुच॑रास्त॒व,1
नित्ये,1
नित्येति,1
नित्योद्यतो,1
नित्योऽनुभूयते,1
निदाघग्लपितां,1
निदाघे,1
निदानप्रवर्तकमित्यर्थः,1
निदानोक्तानि,1
निद्रां,1
निद्राणविपश्चिति,1
निद्रामलभत,1
निद्राशून्यत्वात्,1
निधत्तां,1
निधनं,1
निधनः,1
निधनत्र्यक्षरं,1
निधनोद्भवः,1
निधयेऽर्थिनाम्,1
निधापयेत्,1
निधायैव,1
निधिकुम्भवदुन्न्तं,1
निधिनि,1
निधीशाद्या,1
निधीशो,1
निन्दकश्चैव,1
निन्दिताम्,1
निपको,1
निपतत्सु,1
निपतद्भिः,1
निपतद्भिर्गजै,1
निपतन्तित,1
निपतितास्मि,1
निपत्य,1
निपातयिष्यसे,1
निपाताश्च,1
निपाति,1
निपातो,1
निपातोपि,1
निपा॒दाः,1
निपीयातिपानमदविह्वलोच्चैस्तरां,1
निपुणानि,1
निपेतुश्च,1
निबिड,1
निबिडदुकूलपट्टनिपीडितकेशान्तकथ्यमानकष्टवेदनानुबन्धं,1
निभृतसञ्ज्ञानिर्दिश्यमानसकलकर्मणि,1
निभ्य,1
निमज्जयति,1
निमन्त्रणं,1
निमन्त्रणम्,1
निमित्ततां,1
निमित्तफलसद्भावभावाभावविवर्जिता,1
निमित्तमाशङ्कते,1
निमित्तम्,1
निमित्तानि,1
निमित्तानुपूर्व्याच्,1
निमिन्धरो,1
निमिलनं,1
निमील्यनयने,1
निमेषणेनैव,1
निमेषद्वययुतं,1
निमेषपूर्वो,1
निमेषाभ्यान्तरे,1
निमेषास्तु॑टिभिः॒,1
निम्नं,1
निम्नतं,1
निम्नता,1
निम्ना,1
निम्बवासकाः,1
नियक्यादि,1
नियतत्वमाह,1
नियतत्वात्,1
नियतयामचतुष्टयमम्लके,1
नियतविषयत्वे,1
नियतार्थ,1
नियतिः,1
नियतितत्वाधिपाय,1
नियतितत्वाय,1
नियतिमाप्ये,1
नियतिर्नाम,1
नियतौ,1
नियत्यधिपत्वमस्य,1
नियत्यधिपाय,1
नियत्या,1
नियत्यादिषु,1
नियत्यै,1
नियन्त्रण,1
नियन्त्रणातीतं,1
नियन्त्रणाधीतं,1
नियन्त्रितानि,1
नियमनं,1
नियमयथ,1
नियमस्य,1
नियमाच्चैवमृक्षमार्गो,1
नियमादसिद्धादेव,1
नियमानां,1
नियमानि,1
नियमानुसारं,1
नियमान्मत्परः,1
नियमास्तथा,1
नियमिततया,1
नियमोपदेशप्रमुखः,1
नियमोऽक्षाणां,1
नियसभाम्,1
नियामकत्वमस्तीति,1
नियामकमिष्यत,1
नियामकम्,1
नियामकाय,1
नियिजकमण्डलानि,1
नियुञ्जीयात्,1
नियुद्भिर्वायविह,1
नियुयुजे,1
नियोगाद्भूमिवासिनः,1
नियोगे,1
नियोजितः,1
नियोज्यत्वं,1
निरंशे,1
निरङ्कुशत्वादिति,1
निरङ्कुशम्,1
निरञ्जनम्,1
निरञ्जना,1
निरञ्जनाश्च,1
निरञ्जनास्तु,1
निरतस्य,1
निरधारेति,1
निरधिकरण,1
निरधिकरणदीक्षयैव,1
निरपत्रपः,1
निरपराधान्,1
निरपेक्षः,1
निरपेक्षण,1
निरपेक्षेति,1
निरभिद्यत,1
निरयस्थम्,1
निरयादिस्तु,1
निरर्थकत्वात्,1
निरर्बुदानि,1
निरव॒दाया॑नृ॒णः,1
निरसनं,1
निरस्तं,1
निरस्तमायागुणसम्प्रवाहम्,1
निरस्तमाये,1
निरस्य,1
निरस्यति,1
निरहङ्काराः,1
निराकरणार्थं,1
निराकाङ्क्षं,1
निराकृतमित्याह,1
निराकृतोऽयं,1
निराधारः,1
निराधारमनुग्रहमुक्त्वा,1
निराधारस,1
निराधारा,1
निराधाराह्व्यान्येषा,1
निराधारोध,1
निरापदः,1
निरालम्बं,1
निरावरणत्वेन,1
निराशापूर्णः,1
निराशामजनयत्,1
निराश्रये,1
निरीक्षण,1
निरीक्षणानि,1
निरीक्षणाय,1
निरीक्षस्व,1
निरीक्षितानि,1
निरुच्यन्ते,1
निरुद्धव्यापारा,1
निरुध्यते,1
निरुपयितु,1
निरु्नत्वा,1
निरु॑त्त॒मन्धा॒तारं॑,1
निरु॑प्त,1
निरु॒प्यन्ते॒,1
निरूपयितुं,1
निरूपयितुम्,1
निरूपितं,1
निरूपितः,1
निरूपितम्,1
निरूपितस्तदपि,1
निरूह्य,1
निरोधं,1
निरोधकम्,1
निरोधतः,1
निरोधनम्,1
निरोधयेदिति,1
निरोधयेदितित्वदन्ति,1
निरोधात्,1
निरोधिकाः,1
निर्ऋतिर्मृत्योः,1
निर्गच्छति,1
निर्गच्छन्ति,1
निर्गताः,1
निर्गतौ,1
निर्गमाज्जननं,1
निर्गमिष्यति,1
निर्गीर्णमिव,1
निर्गुणञ्च,1
निर्गुण्ड्या,1
निर्घोषैः,1
निर्घ्न॑न्त्युन्द॒तीर्बलं॑,1
निर्घ्न॑न्त्य॒ग्निर्वै,1
निर्जगन्वान्तमसि,1
निर्जलीकरणेन,1
निर्झराणां,1
निर्झरानित्यर्थः,1
निर्णयं,1
निर्णिजे,1
निर्णीतम्,1
निर्दयस्त्वभवत्तदा,1
निर्दहन्,1
निर्देशक,1
निर्देशमाश्रित्य,1
निर्देशो,1
निर्द्वन्द्वा,1
निर्धूतपापा,1
निर्धूयोक्ता,1
निर्पेक्षाणोः,1
निर्बीजदीक्षायां,1
निर्बीजाख्येति,1
निर्बीजिकाया,1
निर्बीजैव,1
निर्भुजमूलत्वात्,1
निर्भ॑क्ता,1
निर्ममो,1
निर्मल,1
निर्मलं,1
निर्मलत्वं,1
निर्मलत्वात्,1
निर्मलत्वेनाविवेकायोगात्,1
निर्मलस्य,1
निर्मलानां,1
निर्मलानामजिह्मानां,1
निर्मलो,1
निर्माणं,1
निर्माणकार्यं,1
निर्माणकार्यकर्तारः,1
निर्माणपूर्णतायै,1
निर्माणाय,1
निर्माणे,1
निर्माति,1
निर्मापितवान्,1
निर्मापितानि,1
निर्माला,1
निर्मितं,1
निर्मिते,1
निर्मितेः,1
निर्मितेन,1
निर्मि॑मीते॒,1
निर्यदीं,1
निर्यातः,1
निर्यास्यति,1
निर्वत्यमानिना,1
निर्वमेत्तु,1
निर्वर्तयाम्,1
निर्वाचनं,1
निर्वाचनमण्डलस्य,1
निर्वाचनायोगस्य,1
निर्वाचने,1
निर्वाणं,1
निर्वाणजीवत्वं,1
निर्वाणत्वमेव,1
निर्वाणदासद्यो,1
निर्वाणदीक्षाङ्गत्वा,1
निर्वाणदीक्षापि,1
निर्वाणदीक्षायां,1
निर्वाणदीक्षासौलौकिकी,1
निर्वाणदेति,1
निर्वाणद्वयबीजायेभय्त्र,1
निर्वाणद्वयस्य,1
निर्वाणद्वैविध्यम्,1
निर्वाणनिदानं,1
निर्वाणपारे,1
निर्वाणप्राप्त्यनन्तरमन्यदार्शनिकधर्म,1
निर्वाणमिति,1
निर्वाणाभिधान,1
निर्वासनःस्फूर्तिमात्रो,1
निर्वाह,1
निर्वाहः,1
निर्वाहारय,1
निर्वाह्य,1
निर्विकल्पावस्थया,1
निर्विकारं,1
निर्विकारः,1
निर्विघ्नेन,1
निर्वृत्तिरानन्दः,1
निर्वृत्या,1
निर्वेदो,1
निर्वैरस्य,1
निर्वैराणां,1
निर्व॑धि॒ष्टेत्या॑है॒तदे॒व,1
निर्व॑धी॒रिति॑,1
निर्व॑धी॒रित्या॒शिष॑मे॒वैतामा,1
निर्व॑पतीन्द्रासो॒मीय॒मेका॑दशकपाल,1
निर्व॑पत्यैन्द्रापौ॒ष्णं,1
निर्व॑पत्यैन्द्रावैष्ण॒वमेका॑दशकपालं,1
निर्व॑पेत्प्र॒जाका॑म॒श्छन्दा,1
निर्व॑पेत्प॒शुका॑म॒श्छन्दा,1
निर्व॑पेदीजा॒नश्छन्दा,1
निर्व॑पेद॒ग्निः,1
निर्व॑पेद॒ष्टौ,1
निर्व॑पे॒ज्ज्योगा॑मयावी॒,1
निर्व॑पे॒त्तथै॑नं॒,1
निर्व॑पे॒त्तथो॑,1
निर्व॑पे॒द्ग्राम॑काम॒श्छन्दा,1
निर्व॑पे॒द्यम्मे॒धा,1
निर्व॑प॒तीन्द्रा॑या,1
निर्व॑प॒त्यनु॑मत्यै,1
निर्हृतैः,1
निर्हेतुकत्वानमुक्तस्यापि,1
निर्हेतुकस्य,1
निर्हेतुके,1
निर्हेतुको,1
निर्‌ऋत्या॑,1
निर्‌ऋ॒ति,1
निर॑क्रीणा॒त्तस्मा॒दप्य॑न्यदेव॒त्या॑मा॒लभ॑मान,1
निर॑भज॒थ्स,1
निर॑भाक्ष॒मित्य॑ब्रवी॒दङ्गि॑रस,1
निर॑भा॒गिति॒,1
निर॑मन्थत,1
निर॑वप॒त्तेनै॒वैना॑म॒ग्नेरधि॒,1
निर॑विन्दन्न्,1
निर॑स्तं॒,1
निर॒ष्टौ,1
निवर्तथ,1
निवर्तयति,1
निवर्तयित्वा,1
निवर्त्यत्वमेव,1
निवर्त्यम्,1
निवसितं,1
निवारणाय,1
निवारणीयम्,1
निवारणे,1
निवारयितुं,1
निवारितः,1
निवारितम्,1
निवार्य,1
निवार्यते,1
निवासं,1
निवासस्य,1
निवासिनः,1
निविष्टां,1
निवि॒शते,1
निवृत्तन्यायाधिपः,1
निवृत्तम्,1
निवृत्तये,1
निवृत्तस्य,1
निवृत्ता,1
निवृत्तानां,1
निवृत्तिकलावर्ति,1
निवृत्तिमान्,1
निवृत्तिरिति,1
निवृत्तिरेव,1
निवृत्तिवत्क्रियते,1
निवृत्तेस्तत्,1
निवृत्यादिन्यतीतायां,1
निवृत्यादीनां,1
निवृत्याद्यास्तु,1
निवेदितवान्ऽ,1
निवेद्यमानदारुणसन्निपातारम्भम्,1
निवेद्याग्रे,1
निवेशनम्,1
निवेशार्थ्यखिलां,1
निवे॒शय॑न्न॒मृत॒म्मर्त्यं॑,1
निव्रणं,1
निशा,1
निशाद्वयम्,1
निशामय,1
निशाम्य,1
निशायाः,1
निशासाम्यमुपपादयति,1
निशि,1
निशितं,1
निशीथसमये,1
निशुल्कं,1
निश्चक्रं,1
निश्चक्रमुर्देवा,1
निश्चक्राम,1
निश्चप्रचमेव,1
निश्चयं,1
निश्चयः,1
निश्चयात्मकत्वात्,1
निश्चयात्मासावणोः,1
निश्चयानङ्गीकार,1
निश्चयार्थत्वात्,1
निश्चयोऽयं,1
निश्चितः,1
निश्चितमासीत्,1
निश्चितसमये,1
निश्चितास्तत्र,1
निश्चित्या,1
निश्चित्येत्यनन्तरं,1
निश्चित्येत्यर्थः,1
निश्चिनोतीति,1
निश्चीयते,1
निश्चीयेत,1
निश्चीरां,1
निश्चेष्यतीति,1
निश्चेष्यतीत्यत,1
निश्रेयसं,1
निश्रेयसकारणत्वात्,1
निश्रेया,1
निश्वसितैरेव,1
निश्वासपरम्परामुद्वहन्तम्,1
निषङ्गिण,1
निषङ्गिणे,1
निषङ्गिन्नुपस्पृश,1
निषङ्गिभ्यः,1
निषद्य,1
निषिच्य,1
निषिद्ध,1
निषिद्ध्यते,1
निषेवन्ते,1
निषेवेत,1
निष्कमितं,1
निष्कलत्वाच्चेतनत्वाच्चात्मनः,1
निष्कलम्,1
निष्कलात्मनि,1
निष्कलान्,1
निष्कलैव,1
निष्कल्मषोऽयं,1
निष्कासनं,1
निष्कासयन्,1
निष्कासितवान्,1
निष्कासिताः,1
निष्कृतिर्दृष्टा,1
निष्कृतिवर्धनादेशे,1
निष्कृष्टं,1
निष्कृष्टोर्थः,1
निष्क्रमिष्यन्ते,1
निष्क्रम्यताम्,1
निष्क्रम्यावसथं,1
निष्क्रान्तं,1
निष्क्रान्ताः,1
निष्क्रियः,1
निष्क्री॑तो॒,1
निष्ठा,1
निष्ठापूर्वकं,1
निष्ठामात्मना,1
निष्ठाम्,1
निष्ठायामिण्निषेधो,1
निष्ठितम्,1
निष्ठीविका,1
निष्ठी॑वेत्,1
निष्पत्तिं,1
निष्पत्तौ,1
निष्पन्दं,1
निष्पादितेति,1
निष्पाद्यते,1
निष्पेतुस्तस्य,1
निष्प्रतिबन्धमानुकूल्यानु,1
निष्फलत्वं,1
निष्फलमित्याहुर्विहीनं,1
निस्त्रिंशभृता,1
निस्थाने,1
निस्वनः,1
निस्सीमं,1
निहत्येन्द्रः,1
निहन्त्येव,1
निहरु,1
निहित,1
निहिता,1
निहि॑तास,1
नि॑बोधत,1
नि॑वर्तन,1
नि॑षि॒ञ्चन्नसु॑रः,1
नि॒ग्रा॒भ्याः,1
नि॒घृष्वै॑रस॒मायु॑तैः,1
नि॒जङ्घ,1
नि॒जह॑न्,1
नि॒जानु॑काम्,1
नि॒धनं॒,1
नि॒धानौ,1
नि॒ध॒न्वेव॒,1
नि॒पद्य॒,1
नि॒युतो॑,1
नि॒रक्री॑णा॒त्तस्मा,1
नि॒रया॑चथा॒स्तं,1
नि॒रुप्य॑,1
नि॒र्णिगनु॑,1
नि॒र्णिगिति॑निः॒ऽनिक्,1
नि॒र्याच्या॒भि,1
नि॒र्वपे॑दीश्व॒रा,1
नि॒वर्त॑ते,1
नि॒वेश॑नी,1
नि॒व॑र्तते,1
नि॒ष्क्रीया,1
नि॒हने,1
नि॒हारं॑,1
नि॒हारम्,1
नि॒हार॒मिन्नि,1
निॠत्याद्यास्तु,1
नीचांशकसमन्वितः,1
नीतं,1
नीतः,1
नीतम्,1
नीतव्यं,1
नीतां,1
नीताः,1
नीति,1
नीतिः,1
नीतिर्,1
नीतिशास्त्रविचक्षणाः,1
नीत्वा,1
नीयमानमवैक्षत,1
नीय॑ते,1
नीरा,1
नीराज्यमानमिव,1
नीरो॒हो॑,1
नील,1
नीलं॒,1
नीलकण्ठस्य,1
नीलकण्ठाय,1
नीलछत्रावतंसा,1
नीलपक्ष्माण,1
नीलपीतलोहितावदाताः,1
नीलभासाय,1
नीलांबुजद्वयं,1
नीलादीन्क्रमशस्तथा,1
नीलाम्बुजश्यामलकोमलाङ्गं,1
नीलार्चिश्च,1
नीलिमा,1
नील॑मस्य॒,1
नीहा॒रः,1
नीहा॒रश्च॑,1
नी॑निम॒,1
नी॑यते॒,1
नुन्नानां,1
नु॑,1
नु॒द्यमा॑नः,1
नूतनचित्रं,1
नूतनधर्मे,1
नूतननिर्णयः,1
नूतनपदक्षेपः,1
नूतनमिदं,1
नूतनम्,1
नूतनया,1
नूतना,1
नूतनाध्यक्षत्वेन,1
नूतनोद्योगं,1
नूतनोपग्रहचित्राणि,1
नूत॑नाः,1
नूत॑नासु॒,1
नूपुरारावमुखर,1
नूपूरे,1
नू॒नं,1
नृ,1
नृणाम्,1
नृत्तमूर्त्यादि,1
नृत्यतो,1
नृत्यन्तः,1
नृत्यन्ति,1
नृपं,1
नृपः,1
नृपतनयौ,1
नृपतयश्,1
नृपतिः,1
नृपतिर्यथा,1
नृपतीन्राजसत्तमः,1
नृपतेर्,1
नृपमिन्द्रिसखं,1
नृपश्रेष्ठः,1
नृपसत्तम,1
नृपार्थवत्,1
नृपार्हसि,1
नृपा॒त्वर्यः॑,1
नृपोद्भवं,1
नृभिः॑,1
नृभ्यो॒,1
नृमणामथ॑द्रामि॒ति,1
नृयुग्मसंख्यो,1
नृश्रनुग्रहोन्मुखी,1
नृसिंहप्रसादग्रन्थं,1
नृसिंहप्रसादग्रन्थे,1
नृसिंहस्तवं,1
नृ॒चक्ष॑सं,1
नृ॒वथ्स॑खा॒,1
नृ॒षद्व॑र॒सदृ॑त॒सद्व्यो॑म॒सद॒ब्जा,1
नृ॒ऽपाय्य॑म्,1
नॄ,1
ने,1
नेकः,1
नेक्षेद्विप्रं,1
नेङ्गयन्ति,1
नेच्छन्ति,1
नेच्छसि,1
नेच्छाघदितमिति,1
नेतव्यमित्यर्थः,1
नेतिकाप्रमायद्युभावपि,1
नेतृजनैः,1
नेतृत्वे,1
नेत्यर्थः,1
नेत्यर्थान्तरमेतत्,1
नेत्याह,1
नेत्य॑ब्रवीत्,1
नेत्रपर्यन्ता,1
नेत्रमष्टाक्षरं,1
नेत्रमस्त्रं,1
नेत्रसञ्चुम्वनं,1
नेत्रे,1
नेदिष्ठसलिलमणिकुट्टिमादर्शोदरेषु,1
नेदिष्ठाभिः,1
नेद्वज्रेणाज्येन,1
नेनपिन,1
नेन्द्रियप्रीतिनिमित्तम्,1
नेपाल,1
नेपालयोः,1
नेपाले,1
नेमं,1
नेमिकुमारस्य,1
नेमितुम्बारम्,1
नेवं,1
नेष्टः,1
नेष्टापो॒तृभ्या॒,1
नेष्यामि,1
नेष्वा,1
नेहप्रतयन्ते,1
नेहरूस्मारक,1
ने॑नीयेर॒न्,1
ने॒मिश्च॒क्रमि॑वाभवत्,1
नैकधा,1
नैके,1
नैको,1
नैतद्रत्नमयो,1
नैतमृषिं,1
नैतयो,1
नैतानि,1
नैतावताऽलमिति,1
नैति॒,1
नैत्यास्त॑,1
नैन,1
नैनम्,1
नैनो,1
नैन॒म,1
नैमित्तानधिकारिणी,1
नैमित्तिका,1
नैमित्तिकाख्य,1
नैमित्तिकाद्यधिकाररहितैव,1
नैमित्तिकानुपूर्व्ये,1
नैमित्तिकाम्य,1
नैमित्तिके,1
नैमिषं,1
नैमीशः,1
नैयायिक,1
नैयायिकप्रवरः,1
नैयायिकमतमनूद्य,1
नैयायिकादयः,1
नैयायिकादयस्ते,1
नैयायिकादयो,1
नैयायिकाद्यभ्युपगतवन्नित्यो,1
नैय॑ग्रोध॒,1
नैर्,1
नैवातिवाहिकः,1
नैवाधिगच्छामि,1
नैवानिरूपणात्,1
नैवापनोद्यते,1
नैवापयाति,1
नैवाभूमा,1
नैवास्ति,1
नैवास्तीति,1
नैवा॒रं,1
नैवेत्यर्थः,1
नैवेदं,1
नैवेद्य,1
नैवेद्यैर्विविधैः,1
नैवोपपादनम्,1
नैशाकरं,1
नैशेष्वाहारजातेषु,1
नैषां,1
नैषामानन्त्यं,1
नैष्कर्म्यं,1
नैसर्गिकं,1
नोक्तम्,1
नोक्तैः,1
नोचितम्,1
नोचिताः,1
नोत्तरम्,1
नोत्तानगाया,1
नोत्पत्तिर्युक्ता,1
नोत्पद्यन्ते,1
नोत्सृजति,1
नोत्सेकं,1
नोद्विजेत्,1
नोद॒कस्या॒घातु॑का॒न्येन॑,1
नोपपद्यत,1
नोपपद्यता,1
नोपपन्नं,1
नोपशेरते,1
नोप॒नमे,1
नोभिच्छायमत्येष्यग्निं,1
नोर्मयो॒,1
नोवा,1
नोहते,1
नो॑नाव,1
नो॒दुश्शंसः॑,1
नौका,1
नौकायानम्,1
नौमि,1
नौर्भवति,1
न्क्व्,1
न्गृही॒त्वा,1
न्गृह्णी॒यात्तानु॑पा॒,1
न्चित्,1
न्त,1
न्तरि॑क्षे॒,1
न्ता॒,1
न्तु,1
न्तृतीयसवन,1
न्ते,1
न्तेवा॒सिनौ,1
न्तोऽव्यक्त,1
न्त्रयस्त्रिंश,1
न्त्रिणवं,1
न्त्र्यकारादि,1
न्थ्स॒प्त,1
न्दधा॒त्युद्ध॑रति,1
न्दिवः,1
न्दि॒वो,1
न्दी॒र्घो,1
न्दुकरैर्,1
न्द्रवाय॒वमा॒दाया॑घा॒रमा,1
न्द्रा॒ग्नमेका॑दशकपालमै॒न्द्रं,1
न्द्रा॒हमु॑त्त॒मश्चे॒तया॑नि,1
न्द्रिया॒णि,1
न्धु॒क,1
न्पु॒त्रो,1
न्प्रदा॒व्ये॑,1
न्प्रीणाति,1
न्भवति,1
न्मा॒,1
न्मुख॒तो,1
न्मुञ्च॒त्व,1
न्यञ्ज॒लिका,1
न्यञ्ज॒लिकाम्,1
न्यद्भावं,1
न्यपतद्व्यसुः,1
न्ययस्तव्याश्चेति,1
न्ययुङ्क्तोऽभवत्,1
न्यवर्तन्तायुधेभ्यो,1
न्यवेदनं,1
न्यवेदयत्तस्य,1
न्यसेत्कुम्भे,1
न्यस्तम्,1
न्यस्तव्याः,1
न्यस्त्वा,1
न्यस्यन्ते॑,1
न्याः,1
न्यादित्यात्,1
न्यानृ॒हुः,1
न्यायः,1
न्यायपीठस्य,1
न्यायभाष्यस्य,1
न्यायभाष्योपरि,1
न्यायलहरी,1
न्यायवात्तिककारः,1
न्यायवादी,1
न्यायसूत्रोपरि,1
न्यायात्,1
न्यायाधीशश्रेष्ठ,1
न्यायाधीशस्य,1
न्यायार्जितसुवित्तेन,1
न्यायेनातिप्रयतसाध्यस्येव,1
न्यायेनान्योन्यसम्पृक्ता,1
न्यायो,1
न्याय्या,1
न्याय्यो,1
न्यावे॒शय॑न्ती,1
न्याशनल्,1
न्यास,1
न्यासं,1
न्यासः,1
न्यासमस्तदन्तमस्थानमपरं,1
न्यासितश्,1
न्यासिनां,1
न्यासेदित्युक्तम्,1
न्या॒दृङ्,1
न्युमोणिया,1
न्यूनतया,1
न्यूनता,1
न्यूनमधिकमिति,1
न्यूनवर्षायाः,1
न्यूनशून्यत्वाच्छक्षमात्माधि,1
न्यूनसम्बन्धाद्वाकुलत्वं,1
न्यूनस्य,1
न्यूना,1
न्यूनातिन्यूनं,1
न्यूनीकरणप्रक्रिया,1
न्यूनीकरणम्,1
न्यूनीकर्तुं,1
न्यूनीकृत्य,1
न्यूस्,1
न्यैन्द्रि॒या,1
न्यो॑ष,1
न्य॑क्तः,1
न्य॑ञ्च,1
न्य॒ष्टपु॑त्रम्,1
न्रु॒द्राना॑दि॒त्यानि॒ह,1
न्वग्रे॒,1
न्वा,1
न॑क्षत्रे॒भ्यः,1
न॑म॒स्य॑,1
न॑यन्ति,1
न॑य॒,1
न॑य॒न्त्यन्वना,1
न॑र्यापा॒श्च,1
न॑व॒मः,1
न॑स्तो॒के,1
न॒खनि॑र्भिन्नं,1
न॒दीना॑म्,1
न॒दीव॒,1
न॒भ॒स॒स्प॒त॒,1
न॒म॒न्ति॒,1
न॒ये॒दैभ्यो॑,1
न॒वभि॑रस्तुवत,1
न॒ष्टमा,1
न॒स्तने॑,1
न॒स्तस्मा॒देन॑सः,1
न॒स्तस्मा॒देन॑सो,1
न॒स्तां,1
न॒स्ताभ्या,1
पंकः,1
पंचतां,1
पंचानां,1
पकमुपहन्ति,1
पक्तिः,1
पक्वं,1
पक्वमलानां,1
पक्वमलापक्वमल,1
पक्वमलाविद्येशपदयोगिनः,1
पक्ष,1
पक्षधर्म,1
पक्षधर्मवचनन्न,1
पक्षधर्मवचनस्यापीति,1
पक्षधर्मसद्भावेप्यगमकत्वात्,1
पक्षधर्मादिवचनवत्,1
पक्षवृत्तिलिङ्गनिष्ठतयेत्यर्थ,1
पक्षस्य,1
पक्षान्तरं,1
पक्षिकर्मभिराचित्रां,1
पक्षिजन्तुसमन्वितम्,1
पक्षिजातिविशेषः,1
पक्षिणः,1
पक्षीकृतत्वाच्च,1
पक्षोऽस्माभिः,1
पक्ष्मसूत्रलक्षणमाह,1
पङ्क्तिमानवः,1
पङ्क्तिराधस,1
पचतीति,1
पचतीत्यस्याग्न्यादिभिस्तण्डुलान्,1
पचेत्पक्वं,1
पचेदेत्गव्यक्षीरेण,1
पच्यत,1
पच्यते,1
पच्यन्ते,1
पच्यस्व,1
पच्यस्व॒,1
पच्य॒स्वेन्द्रा॑य,1
पञ्चः,1
पञ्चकञ्चुकात्मना,1
पञ्चकरा,1
पञ्चकर्णो॑,1
पञ्चकर्मकृत,1
पञ्चकर्मकृतो,1
पञ्चकलावर्ति,1
पञ्चकलासु,1
पञ्चकारणेश्वरा,1
पञ्चक्रमेण,1
पञ्चगव्याद्यै,1
पञ्चज्ञानान्युत्पद्यन्ते,1
पञ्चज्ञानोत्पत्तिर्दृश्यते,1
पञ्चतदीश्वराः,1
पञ्चतन्मात्रमित्येतत्प्रकृत्याद्यष्टकं,1
पञ्चत्वमापन्ने,1
पञ्चत्वसंख्याविशिष्टान्प्राणापानव्यानोदानसमानांस्चैकत्वे,1
पञ्चदश,1
पञ्चदशं,1
पञ्चदशी,1
पञ्चदशीं,1
पञ्चदशे,1
पञ्चदुर्गा,1
पञ्चद्रव्ययुतेन,1
पञ्चद॒शः,1
पञ्चद॒शेन॒,1
पञ्चधात्रज्ञाः,1
पञ्चधावस्थितः,1
पञ्चधैवोदिता,1
पञ्चध्वनां,1
पञ्चनामपि,1
पञ्चनिगव्याख्यानमेतत्,1
पञ्चनियमा,1
पञ्चपक्षमाशृत्याः,1
पञ्चपक्षविषये,1
पञ्चपक्षे,1
पञ्चपक्षेपरोदीची,1
पञ्चपक्षेप्याह,1
पञ्चपञ्चात्वगर्भिताः,1
पञ्चपानीयता,1
पञ्चप्रकाश,1
पञ्चब्रह्मषडङ्गयुक्तं,1
पञ्चब्रह्मा,1
पञ्चभिरष्टकैः,1
पञ्चभिर्,1
पञ्चभिवर्गैस्तत्कारणेन,1
पञ्चभूतमनस्तत्व,1
पञ्चभूतानि,1
पञ्चमं,1
पञ्चमण्डलेन,1
पञ्चमम्,1
पञ्चमस्कन्धे,1
पञ्चमहाभूतगुणसमन्विता,1
पञ्चमूर्तयः,1
पञ्चमूर्तियाः,1
पञ्चमूर्तीनां,1
पञ्चमूर्तीशाः,1
पञ्चमूर्ध्नः,1
पञ्चमे,1
पञ्चमोऽध्यायः,1
पञ्चम्यपाङ्परिभिः,1
पञ्चरात्रं,1
पञ्चरात्रज्ञामन्यन्ते,1
पञ्चरात्रस्थितिः,1
पञ्चरूपो,1
पञ्चरेल्वेमार्गाः,1
पञ्चलक्षं,1
पञ्चवर्णकम्,1
पञ्चविंशोऽध्यायः,1
पञ्चविधं,1
पञ्चविषयत्वं,1
पञ्चशक्तयोमूर्तीशाः,1
पञ्चशिखं,1
पञ्चशिखः,1
पञ्चशिखाचार्येण,1
पञ्चषट्कमथैककम्,1
पञ्चसु,1
पञ्चस्तरीयं,1
पञ्चाकैकवीरौ,1
पञ्चाक्षरं,1
पञ्चाक्षरम्,1
पञ्चाक्षरेण,1
पञ्चाग्निसाधका,1
पञ्चाङ्कपीठेन,1
पञ्चाङ्ग,1
पञ्चाङ्गानां,1
पञ्चाङ्गानुसारं,1
पञ्चाध्वकभिता,1
पञ्चाध्वगर्भितत्वमेव,1
पञ्चाननसुवक्त्रादिसप्तस्वररसासरा,1
पञ्चान्तकः,1
पञ्चापि,1
पञ्चाभिज्ञर्षिगणनया,1
पञ्चाभिज्ञानामृषीणामपर्यन्तः,1
पञ्चाशत्,1
पञ्चाशदिति,1
पञ्चाशन्नियुतैर्होमैर्द्वापरे,1
पञ्चाष्टकं,1
पञ्चाष्टकानि,1
पञ्चेन्द्रियाणि,1
पञ्चैते,1
पञ्चैव,1
पञ्चोपचारैर्वा,1
पञ्च॑कपालमुदवसा॒नीयं॒,1
पञ्च॑पदी॒,1
पञ्च॑षष्टिः,1
पञ्च॒,1
पञ्च॒चित॑य॒,1
पञ्च॒जनाः,1
पञ्जीकरणं,1
पट,1
पटरः॑,1
पटरस्य,1
पटलस्य,1
पटादिज्ञानानामध्यवसायरूपाणामवैतत्यमव्यापकत्वं,1
पटादिबोधावैतत्यादात्मनो,1
पटुपाटलशर्करामोदमुचि,1
पटे,1
पट्टाम्बि,1
पट्टिकायां,1
पट्टैर्,1
पठति,1
पठतेऽध्यायं,1
पठनादस्य,1
पठन्तः,1
पठन्तिति,1
पठन्वै,1
पठितः,1
पठितम्,1
पठितसिद्धा,1
पठिताः,1
पठितास्ते,1
पठितुम्,1
पठित्वा,1
पठेत्,1
पठेत्तावद्यावत्तृप्तिः,1
पठेत्सततं,1
पठेद्यदीच्छेद्भवबन्धमुक्तिम्,1
पठेद्वार्थं,1
पठेन्नित्यं,1
पढे,1
पणयस्तं,1
पण्डित,1
पण्डितरत्नं,1
पण्डितविज्ञवेदितं,1
पण्डितशब्दस्तु,1
पण्डितान्,1
पण्डितोऽयं,1
पतङ्गपतङ्गवै,1
पतङ्गस्य,1
पतञ्जलिश्च,1
पतञ्जलेः,1
पततां,1
पतति,1
पतत्यपि,1
पतनेऽपि,1
पतन्त्यापः,1
पतन्त्रियन्त्रविस्फुरितम्,1
पतयस्त,1
पतयस्सुराः,1
पतिः॑,1
पतिः॒,1
पतितं,1
पतितसम्भाषणात्पूतो,1
पतितस्तु,1
पतिता,1
पतितानां,1
पतिताया,1
पतितायां,1
पतितास्तत्र,1
पतितेति,1
पतित्वे,1
पतिपाशव्यावृत्तैः,1
पतिमव्यग्रं,1
पतिमव्ययम्,1
पतिमीश्वरम्,1
पतिव्रता,1
पतिष्यामि,1
पति॑रसि॒,1
पत्तुं,1
पत्त्राणि,1
पत्नी,1
पत्नीं,1
पत्नीः,1
पत्नीपुत्रात्मभृत्यैश्च,1
पत्नीसंयाजानां,1
पत्नीसंयाजेषु,1
पत्नी॒,1
पत्म॑न्नि॒ड,1
पत्या॑,1
पत्युर्नयादावित्यर्थः,1
पत्ये॑व,1
पत्रकम्,1
पत्रकारिताया,1
पत्रनवमं,1
पत्रमाध्यमकाराणां,1
पत्ररथाः,1
पत्रवाचकम्,1
पत्रवाय,1
पत्रान्तलग्नतुलिनाम्बु,1
पत्रिकाः,1
पत्रिकायाः,1
पत्रे,1
पत्वमस्य,1
पत्व॑ने॒,1
पत॑ये॒,1
पत॒ङ्गः,1
पत॒ङ्गैः,1
पथः,1
पथे,1
पथ्यं,1
पथ्यावितैव,1
पथ्याशनार्थे,1
पद,1
पदच्छेद,1
पदच्छेदमात्रेणैवार्थ,1
पदच्छेदस्तयोरैक्यद्योतनाय,1
पदजन्यत्त्वानवगाहिसङ्केतविषयतावृत्तित्वानुपगमात्,1
पदप्राप्त्युपायश्च,1
पदमञ्जरीकारस्तु,1
पदमिह,1
पदमीरितम्,1
पदमीशानमूर्धाय,1
पदवीं,1
पदसंघातः,1
पदस्य,1
पदाक्रान्तस्तया,1
पदातयः,1
पदातिभिः,1
पदातिभिरित्येके,1
पदादितः,1
पदादीनां,1
पदाधिपत्वमस्य,1
पदाधिपाय,1
पदाध्व,1
पदानामिष्टसाधन,1
पदानामेकविंशतिः,1
पदान्तरं,1
पदान्तरसंनिधानेन,1
पदान्तरसंनिधेर्वा,1
पदान्यक्षरै,1
पदान्यष्टाविंशतिः,1
पदान्यष्टौ,1
पदान्येवं,1
पदाभ्यां,1
पदाम्भोजमुपाश्रये,1
पदार्थः,1
पदार्थग्राहकत्वं,1
पदार्थशक्तयो,1
पदार्थानां,1
पदार्थेभ्यस्तद्वन्नार्थान्तरं,1
पदार्थेषु,1
पदावधि,1
पदाशक्यत्वे,1
पदा॒,1
पदिशन्ति,1
पदैरेवं,1
पदैर्मन्त्राः,1
पदैर्वाप्ताः,1
पद्धति,1
पद्धतिरनुसृत्य,1
पद्धत्या,1
पद्धत्यादिषु,1
पद्भ्यामुदरेण,1
पद्मकं,1
पद्मपङ्क्तिभिर्युक्तामित्यर्थः,1
पद्मपदास्थाप्य,1
पद्मपुष्पञ्च,1
पद्ममालाभिः,1
पद्मयोनिना,1
पद्मवदास्थितम्,1
पद्मवीणा,1
पद्मसन्निभम्,1
पद्माद्याकारहेतुत्वे,1
पद्मानि,1
पद्मावतीमुखा,1
पद्मासनस्थं,1
पद्मिनीभिश्,1
पद्मेति,1
पद्मोत्पल,1
पद्यं,1
पद्यते,1
पद्यादिभिश्च,1
पद॒वीः,1
पनाजि,1
पन्थां॒,1
पन्थामनु,1
पन्था॒मिति॑,1
पन्न,1
पन्नगम्,1
पन्नगाः,1
पपाठ,1
पपात,1
पपुः,1
पम्पातीरे,1
पयःपोषः,1
पयः॑,1
पयवधिपाय,1
पयसान्निधिः,1
पया,1
पयो,1
पयोक्त्रादि,1
पय॑सा,1
पय॑सि,1
पय॑से॒,1
पय॑स्वतीः,1
पय॑स्व॒त्यैतु॒,1
परं॒,1
परः॑,1
परञ्च,1
परतन्त्रतयेति,1
परतन्त्रता,1
परदारसमुद्भवात्,1
परदारेभ्य,1
परदारोद्भवा,1
परदोषानुदर्शनम्,1
परद्रव्यापहर्तारः,1
परद्रोहरताः,1
परधनपरदारेषु,1
परन्तप,1
परन्तपः,1
परपक्षसाधनदोषोद्भावनेन,1
परपर्यायामाह,1
परप्रणीतविषाग्निशस्त्रास्त्रं,1
परबलं,1
परभाष्यमित्यर्थः,1
परभूते,1
परम,1
परमकारणत्वादेवाऽस्या,1
परमकारणम्,1
परमज्ञानस्य,1
परमज्ञानस्यैव,1
परमज्ञानेनैव,1
परमतमाशङ्कते,1
परमतमुपन्यस्य,1
परमत्वं,1
परमदुःखार्ता,1
परमधर्मज्ञ,1
परमधर्मिष्ठः,1
परमनदितिः,1
परमपदत्वात्,1
परमपवितत्रे,1
परमपि,1
परमभागवतं,1
परममीश्वरेणापि,1
परममेयात्मा,1
परमम्,1
परमया,1
परमव्यवहितं,1
परमशिवनमस्कारः,1
परमशिवप्रणीतत्वेन,1
परमसंमता,1
परमहंसो,1
परमाण्विकाङ्कः,1
परमात्मं,1
परमात्मनः,1
परमादरेण,1
परमानन्दहर्षणे,1
परमार्थतः,1
परमार्थत्वात्,1
परमावधी,1
परमिका,1
परमिति,1
परमुक्तत्वं,1
परमुक्तेर्दीक्षाफलत्वेन,1
परमेकः,1
परमेकमाद्यं,1
परमेशवत्,1
परमेश्वर,1
परमेश्वरः,1
परमेश्वरपूर्वकम्,1
परमेश्वररूपस्य,1
परमेश्वरविषयता,1
परमेश्वराज्ञया,1
परमेश्वरे,1
परमेश्वरोऽसि,1
परमेष्ठिनः,1
परमेष्ठिन्,1
परमैश्वर्यादिदमुद्दिश्य,1
परमो,1
परमोक्षयेव,1
परमोक्सस्तदीक्षस्तु,1
परमोपादानं,1
परमोपादानत्वान्मायास्था,1
परम्पराभिभवेन,1
परम्परायाः,1
परम्परासु,1
परम्ब्रह्म,1
परम्ब्रह्मसनातनं,1
परयोपेतास्,1
परराजशेखरस्य,1
पररूपेणोत्पादे,1
परलोकविजयाय,1
परवर्तीकाले,1
परविद्यायां,1
परशिवत्वप्राप्ति,1
परशिवत्वप्राप्तिहेतुः,1
परशिवे,1
परशिवो,1
परशुं,1
परसंविदनुप्रवेशे,1
परस्ताद्विहितस्तथैव,1
परस्तान्निरुद्धस्तिष्ठँ,1
परस्तान्निरुध्यातिष्ठत्स,1
परस्त्रीनिरताः,1
परस्पर,1
परस्परपरिहारप्रतीतिं,1
परस्परमाहत्य,1
परस्परमिति,1
परस्परमुद्भवाभिभवाभ्यां,1
परस्परसम्बन्धाभावात्,1
परस्पराभिभवेनाश्रयान्मिथुनीभावाच्च,1
परस्परावियोगादेकमेव,1
परस्परावेशलक्षणं,1
परस्परोपकारेण,1
परस्मै,1
परस्मैपदेषु,1
परस्य,1
परस्याह,1
पराक्रमः,1
पराङेत्य॑ज्याम॒यी,1
पराङेत्य॑नाश॒की,1
पराङेवैत्यथैनं,1
पराङ्,1
पराचीमनु,1
पराजयः,1
पराजयति,1
पराजितः,1
परात्परं,1
परात्मतत्त्वम्,1
परात्मनस्त्वं,1
परात्मनि,1
परात्मा,1
परादिचतुष्टयस्यैव,1
पराधीनमाधिभिः,1
परापतेत्यन्तेन,1
परापरभवाद्द्विधा,1
परापरा,1
परापश्यन्तीमध्यमा,1
पराभवम्,1
पराभिप्रायः,1
पराभिप्रायमाह,1
परामर्शात्,1
पराय,1
परार्थप्रवृत्ता,1
परार्थविरोधी,1
परावतं,1
परावरत्,1
पराशक्तेरूर्ध्वं,1
पराशङ्कां,1
पराशरमाधवीय,1
पराशरसुतः,1
पराशरी,1
पराशरोक्तेः,1
परासुतया,1
परा॑चीभिः,1
परा॑पत॒थ्स,1
परा॑भवन्न्,1
परा॒ङा,1
परा॒ङ्गताः,1
परा॒चैः,1
परा॒नन्विति॑,1
परिकलितं,1
परिकीर्तितं,1
परिकीर्तितम्,1
परिकीर्तिताः,1
परिकीर्तितौ,1
परिकृतं,1
परिक्रयश्चेति,1
परिक्षिप्तं,1
परिगणनावेलायां,1
परिगणय्य,1
परिगणितानि,1
परिगृःणाति,1
परिगृहीत,1
परिगृह्णीयात्,1
परिग्राह्य,1
परिचयं,1
परिचारकाणामत्युष्णावयवस्पर्शभस्मीभूतोदरैरिव,1
परिचिन्वतां,1
परिच्छिन्न,1
परिच्छिन्नतया,1
परिच्छेद,1
परिच्युतौ,1
परिजनास्तस्यां,1
परिज्ञाजपूर्विका,1
परिज्ञानकौशलेन,1
परिज्ञानमात्रेणैवतरेषां,1
परिज्ञानस्यापि,1
परिज्ञानाभावे,1
परिज्ञानेनैव,1
परिज्ञेया,1
परिज्ञेयो,1
परिणतस्य,1
परिणतानां,1
परिणतामेष,1
परिणमत,1
परिणवर्तमानयोः,1
परिणाम,1
परिणामः,1
परिणामकाले,1
परिणामतः,1
परिणामप्रसङ्गः,1
परिणामभयात्,1
परिणाममेति,1
परिणामवशान्निरोधे,1
परिणामविशेषेण,1
परिणामहीनो,1
परिणामाख्यात्,1
परिणामादिदोषप्रसङ्गाच्च,1
परिणामाभ्युपगमे,1
परिणामिता,1
परिणामिताप्रसङ्गात्,1
परिणामित्वम्,1
परिणामित्वाचेतनत्वादिदोषप्रसङ्गः,1
परिणामित्वादिदोषप्रसङ्गात्,1
परितापभ्रमौ,1
परितुट्ठेण,1
परितुष्टेन,1
परित्यक्तुमात्मानं,1
परित्यक्त्वा,1
परित्यागो,1
परित्राणाय,1
परित्राणायेति,1
परिदृश्यमान,1
परिदृश्यमानपृथिव्यादिचतुर्भूतविकारसमाहारात्मकः,1
परिदृश्यमानप्रमाणमूलानि,1
परिदृश्यमानभोगभेदान्यथाऽनुपपत्त्या,1
परिदृश्यमानभोगवैचित्र्यान्यथानुपपत्त्या,1
परिदृश्यमानावान्तराकारभेदभिन्नं,1
परिद्रक्रियात्मकतनुः,1
परिधावन्तो,1
परिनिर्वृतानां,1
परिनोदितोऽहं,1
परिपक्वमलाः,1
परिपक्वमलात्,1
परिपक्वमलानेतानुत्सादनहेतु,1
परिपक्वमलाश्चेति,1
परिपक्वाश्च,1
परिपप्रच्छ,1
परिपश्यती॑ति,1
परिपाकवशाद्,1
परिपाचायितुं,1
परिपालितवती,1
परिपाल्या,1
परिपुष्यति,1
परिपूर्ण,1
परिपूर्णगुणाभोगगरिमोद्नार,1
परिपूर्णश्च,1
परिप्ल॒वेभ्यः॒,1
परिबाध,1
परिभवे,1
परिभाषारूपमाह,1
परिभाषितैः,1
परिभुंजिष्यामीति,1
परिभुवः,1
परिमार्जति,1
परिमार्जित्वाज्ज्ञबुद्ध्या,1
परिमितः,1
परिमुच्य,1
परिमृष्य,1
परियन्ति,1
परियोजना,1
परियोजनां,1
परियोजनायां,1
परिरक्षणाय,1
परिरक्ष्यमाणानां,1
परिवत्सरान्,1
परिवर्जयेत्,1
परिवर्तनं,1
परिवर्तनम्,1
परिवर्त्तनम्,1
परिवर्त्यनिश्चितः,1
परिवव्रुर्गुडाकेशं,1
परिवारं,1
परिवारितम्,1
परिवार्य,1
परिवाहितम्,1
परिवित्तान्नमेव,1
परिवृतो,1
परिवेत्तुस्तथा,1
परिवेशस्तथैव,1
परिव्रजेद्भिक्षुः,1
परिव्रज्य,1
परिव्राजकः,1
परिव्राट्,1
परिव्राण्णिर्म्ममो,1
परिव॑र्तमा॒नम्,1
परिशिवां,1
परिशिष्टाः,1
परिशुद्धस्वरूपं,1
परिशोधयितुं,1
परिश्छिन्नैश्वर्यादि,1
परिश्रुता,1
परिश्रुतां,1
परिष्कृताम्,1
परिष्वज,1
परिसङ्ख्ययाष्टाविंशतिः,1
परिसान्त्वितम्,1
परिसृत्य,1
परिस्थिताः,1
परिस्थिति,1
परिस्रवस्तु,1
परिहर्तुं,1
परिहापनात्,1
परिहारधनं,1
परिहारम्,1
परिहारोद्भावनाभ्यां,1
परिहार्य,1
परिहृतकवाटरटिते,1
परिहृत्य,1
परिहृदम्,1
परि॑चक्षीत,1
परि॑मितं॒,1
परि॑वृत्या॒ऽस्तः,1
परि॑ष्कृतः,1
परि॒चरेत्,1
परि॒धये॑,1
परि॒नृत्य॑त्या॒ददा॑ना,1
परि॒भूः,1
परि॒रक्ष॑तः,1
परि॒वाज॒मास॑ते,1
परि॒सूर्य॑स्य,1
परि॒स्रुत॒,1
परीक्षणशाला,1
परीक्षात्वं,1
परीक्षितो,1
परीक्षिन्,1
परीक्ष्य,1
परीतात्मा,1
परु॑षाः,1
परेच्छया,1
परेणापि,1
परेशेन,1
परेषामुपकारे,1
परेस्थिताः,1
परेऽध्यस्य,1
परे॑त,1
परैरपीष्यते,1
परैश्चेति,1
परोक्षज्ञानवचनः,1
परौ,1
पर्क्स्,1
पर्जन्यपतये,1
पर्जन्याः,1
पर्जन्याय,1
पर्जन्यो,1
पर्णानां,1
पर्णाम्बुफलाशिनीं,1
पर्ण॒त्वं,1
पर्थिवं,1
पर्यतोषयत्,1
पर्यतोषयम्,1
पर्यदिति,1
पर्यन्तसंस्थितसिताण्डजपङ्क्तिहाराः,1
पर्यन्ता,1
पर्यपालयत्,1
पर्यपृच्छत्कृताञ्जलिः,1
पर्यपृच्छन्नुपासीनाश्,1
पर्यवर्तत,1
पर्यवसानमस्ति,1
पर्यवसितमतयो,1
पर्यवसितम्,1
पर्यवस्यन्तीतिवक्ष्यमाणेतिपदेनान्वयः,1
पर्यवस्यन्तीत्येतदर्थसमर्थनपरत्वशब्दितमैदंपर्यं,1
पर्यवारयन्,1
पर्यस्तहस्तनखमयूखैर्धारागृहमिव,1
पर्याप्तप्रकाशस्य,1
पर्याप्तानि,1
पर्याप्तावित्याह,1
पर्याया,1
पर्या॒चर॑न्तम्,1
पर्युदासास्य,1
पर्युपासते,1
पर्युषितानां,1
पर्युसर्ॐतबीजमिव,1
पर्ये॑षिवि॒श्वतः॑,1
पर्य्यटेद्,1
पर्य्यायान्तरकथनमुपादानमिति,1
पर्य॑ग्नौ,1
पर्य॒न्तरि॑क्षा॒थ्स्वाहा॑कृत॒मिन्द्रा॑य॒,1
पर्वतः,1
पर्वतराज,1
पर्वतराजो,1
पर्वताः,1
पर्वतानपि,1
पर्वताश्च,1
पर्वतोऽग्निमानित्यत्र,1
पर्वस्वपि,1
पर्व॑तश्चि॒न्महि॑,1
पर्व॑तस्य,1
पर्व॑तानाम्म॒रुतो॑,1
पर्व॑ता॒दा,1
पर्शवः,1
पर॒शुर्नः॑,1
पलक्षकपदप्रयोग,1
पलब्धेराकाशैकगुणः,1
पलाण्डुः,1
पलाण्डुमूल्यस्य,1
पलाण्डोः,1
पलायिताः,1
पलाशकम्,1
पल्लवि,1
पल्लविता,1
पवत,1
पवनो,1
पवमानः,1
पवर्गं,1
पवर्गतृतीयोपधतया,1
पवस्वापा॒नाय॑,1
पवितुम्,1
पवित्रस्थाप्वाख्य,1
पवित्राणां,1
पवित्राष्टक,1
पवित्राष्टकमेव,1
पवित्रे,1
पवित्रोत्सवे,1
पवि॑त्राङ्गि॒रसः,1
पवीरवि,1
पवेथा॒,1
पव॑मना॒,1
पव॑मानस्य॒,1
पव॑मानानां॒,1
पव॑मानानामन्वारो॒हान्,1
पव॑मानानामन्वारो॒हास्तान्,1
पव॑मानाना॒न्त्रीणि॑,1
पव॑मानो॒,1
पशवस्सर्वकर्मसु,1
पशुं,1
पशुकाम,1
पशुतत्त्व,1
पशुत्वमपिं,1
पशुत्वमिति,1
पशुत्वमित्यर्थः,1
पशुत्वयोस्तेनस्तिमस्योरिव,1
पशुत्वसंयोगादिति,1
पशुत्वस्यापयनादि,1
पशुत्वस्यैवा,1
पशुत्वाती,1
पशुत्वादिति,1
पशुत्वाऽयोगात्,1
पशुत्वेप्यन्तर्भावः,1
पशुपतिः,1
पशुपतिश्चाग्रो,1
पशुपाशकलक्षणमपी,1
पशुबन्धेन,1
पशुभिश्च,1
पशुभि॑श्च,1
पशुमतिर्द्विजः,1
पशुमालभेत,1
पशुम्,1
पशुरात्मा,1
पशुरालभ्य,1
पशुरित्थं,1
पशुर्बद्धः,1
पशुलक्षणमुक्त्वा,1
पशुलक्षणवक्तुं,1
पशुशब्दं,1
पशुशब्दो,1
पशुषुमता,1
पशु॒मतः॒,1
पशु॒श्रप॑ण,1
पशूनामुद्भूतविविधस्वव्यापारा,1
पशून्पाति,1
पशू॒ना,1
पशू॒नामनि॑र्घाताय,1
पशोदर्शयति,1
पशोरदीक्षितस्य,1
पशोरविकल्पकमिति,1
पशोरिति,1
पशोसमयाः,1
पशोस्त्वेतानि,1
पशौ,1
पश्चाच्च,1
पश्चात्,1
पश्चात्तनत्वात्पश्चात्पालनीयमित्येतावत्,1
पश्चात्ताप,1
पश्चात्सीतान्वेषणमेव,1
पश्चात्सुग्रीवेण,1
पश्चादभिधास्यत,1
पश्चादभिव्यक्तिरुत्पद्यते,1
पश्चादिवचेदि,1
पश्चादृक्पादमन्त्रोच्चारणादि,1
पश्चाद्गङ्गां,1
पश्चाद्द्विजश्रेष्ठं,1
पश्चाद्भार्गवस्य,1
पश्चाद्भाव,1
पश्चाद्राज्ये,1
पश्चान्,1
पश्चान्नमस्कृत्य,1
पश्चाष्टक,1
पश्चा॒थ्सदः॑,1
पश्चिमदिशि,1
पश्चिममिति,1
पश्यकोयथेति,1
पश्यतः,1
पश्यतां,1
पश्यतो,1
पश्यन्,1
पश्यन्तिमुक्तिस्थानानि,1
पश्यन्तीति,1
पश्याद्य,1
पश्यामः,1
पश्येच्छि,1
पश्येयम्,1
पश्य॑को,1
पश्य॑दक्ष॒ण्वान्नविचे॑तद॒न्धः,1
पश्य॑न्तो॒,1
पश्वात्मनां,1
पश्वैक्ये,1
पष्ठौ॒ही,1
पष्ठौ॒हीम॒श्वि,1
पष्ठौ॒हीर्ब्र॒ह्मणे॑,1
पसाहेहि,1
पस्पर्श,1
पांसु,1
पाकजः,1
पाकजा,1
पाकतारतम्येनानन्तेश्वरकृपया,1
पाकवि॑शेषे॒ण,1
पाकिस्थाननागरिकाः,1
पाकोऽग्नेः,1
पाक्,1
पाङ्क्ताः,1
पाङ्क्तो॒ऽग्निः,1
पाचनो,1
पाचयन्,1
पाज॑सा॒,1
पाञ्चभौतिकम्,1
पाञ्चाल्यः,1
पाटलैर्वृताम्,1
पाठं,1
पाठवशमागताः,1
पाठादजिन्वदप्रीणादिति,1
पाठान्तरे,1
पाठो,1
पाणिं,1
पाणितत्वाधिपाय,1
पाणितत्वाय,1
पाणिनये,1
पाणिना,1
पाणिनिंनाऽपि,1
पाणिनिः,1
पाणिनिसूत्राणाम्,1
पाणिनिसूत्रानुशीलनस्य,1
पाणिनिह,1
पाणिनीयव्याकरणस्य,1
पाणिनेः,1
पाणिनेरुपजीव्यमेव,1
पाणिम्,1
पाणिश्च,1
पाणौ,1
पाण्ड,1
पाण्डरे,1
पाण्डवस्यामितौजसः,1
पाण्डवान्ददृशे,1
पाण्डवाश्च,1
पाण्डवाश्चैव,1
पाण्डित्यमागमज्ञानम्,1
पाण्डुमभाषत,1
पाण्डुरङ्गमते,1
पाण्डुर्नातिरक्तः,1
पाण्डुलिपिग्रन्थसम्पादनम्,1
पाण्डोः,1
पात,1
पातं॒,1
पातकम्,1
पातकानि,1
पाततः,1
पातनात्,1
पातमास्य,1
पातयित्वाष्टदिक्षु,1
पातानन्तरमोक्षदा,1
पातालनिलयस्य,1
पातालसम्भवः,1
पातालस्थे,1
पातालाच्च,1
पातालाद्धाटकेश्वरः,1
पातालाधिपतिः,1
पातु॒,1
पात्रीं,1
पात्रे,1
पात्रेण,1
पात्रेणैव,1
पात्रे॒,1
पात्र॑मस्य॒श्विनौ॑,1
पात्व॒स्मान॑न॒न्यान्थ्सो॑म॒पान्मन्य॑मानः,1
पाथश्रवसो,1
पादकायनाः,1
पादचारेण,1
पादच्छेदकतया,1
पादञ्जलादि,1
पादतत्वाधिपाय,1
पादतत्वाय,1
पाददेशे,1
पादमितम्,1
पादसङ्‌ग्रणादिभिः,1
पादसेचनं,1
पादस्य,1
पादाः,1
पादाताश्च,1
पादादिकेशपर्यन्तं,1
पादादिस्थानयोगिनामपि,1
पादावनेजने,1
पादुकाद्यैः,1
पादेन,1
पादोदक,1
पादोन्नतम्,1
पाद्यानिगमयति,1
पानजलार्थं,1
पानीयं,1
पाने,1
पानेन,1
पान्तु॒,1
पाप,1
पापकर्मकृत्,1
पापकर्मभिः,1
पापकारिणः,1
पापकारिणाम्,1
पापकैर्,1
पापमकार्षं,1
पापमपापं,1
पापमहर्निशम्,1
पापमृत्युवशं,1
पापयिष्ट,1
पापविनोदने,1
पापशेषतः,1
पापशोधनम्,1
पापसङ्घक्षयंकरी,1
पापसमोपेता,1
पापसम्भवम्,1
पापस्यैको,1
पापहरां,1
पापाज्जनार्दन,1
पापाढ्यैः,1
पापादित्रितयोद्भवा,1
पापाधिक्यवशात्,1
पापानामपनोदनमीरितम्,1
पापान्मुक्तो,1
पापिनः,1
पापिनो,1
पापिष्ठां,1
पापीयसां,1
पापेभ्यो,1
पाप्नोति,1
पाप्मना,1
पाप॒कृतः,1
पाप॒सम॑मे॒तेन॑,1
पाययेत्कामवर्धनम्,1
पायवधिपत्वमस्योत्सर्गं,1
पायवे,1
पायसं,1
पायसकृसरगौड्याद्यैः,1
पायि,1
पायुं,1
पायुतत्वाधिपाय,1
पायुतत्वाय,1
पायुर्मेध्रं,1
पाय्यते,1
पाय्वादेरिव,1
पारतन्त्र्यदर्शनाद्,1
पारनेकशक्तिमत्वेनाभ्यपगमात्,1
पारमार्थिकसत्यत्वस्य,1
पारयतं,1
पारसीकजनानाम्,1
पारायं,1
पाराशरी,1
पारिजाततरुर्देवसभासुधर्मात्रिदशेन्द्रलोकमयाताम्,1
पारितोषिकरुपेणागतम्,1
पारिभ्यां,1
पारिषदा,1
पारुच्छेपीर्,1
पारुष्यं,1
पार्णागिरयः,1
पार्थस्य,1
पार्थस्सुभद्रामिदमब्रवीत्,1
पार्थिव,1
पार्थिवः,1
पार्थिवत्वा,1
पार्थिवपदार्थधर्मः,1
पार्थिवश्रेष्ठ,1
पार्थिवसार्थमुग्रम्,1
पार्थिवाः,1
पार्थिवादिभिर्द्रव्यैः,1
पार्थिवानां,1
पार्थिवो,1
पार्लिमेन्ट्,1
पार्वती,1
पार्वतीपरमेश्वरौ,1
पार्वतीभालभूषणं,1
पार्वत्याश्चीरवाससे,1
पार्वत्युवाच,1
पार्श्वतस्ते,1
पार्श्वनाथमहावीरयोः,1
पार्श्वयोः,1
पार्श्वरेखे,1
पार्श्ववायुरोगपीडितः,1
पार्श्वोपविष्टयानवरतरोदनोच्छूननयनया,1
पार्षतः,1
पार्षतेन,1
पार्षदमध्ये,1
पालङ्कायना,1
पालय,1
पालयन्ति,1
पालयस्व,1
पालयिष्यसि,1
पालयेदिति,1
पाल्यमानाः,1
पावकप्रभम्,1
पावकम्,1
पावकार्चिषः,1
पावनं,1
पावनकर्म,1
पाव॒को,1
पाशं॒,1
पाशच्छेदे,1
पाशजन्यास्ताः,1
पाशत्रयं,1
पाशत्रयकार्यम्,1
पाशत्रयबन्ध,1
पाशत्रयबन्धनाद्बद्धत्युच्यते,1
पाशत्रयबन्धविमोक्षा,1
पाशत्रयमोक्षः,1
पाशत्रययुतानपि,1
पाशत्रयविमोचितो,1
पाशत्रयसम्बन्धो,1
पाशत्रयस्यापि,1
पाशत्रयेणादि,1
पाशत्रयोन्वितः,1
पाशत्वादनन्तरं,1
पाशत्वामायायाः,1
पाशपदार्थत्वेपि,1
पाशबन्ध,1
पाशबन्धविमोक्षाय,1
पाशमुपक्षेप्तुं,1
पाशमोक्ष,1
पाशलक्षणमाहा,1
पाशविमोचक,1
पाशविमोचनम्,1
पाशशिखाच्छेदः,1
पाशशिखाच्छेदो,1
पाशश्च,1
पाशसंसर्गस्याभ्युपगमे,1
पाशसंसर्गादिनीश्वरत्वं,1
पाशसञ्चयः,1
पाशसम्बन्धक्षपणाच्च,1
पाशस्या,1
पाशहस्तो,1
पाशाङ्‌कुशधरं,1
पाशुतानुसारेण,1
पाशुपतास्तु,1
पाशुपाल्यं,1
पाशुपाल्ये,1
पाशेन,1
पाशैः,1
पाशैर्बन्धैरविमोक्यैः,1
पाशैर्यतः,1
पाश॒म्प्र,1
पाषाणक्षेपः,1
पाषाणश्च,1
पासडोणा,1
पास्वानेन,1
पाह्यधिपत्वमस्य,1
पाह्यधिपाय,1
पा॑राश॒र्यः,1
पा॒तु॒,1
पा॒त॒,1
पा॒थ्यो,1
पा॒प,1
पा॒पा,1
पा॒पान्नि॑र्घ्नन्ति॒,1
पा॒रय॑न्ता,1
पा॒रे,1
पा॒र्श्वयोः,1
पा॒हि॒,1
पा॒हीत्याग्नी,1
पा॒ही॒न्द्रि॒येण॑,1
पा॒ह्यवे,1
पिंषती,1
पिङ्गलको,1
पिङ्गला,1
पिङ्गलागमे,1
पिङ्गलामते,1
पिङ्गाक्ष्येकहायनी,1
पिङ्गाय,1
पिच्छिलं,1
पिणद्धेहिं,1
पिण्डं,1
पिण्डपात्रं,1
पिण्डार्थं,1
पिण्डिकाया,1
पिण्डिके,1
पिण्डिकोपरि,1
पिण्डिमात्रमित्यर्थः,1
पितरः॒,1
पितरमद्राक्षीत्,1
पितरस्तृप्णुत॒,1
पितराव्,1
पितरो॒,1
पितर्युपरते,1
पितामहं,1
पितामहः,1
पितामहाः,1
पिताऽपि,1
पितुं,1
पितुरपि,1
पितुर्दत्ता,1
पितुश्चित्तानुरक्षिणी,1
पितृपुत्रयोस्तुल्यं,1
पितृमातृभ्रात्राद्यनेकसांवत्सरिकाणां,1
पितृव्यः,1
पितृसन्निधावेवासध्रीचीनमिव,1
पितृहा,1
पितृ॒णां,1
पितृ॒णामाधि॑पत्ये॒,1
पितृ॒मते॑,1
पितृ॒मान॒हं,1
पितॄँस्तर्प्य,1
पितॄंस्तस्माल्लोकानां,1
पितॄन्,1
पित्तमपामसि,1
पित्तवमनं,1
पित्तादिभिः,1
पित्तावृते,1
पित्तोदित,1
पित्रा,1
पित्रोः,1
पित॑रः,1
पित॑रो॒,1
पिनद्धैर्,1
पिनाकखड्गपरशुं,1
पिनाकधृत्,1
पिनाकी,1
पिना॑कहस्तः॒,1
पिन्वथ॒,1
पिन्व॑न्त्य॒पो,1
पिपासतो,1
पिपीलिकां,1
पिपेष,1
पिब,1
पिबतम्,1
पिबन्ति,1
पिबा,1
पिबेद्यस्तु,1
पिबेन्न,1
पिबेल्,1
पिरमिड्,1
पिशङ्ग,1
पिशाच,1
पिशाचजम्बुकादीनां,1
पिशाचवत्,1
पिशाचादिवन्नास्मदादिप्रत्यक्षः,1
पिशा॒चाश्चोद॑तिष्ठन्न्,1
पिषारटि,1
पिषारद्भवने,1
पिष्टानि,1
पिष्ट्वा,1
पिसर्वदास्तीति,1
पिहितपक्षद्वारके,1
पिहिता,1
पि॑न्वत॒,1
पि॑न्वस्व,1
पि॑पाति॒,1
पि॑बन्ति,1
पि॒ङ्गः,1
पि॒तरं॑,1
पि॒तरो॑ऽसृज्य॒न्तादि॑ति॒रधि॑पत्न्यासीदेकाद॒शभि॑रस्तुवत,1
पि॒तरो॒,1
पि॒ताभू॑द॒ह,1
पि॒तास॑त्,1
पि॒तृकृ॑त॒स्यैन॑सो,1
पि॒तृभि॑र्दक्षिण॒त,1
पि॒तृभि॑र्भ॒क्षंकृ॑त॒स्योप॑हूत॒स्योप॑हूतो,1
पि॒तृभ्यः॒,1
पि॒तृभ्यो,1
पि॒तृभ्य॑स्त्वा,1
पि॒तृ॒णां,1
पि॒तॄञ्जि॒न्वेत्या॑ह,1
पि॒तॄननु॒,1
पि॒तॄने॒व,1
पि॒तॄन्थ्सु॑वि॒दत्रा॒,1
पि॒तैषां,1
पि॒त्रे,1
पि॒न्व॒,1
पि॒प्रय॑च्च,1
पि॒शंग॑रूपः,1
पि॒शङ्गी॑,1
पी,1
पीठ,1
पीठगं,1
पीठगतं,1
पीठपूजा,1
पीठरन्ध्रं,1
पीठलक्ष्मणमित्यन्वयः,1
पीठवत्,1
पीठवदाचरेदिति,1
पीठशिलयोरप्येवम्,1
पीठशिलयोरष्टपक्ष,1
पीठशिलयोर्लिङ्गप्रतिमा,1
पीठशिलयोर्वामादि,1
पीठशिलयोर्विशेषमाह,1
पीठस्याह,1
पीठस्येवाचरेत्,1
पीठादि,1
पीठाभिधं,1
पीठिका,1
पीठेन,1
पीठेपि,1
पीठेशिलयोर्विषये,1
पीठेश्मनि,1
पीठेश्मन्क्रमादिति,1
पीडाभिः,1
पीत,1
पीतं,1
पीतका,1
पीतमिव,1
पीतशेषं,1
पीता,1
पीताम्बरावृताम्,1
पीता॒,1
पीतो,1
पीनः,1
पीनपयोधरेषु,1
पीपिल्,1
पीलुशमीकरीरास्सरस्वतीतीररुहा,1
पीवानसि,1
पीवा॑नः,1
पीव॑र्यस्य,1
पी॒तये,1
पी॒तये॑,1
पी॒पि॒वा,1
पुंयोगं,1
पुंवरोभ्येदिनाघः,1
पुंस,1
पुंसस्तस्मादन्यो,1
पुंसस्तस्मिन्,1
पुंसस्तस्याः,1
पुंसामत्रैव,1
पुंसामिति,1
पुंसामुपलभ्यन्ते,1
पुंसि,1
पुंसोऽभिलाषजनकः,1
पुंसोऽस्ति,1
पुंस्त्वमलयोगाद्,1
पुकामयुस्तमिति,1
पुङ्,1
पुङ्घोरवामान,1
पुच्छं,1
पुटद्वयं,1
पुटनाल्लेपनात्,1
पुटेताल्वोष्ठ,1
पुटेति,1
पुटेऽवधायाभिघार्य,1
पुणेनगरं,1
पुणेनगरसमीपे,1
पुणेनगरे,1
पुण्डरिस्र॒जां,1
पुण्ड्रं,1
पुण्यकर्मणाम्,1
पुण्यकृतः,1
पुण्यञ्चेति,1
पुण्यतिथौ,1
पुण्यपट्टनम्,1
पुण्यपापस्वरूपं,1
पुण्यपापानां,1
पुण्यपापैः,1
पुण्यपापैरेव,1
पुण्यमासेऽथवा,1
पुण्यमेभिरवाप्यते,1
पुण्यश्लोकैरुपासितः,1
पुण्यसमयं,1
पुण्यान्यायतनानि,1
पुण्यारण्यसमीपतः,1
पुण्यास्सरितश्श्रेष्ठास्सर्वपापविनाशिकाः,1
पुण्याहं,1
पुण्येन,1
पुण्यो,1
पुण्य॑पापा॒नाम्,1
पुण्य॑स्य,1
पुण्य॒सम॑म्भवति॒,1
पुत्त्रद्रव्यकलत्रेषु,1
पुत्रकं,1
पुत्रकः,1
पुत्रकसाधकाचार्याणां,1
पुत्रकाख्ये,1
पुत्रकाभ्यान्तु,1
पुत्रकेऽपि,1
पुत्रगृद्धिनः,1
पुत्रजन्मनि,1
पुत्रत्वेन,1
पुत्रदर्शनपर्वणि,1
पुत्रदर्शनलालसः,1
पुत्रदारगृहं,1
पुत्रपुत्रीणां,1
पुत्रपौत्रविवर्धनम्,1
पुत्रमनुशास्य,1
पुत्रम्,1
पुत्रविनाकृता,1
पुत्रश,1
पुत्रशतं,1
पुत्रस्तवेत्यभ्यगमद्दिवम्,1
पुत्रस्नेहानुबद्धमना,1
पुत्रस्य,1
पुत्रांश्च,1
पुत्रांस्तपोयोगबलान्वयात्,1
पुत्रांस्तास्तेभ्यः,1
पुत्राः,1
पुत्राणां,1
पुत्रादिसक्ताः,1
पुत्रानिवौरसान्,1
पुत्रार्थं,1
पुत्रार्थिनी,1
पुत्राश्च,1
पुत्रासो,1
पुत्रीत्वमापे,1
पुत्रे,1
पुत्रेणेति,1
पुत्रौ,1
पुत्र॑पौत्र॒कान्,1
पुद्गलः,1
पुद्गलात्,1
पुनःपुनरुत्पादे,1
पुनःसर्जनाभावोक्तेरित्यत,1
पुनः॒,1
पुनद्धटारोपणे,1
पुनन्ति,1
पुनरगमने,1
पुनरगाद्,1
पुनरजन्यत्वात्,1
पुनरददुस्तानशपन्,1
पुनरन्यं,1
पुनरन्यत्रानन्द,1
पुनरयाचंस्तां,1
पुनरागच्छेदिति,1
पुनराचरेत्,1
पुनराद्यं,1
पुनरालोकनम्,1
पुनरावृत्तिमत्वेन,1
पुनरावृत्तिरहितत्वमेव,1
पुनरावृत्तिरहितत्वात्,1
पुनरावृत्तिरिष्यते,1
पुनरासां,1
पुनरुत्तरतोऽवधीत्,1
पुनरैक्यं,1
पुनर्गच्छामि,1
पुनर्गच्छेम्,1
पुनर्ग्रामान्तरं,1
पुनर्तात्यक्रामत्,1
पुनर्दश,1
पुनर्द्विविधाः,1
पुनर्नग्नभोगार्हत्वं,1
पुनर्नवा,1
पुनर्नवैः,1
पुनर्निरुणद्धि,1
पुनर्निवृत्य,1
पुनर्निशितैः,1
पुनर्बाहुर्यथाप्रकृति,1
पुनर्ब्रह्मादि,1
पुनर्महाप्रसादेन,1
पुनर्महीवायुस्पर्शयोः,1
पुनर्मामैत्त्विन्द्रियमि,1
पुनर्मृत्युमा॑पद्य॒न्ते,1
पुनर्लिखेत्,1
पुनर्वचनं,1
पुनर्वचनम्,1
पुनर्विनैव,1
पुनश्चक्रमूर्धादौ,1
पुनश्चित्तकलामायावसानकं,1
पुनश्चित्तकलामायावसानकम्,1
पुनश्चैव,1
पुनस्तं,1
पुनस्तानि,1
पुनस्तीव्रमासीत्कृष्णचतुर्दशीम्,1
पुनस्तैःसह,1
पुनस्त्रिखण्डं,1
पुनस्त्वात्मभाग्भवेत्,1
पुनाति,1
पुनितः,1
पुन्नगैः,1
पुन्येनानुसन्धानं,1
पुन॑र्गृह्णाति॒,1
पुन॑र्नः,1
पुन॑र्मामैत्विन्द्रि॒यम्,1
पुन॑र्मे,1
पुन॑र॒ग्निश्चक्षु॑रदा॒त्पुन॒रिन्द्रो॒,1
पुन॑र॒प्येति॑,1
पुन॒राप॑त,1
पुन॒रायुः॒,1
पुन॒रेत्योप॑,1
पुन॒र्द्रवि॑णमैतु,1
पुन॒र्ब्राह्म॑णमैतु,1
पुन॒र्भगः॑,1
पुप्फुसः,1
पुप्फुसबलेन,1
पुमर्थदातृ,1
पुमर्थदादृष्टवशात्,1
पुमर्थस्य,1
पुमर्थाय,1
पुमवयौ,1
पुमांस्तं,1
पुमांस्तेन,1
पुमाननुसरति,1
पुमान्ताक्ष्मा,1
पुमान्यद्वत्षण्ढो,1
पुमान्विभुर्गन्तानित्योप्यक्तो,1
पुमा॒,1
पुम्प्रकृत्यादिविषया,1
पुम्बोधव्यक्तिभूमित्वाद्,1
पुम्भोगसिद्धये,1
पुम्मलयोर्बुधाः,1
पुर,1
पुरं,1
पुरए॒ता,1
पुरत,1
पुरतश्,1
पुरन्दरं,1
पुरन्दरः,1
पुरपङ्क्तिः,1
पुरवरे,1
पुरश्चरणसेवनात्,1
पुरस्कारैः,1
पुरस्तात्,1
पुरस्तादरीन्हत्वा,1
पुराणप्रसिद्धो,1
पुराणविदो,1
पुराणी,1
पुराण्यासंस्त्रीणि,1
पुरातनम्,1
पुरातनवस्तूनि,1
पुरातन्त्र,1
पुरातन्त्रे,1
पुरान्तकोऽहं,1
पुरान्यत्र,1
पुरान्यष्टादशैव,1
पुरामष्टोत्तरं,1
पुरारिगिरिसम्भूता,1
पुरि,1
पुरीषादीन्यप्यमृतवदभ्यवहरति,1
पुरुकर्मयुक्ताः,1
पुरुप्रि॒यं,1
पुरुषकारभूमिरिति,1
पुरुषगतैरपेक्षस्याः,1
पुरुषतत्वमादिः,1
पुरुषतत्वाधिपाय,1
पुरुषतत्वान्तं,1
पुरुषतत्वाय,1
पुरुषतामगात्,1
पुरुषत्वं,1
पुरुषपशु,1
पुरुषपशुं,1
पुरुषपशोरसृगासवेन,1
पुरुषबोधस्य,1
पुरुषभोग्यं,1
पुरुषर्षभः,1
पुरुषवचस,1
पुरुषविद्या,1
पुरुषविमोक्षनिमित्तं,1
पुरुषविशेषैः,1
पुरुषविशेषैर्वेत्येवंरूपविकल्प,1
पुरुषवेतालं,1
पुरुषव्याघ्र,1
पुरुषश्चित्स्वभावकः,1
पुरुषश्चेतयति,1
पुरुषश्चेतयते,1
पुरुषस्तथा,1
पुरुषस्तदेषां,1
पुरुषस्तयाऽत्यन्ताविवेकेन,1
पुरुषस्तात,1
पुरुषस्येति,1
पुरुषस्यैकदेशेन,1
पुरुषस्यैव,1
पुरुषस्योक्तिः,1
पुरुषा,1
पुरुषाः,1
पुरुषाणां,1
पुरुषादीन्यनुक्रमात्,1
पुरुषाय,1
पुरुषार्थदायकं,1
पुरुषार्थपदं,1
पुरुषार्थप्रदकर्मवशात्,1
पुरुषार्थसाधनतया,1
पुरुषार्थसाधनत्वमाह,1
पुरुषार्थोऽवस्थितिं,1
पुरुषावधिः,1
पुरुषावधीः,1
पुरुषाऽनन्त्याद्,1
पुरुषेण,1
पुरुषोत्तम,1
पुरुषोत्तमं,1
पुरुषोत्तमः,1
पुरुषोत्तमम्,1
पुरुषोत्तमस्य,1
पुरुषोत्तमो,1
पुरुषोत्पादिता,1
पुरुषोऽहमीशः,1
पुरुष॒त्वम्,1
पुरुहूत॒,1
पुरु़षः,1
पुरु॑षम्प॒रित॒स्तदे॒वाव॑,1
पुरु॑षाय,1
पुरु॑षे,1
पुरु॑ष॒मित्युप॑दधाति,1
पुरु॒षीणा,1
पुरूणि,1
पुरो,1
पुरोडाशं,1
पुरोदितः,1
पुरोवसो,1
पुरोहितः,1
पुरोहितो,1
पुरो॑,1
पुरो॒गाणां॒,1
पुरो॒डाश,1
पुरो॒डाश॒,1
पुरो॒डाश॒मेका॑दशकपालं,1
पुरो॒डाश॒मेका॑दशकपालं॒,1
पुरो॒धाम्,1
पुरो॒वसु॑र्वा॒क्पा,1
पुर्मवरोभ्येह्यति,1
पुर्यष्टकं,1
पुर्यष्टकदेहयुतायोनिषु,1
पुर्यष्टकमन्तः,1
पुर्यष्टकसदा,1
पुर्वोक्त,1
पुर॒,1
पुलकाङ्कितसर्वाङ्गः,1
पुलिनैरतिरम्यैश्च,1
पुलिन्दाः,1
पुल॒स्ति॑ने,1
पुषादिद्युताद्य्लृदित,1
पुष्करदण्डैः,1
पुष्करपर्णैः,1
पुष्करप॒र्णे,1
पुष्करम्,1
पुष्करयात्रायां,1
पुष्करेक्षण,1
पुष्करैश्च॑,1
पुष्करौषधः,1
पुष्कलान्,1
पुष्कलाम्,1
पुष्क॑रा॒दध्यथ॑र्वा॒,1
पुष्टानाम्,1
पुष्टिर्धृतिस्तथा,1
पुष्टिवर्धनम्,1
पुष्टि॒स्तद्विष्णुः॑,1
पुष्ठानि,1
पुष्णाति,1
पुष्पं,1
पुष्पं॒,1
पुष्पकेण,1
पुष्पगन्धोदकं,1
पुष्पधन्वापि,1
पुष्पमित्रः,1
पुष्पम्,1
पुष्पसरोपेतत्वे,1
पुष्पा,1
पुष्पादीनां,1
पुष्पायुधादिप्रणतिप्रियं,1
पुष्पिता,1
पुष्पैरपि,1
पुष्पोद्यानं,1
पुष्पौघैः,1
पुष्य॑मक्षन्,1
पुसः,1
पुस्तक,1
पुस्तकप्रकाशनम्,1
पु॑ण्यकृ॒तो,1
पु॑ण्यो,1
पु॑रः॒सदो॒,1
पु॑रा॒णा,1
पु॑रीम्,1
पु॑ष्करप॒र्णम्,1
पु॑ष्करप॒र्णानि॒,1
पु॑ष्टि॒पति॒र्निवि॑ष्ट॒स्त,1
पु॑ष्टि॒वर्ध॑नम्,1
पु॒,1
पु॒त्रः,1
पु॒त्रम॒भि,1
पु॒त्रा,1
पु॒त्रानापो॑,1
पु॒त्रासो॒,1
पु॒त्रेण॒,1
पु॒त्रेभ्यो॑,1
पु॒त्रैरदि॑तिः,1
पु॒नातु॑,1
पु॒र,1
पु॒रम्,1
पु॒रस्ता॑दु॒त,1
पु॒रस्ता॑दु॒पाद॑धात्,1
पु॒रस्ता॒च्छर्म॑,1
पु॒रस्ता॒थ्सोम॑स्य,1
पु॒रस्ता॒दुन्म॑ध्य॒तः,1
पु॒रस्ता॒दुप॑दधताम्,1
पु॒रस्ता॒दुप॑दधाति,1
पु॒रस्ता॒न्नाभ्या॑,1
पु॒रास्य॑,1
पु॒रु॒श्च॒क्र,1
पु॒रो,1
पु॒रो॒डाशा,1
पु॒ष्क॒र॒प॒र्ण,1
पूङ्यजो,1
पूजकस्य,1
पूजनं,1
पूजनीयस्तु,1
पूजनीयाः,1
पूजने,1
पूजयन्ति,1
पूजयन्ती,1
पूजयानाऽर्चयाऽन्वितम्,1
पूजयानित्यं,1
पूजयिता,1
पूजयित्वा,1
पूजयेच्च,1
पूजयेच्छम्भुं,1
पूजयेच्छिवम्,1
पूजयेद्बुधः,1
पूजयेद्यस्तु,1
पूजयेद्विग्रहं,1
पूजयेद्‌गुरुम्,1
पूजांशे,1
पूजाकाले,1
पूजाप्रभावतः,1
पूजाफलप्रदा,1
पूजाभागं,1
पूजार्थं,1
पूजितः,1
पूजितम्,1
पूजितश्च,1
पूजितेन,1
पूज्य,1
पूज्यते,1
पूज्यतेऽपि,1
पूज्यपूजानुसारतः,1
पूज्यमाने,1
पूज्यमानो,1
पूज्यम्,1
पूज्येद्धरिम्,1
पूज्यो,1
पूतः,1
पूता,1
पूतात्मा,1
पूतिनस्यं,1
पूत॒भृत्तान्,1
पूत॒भृत॒म्पव॑मानमे॒व,1
पूयन्ते॑,1
पूयविण्मूत्रश्लेष्ममलापूर्णार्णवे,1
पूरकाणि,1
पूरयत,1
पूरयितुं,1
पूरयेद्दृढम्,1
पूरयेन्मन्त्रपूतेन,1
पूरितो,1
पूरोर्वंशविवर्धनः,1
पूर्णं,1
पूर्णदः,1
पूर्णप्रज्ञविद्यापीठं,1
पूर्णमथापरम्,1
पूर्णमन्दिरे,1
पूर्णमिति,1
पूर्णम्,1
पूर्णस्य,1
पूर्णा,1
पूर्णिमा,1
पूर्णेन,1
पूर्णेवानस्य,1
पूर्णो,1
पूर्णोऽभवन्मखः,1
पूर्तिपक्रम,1
पूर्वकं,1
पूर्वकत्वेन,1
पूर्वकालत्वमुक्तम्,1
पूर्वको,1
पूर्वखण्डे,1
पूर्वजन्मतपोयोगात्स्मरणो,1
पूर्वजाय,1
पूर्वजैः,1
पूर्वतन्त्रेऽर्थवादाधिकरणे,1
पूर्वत्र,1
पूर्वदक्षिणभागयोः,1
पूर्वदाचरेत,1
पूर्वदिश्यस्य,1
पूर्वनिर्णयः,1
पूर्वपक्षे,1
पूर्वपक्षोत्थानादिति,1
पूर्वपश्चायतस्यास्य,1
पूर्वमणुरेष,1
पूर्वमवस्थित,1
पूर्वमविद्यमानमेव,1
पूर्वमष्टधा,1
पूर्वमष्टोदरीये,1
पूर्वमेवोग्रमूर्तिनां,1
पूर्वयोगपरिवर्तो,1
पूर्वरूपं,1
पूर्ववत्खल्वे,1
पूर्ववत्परिकल्पयेत्,1
पूर्ववदाचरेत्,1
पूर्ववदिति,1
पूर्ववन्मूषिकं,1
पूर्ववर्ती,1
पूर्वश्लोकस्थात्मविशेषणत्वाद्भावनिर्वृत्तिमित्युक्तम्,1
पूर्वसंस्कार,1
पूर्वस्थित,1
पूर्वस्थिता,1
पूर्वस्य,1
पूर्वाख्यानं,1
पूर्वादीशान्तक्ष्मादि,1
पूर्वाद्वागति,1
पूर्वाधिकरणवैषम्येन,1
पूर्वाधिकरणेन,1
पूर्वाम्,1
पूर्विका,1
पूर्वेश्वराश्रताः,1
पूर्वे॑,1
पूर्वे॑भ्यो,1
पूर्वो,1
पूर्वोक्तं,1
पूर्वोक्तक्ष्मावह्यादय,1
पूर्वोक्तदीक्षया,1
पूर्वोक्तदोषभाक्,1
पूर्वोक्तध्यानप्रकारस्यैव,1
पूर्वोक्तन्यासानुसन्धानेन,1
पूर्वोक्तप्रकारेण,1
पूर्वोक्तफलसङ्ग्रहः,1
पूर्वोक्तबद्धपशुः,1
पूर्वोक्तमनुषञ्जनीयम्,1
पूर्वोक्तमम्लसर्पिर्वा,1
पूर्वोक्तस्य,1
पूर्वोक्ता,1
पूर्वोक्तात्,1
पूर्वोक्तो,1
पूर्वो॒,1
पूर्व॑मे॒वाहमि॒हास॒मिति॑,1
पूर्व॑स्य॒,1
पूर्व॒जान्भ्रातृ॑व्या॒नध॑रान्पादया॒म्यवै॑नान्बाधे॒,1
पूर॑यो॒ध्या,1
पूषणावि॒ह,1
पूषन्नि॒ह,1
पूषा,1
पूषाख्य,1
पूषाणमभ्यद्रवत,1
पूष्णो,1
पूष॒न्निति॑,1
पू॑रयति,1
पू॑रयि॒त्वा,1
पू॑षन्,1
पू॒तः,1
पू॒र्णमा॑सः॒,1
पू॒र्णमा॑सश्च,1
पू॒र्णर्,1
पू॒र्णव॑न्धुरः,1
पू॒र्णेन॑,1
पू॒र्धि॒,1
पू॒र्व्या॑,1
पू॒र्व्यैः,1
पू॒षोद॑तिष्ठत्,1
पू॒ष्णो,1
पृक्तये,1
पृक्षम्,1
पृच्छत्यकृक्षतेति,1
पृणस्व,1
पृतना॒षाड॑सि,1
पृतन्य॒तः,1
पृतिव्यादि,1
पृथक्तैलं,1
पृथक्पदमविभक्तिकम्,1
पृथगयुग्मक्रमेणेत्यर्थः,1
पृथगस्त्रमार्गान्यथाग्निरिद्धो,1
पृथगिति,1
पृथगुक्तिः,1
पृथग्गृहे,1
पृथग्गोभ्यः,1
पृथग्जनो,1
पृथग्जन्मानो,1
पृथग्जाता,1
पृथग्भूतचतुष्टये,1
पृथिवि,1
पृथिवि॒क्षितः॑,1
पृथिवीतत्त्वे,1
पृथिवीतत्वमेकम्,1
पृथिवीतत्वाधिपाय,1
पृथिवीतत्वाय,1
पृथिवीतले,1
पृथिवीत्यादीनां,1
पृथिवीभरवारणाय,1
पृथिवीमभिव॑र्‌ष॒न्ति,1
पृथिव्यधिदैवतम्,1
पृथिव्यधिपत्वमस्य,1
पृथिव्यधिपाय,1
पृथिव्यन्तर्गतः,1
पृथिव्यप्तेजांसि,1
पृथिव्या,1
पृथिव्यादयः,1
पृथिव्यादयोऽर्था,1
पृथिव्यादिककलान्तत्रिंशत्तत्त्वात्मकः,1
पृथिव्यादिवदिति,1
पृथिव्यादिसमाहारो,1
पृथिव्यादीनामपि,1
पृथिव्याद्यष्ट,1
पृथिव्याद्यष्टमूर्तीनां,1
पृथिव्यामवकाशो,1
पृथिव्यै,1
पृथिव्यैव,1
पृथि॑वि,1
पृथि॑वी,1
पृथि॑व्य॒,1
पृथि॒वीं,1
पृथि॒वीमति॑रिक्त॒न्तद्यन्न,1
पृथि॒वीमनु॒,1
पृथि॒वीमस्का,1
पृथि॒वीम्भि॒न्द्धीदं,1
पृथि॒वीम॒भितो॑,1
पृथि॒व्याः,1
पृथि॒व्यामध्यास॑ते,1
पृथि॒व्यामध्यास॑ते॒,1
पृथि॒व्याम्पार्थि॑वान्ध्रु॒वं,1
पृथि॒व्योः,1
पृथुसंश्लिष्टा,1
पृथु॑ष्टुके॒,1
पृथ्यप्तेजोमरुद्वियत्,1
पृथ्वितत्वमादिः,1
पृथ्वितत्वे,1
पृथ्वित्वादि,1
पृथ्विनिम्ना,1
पृथ्विरेखायोरस्थानश्च,1
पृथ्वीतत्वे,1
पृथ्वीपुरणं,1
पृथ्वीराजविजयमहाकाव्ये,1
पृथ्व्यन्ता,1
पृथ्व्या,1
पृथ्व्यां,1
पृथ्व्याक्तायद्भवा,1
पृथ्व्यादितत्वानां,1
पृथ्व्यादीनामाश्रयाश्रयि,1
पृश्ञि॒र्दख्षि॑णा,1
पृश्निं॑,1
पृश्नी॑ने॒व,1
पृश्नी॒न्कामा॑नसृजत॒,1
पृषत्कवर्षिणो,1
पृषद्भिः,1
पृष्टं,1
पृष्टम्,1
पृष्टस्तथा,1
पृष्टस्य,1
पृष्टे,1
पृष्टो,1
पृष्ठतोऽनुगमिष्यामि,1
पृष्ठतोऽनुदहाम्यहम्,1
पृष्ठभाजः,1
पृष्ठादिकं,1
पृष्ठ्य,1
पृ॑ण,1
पृ॑णच्छि॒द्रं,1
पृ॑णया,1
पृ॑त॒नाज्ये॑षु॒,1
पृ॑थि॒वीम्प्रावि॑श॒थ्स,1
पृ॑थि॒व्याः,1
पृ॑थि॒व्याम्प॑रिवा॒पात्,1
पृ॑थि॒व्याम्ब॒र्,1
पृ॑थि॒व्यै,1
पृ॑थुबु॒ध्नः,1
पृ॑षतीनां॒,1
पृ॑षदा॒ज्यं,1
पृ॑षदा॒ज्यम्प॒शवो॒,1
पृ॑षदा॒ज्यम॑वमृ॒शेच्छू॒द्रा,1
पृ॑षदा॒ज्यम॒मृत॑मे॒वास्य॑,1
पृ॑ष्टबन्धो,1
पृ॒णन्तं॑,1
पृ॒थि॒वी,1
पृ॒थि॒व्या,1
पृ॒थि॒व्यामधि॑,1
पृ॒थि॒व्यामप॑रा,1
पृ॒ष्ठानि॒,1
पृ॒ष॒दा॒ज्यं,1
पेक्षायामप्यस्माभिः,1
पेक्षिताचार्यो,1
पेजावरमठाधीशः,1
पेनट्रेट्टिङ्,1
पेभिः,1
पेरुं॑,1
पेरुम्बावूर्,1
पेश्वेजनानां,1
पेश्वेराज्ञां,1
पेषवारे,1
पैठीनसिस्मृतिः,1
पैतामहे,1
पैशाचं,1
पैशाचाद्यष्टकं,1
पैशान्याद्यर्मौस्थितम्,1
पैशुन्यं,1
पोख्रणसरोवरस्य,1
पोट्टास्यं,1
पोतसंस्थितः,1
पोषकस्याप्य्,1
पोषणं,1
पोषणम्,1
पोषणार्थं,1
पोषयि॒त्नु,1
पोषितवती,1
पोषै॒र्विश्वे,1
पोष॑,1
पौत्रः,1
पौत्रस्ते,1
पौत्राः,1
पौत्राश्च,1
पौनरुक्त्यापत्ते,1
पौराणीं,1
पौरुषप्रकृतिभूतानि,1
पौरुषमुच्यते,1
पौरुषैश्वर्यमाप्नुयात्,1
पौर्णमास्यां,1
पौर्णमा॒सं,1
पौष्णं,1
प्कुर्वीत,1
प्चुतशब्देन,1
प्नोति,1
प्नोति॒,1
प्याह,1
प्या॑यत,1
प्या॑ययति,1
प्या॒यय॑ति॒,1
प्रं,1
प्रओगस्यात्,1
प्रकटनमपि,1
प्रकटनमेव,1
प्रकटयितुं,1
प्रकटितम्,1
प्रकटीकृत,1
प्रकथ्यते,1
प्रकरणं,1
प्रकरणक्रमसमाख्यानां,1
प्रकरणगम्येत्यतः,1
प्रकरणप्रतिपाद्यमानं,1
प्रकरणम्,1
प्रकरणलभ्योऽर्थः,1
प्रकरणादिति,1
प्रकरणान्तरे,1
प्रकरणे,1
प्रकरोषि,1
प्रकामतः,1
प्रकारं,1
प्रकारमुक्त्वाध्वस्वरूपा,1
प्रकारमेवाह,1
प्रकारश्च,1
प्रकारानाह,1
प्रकारानाहा,1
प्रकारानुद्दिशति,1
प्रकारान्तरं,1
प्रकारेणेति,1
प्रकाश,1
प्रकाशं,1
प्रकाशकः,1
प्रकाशत,1
प्रकाशत्वात्,1
प्रकाशप्रवृत्तिनियमाख्यैर्व्यापारैः,1
प्रकाशयतीति,1
प्रकाशयतोऽनुभवसिद्धत्वात्,1
प्रकाशयत्येवेति,1
प्रकाशयितुं,1
प्रकाशयेत्,1
प्रकाशयेत्तु,1
प्रकाशरूपत्वादादर्शस्थानीयेन,1
प्रकाशरूपा,1
प्रकाशरूपाव्यभिचारतः,1
प्रकाशरूपो,1
प्रकाशस्तदनपेक्षश्चान्तरस्मृतिप्रतिभादिप्रकाशो,1
प्रकाशस्य,1
प्रकाशादि,1
प्रकाशादिभिश्च,1
प्रकाशाय,1
प्रकाशितमभूत्,1
प्रकाशितमर्थं,1
प्रकाशितवन्तः,1
प्रकाशितश्चास्माभिर्मृगेन्द्रवृत्तिदीपिकायामिति,1
प्रकाशिता,1
प्रकाशितेन,1
प्रकाशो,1
प्रकाशोऽस्य,1
प्रकाश्य,1
प्रकाश्यञ्च,1
प्रकाश्यते,1
प्रकाश्यन्ते,1
प्रकाश्यस्तामसस्तस्माज्जातो,1
प्रकीर्णत्वाञ्च,1
प्रकीर्तितः,1
प्रकीर्तितमिति,1
प्रकीर्तिताम्,1
प्रकुर्वताम्,1
प्रकुर्वन्,1
प्रकुर्वन्ति,1
प्रकृता,1
प्रकृताः,1
प्रकृतानुपयुक्तमयुक्तं,1
प्रकृतिकर्म,1
प्रकृतिजैः,1
प्रकृतितत्त्वादूर्ध्वमागमेषु,1
प्रकृतिनियमसाधकस्याऽसिद्धेः,1
प्रकृतिपुरुषविवेकज्ञाने,1
प्रकृतिपुरुषौ,1
प्रकृतिप्रत्यययोरसावभ्युपगतो,1
प्रकृतिभावः,1
प्रकृतिभावो,1
प्रकृतिमयपत्रेभ्यो,1
प्रकृतिमायान्तं,1
प्रकृतिरेव,1
प्रकृतिर्वशमेष्यति,1
प्रकृतिलय,1
प्रकृतिलयः,1
प्रकृतिसंस्कारत्वमेव,1
प्रकृतिसाधनात्,1
प्रकृतीनां,1
प्रकृतेरनादि,1
प्रकृतेरेव,1
प्रकृतेस्तत्सृष्टिरिति,1
प्रकृतोपयोगाद्विरोधे,1
प्रकृत्यग्रे,1
प्रकृत्यधिकारलक्षणपराणिमादिसिध्यपरपर्यायमेकं,1
प्रकृत्यधिपत्वः,1
प्रकृत्यन्तं,1
प्रकृत्यन्तानि,1
प्रकृत्यां,1
प्रकृत्यादिवशीकारो,1
प्रकृत्याद्यष्टजो,1
प्रकृत्योर्विवेकाद्यो,1
प्रकृया,1
प्रक्ट्रेरुपदेक्ष्यते,1
प्रक्रमः,1
प्रक्रमान्,1
प्रक्लिद्यते,1
प्रक्षालयामास,1
प्रक्षिपेद्,1
प्रक्षिपेन्नव,1
प्रक्षिप्तां,1
प्रक्षिप्य,1
प्रक्षिप्यैव,1
प्रक्षीणभूयिष्ठायां,1
प्रक्षेपो,1
प्रख्यापनं,1
प्रख्याव्यापारनियमैः,1
प्रगन्तव्यं,1
प्रगा॑यत,1
प्रगृहीताञ्जलिमिति,1
प्रघा॒स्यान्॑,1
प्रचक्रुर्हि,1
प्रचण्डादिक,1
प्रचण्डो,1
प्रचलति,1
प्रचलतीत्यस्य,1
प्रचलितस्य,1
प्रचलितासु,1
प्रचारम्,1
प्रचालयिष्यति,1
प्रचीनानि,1
प्रचुरं,1
प्रचोदितोऽभिक्रमते,1
प्रचो॒दया,1
प्रच्याव्य,1
प्रच्युता,1
प्रजज्ञिरे,1
प्रजति,1
प्रजनार्थत्वाद,1
प्रजपेल्लक्षं,1
प्रजयिष्णुः,1
प्रजाकामो,1
प्रजातिं,1
प्रजापति,1
प्रजापतिं,1
प्रजापतिरंर्यज्ञो,1
प्रजापतिरेषो,1
प्रजापतिर्बहुभिर्द्रव्यैः,1
प्रजापतिर्यज्ञमसृजत,1
प्रजापतीनां,1
प्रजाभर्तुः,1
प्रजाभागे,1
प्रजायां,1
प्रजायामनुत्तरां,1
प्रजा॑तान्कु॒ह्वा,1
प्रजा॑तासु,1
प्रजा॒नन्मि॒त्रो,1
प्रज्ञपारमित,1
प्रज्ञयैव,1
प्रज्ञादुर्बलं,1
प्रज्ञापारमिताभावना,1
प्रज्वालयेदधः,1
प्रणता,1
प्रणतास्मीत्यर्थः,1
प्रणत्वा,1
प्रणमनमात्मासनप्रदानं,1
प्रणमाम्यहम्,1
प्रणमेत्तथा,1
प्रणमेयं,1
प्रणम्याजं,1
प्रणम्यातिष्ठं,1
प्रणयनं,1
प्रणयनादिवृत्तिभिर्जीवनादिहेतुभूतं,1
प्रणयनापनयनादिपञ्चकर्मकृतस्तत्तद्वृत्तिभेदेन,1
प्रणयने,1
प्रणयान्विता,1
प्रणयिनीमिव,1
प्रणवजपतदर्थभावनरूपस्येश्वरप्रणिधानस्यहेतुः,1
प्रणवन्तं,1
प्रणवमभ्यसेदिति,1
प्रणवात्त्रिकलः,1
प्रणश्यति,1
प्रणान्तःकरणपक्षं,1
प्रणामपूर्वकं,1
प्रणामरूपमगलस्या,1
प्रणिधानस्य,1
प्रणिनां,1
प्रणिपातावनता,1
प्रणीतत्वात्,1
प्रणीतेषु,1
प्रणीयाप्सरसां,1
प्रणेता,1
प्रणेतृत्वनामुमेव,1
प्रणे॒ता,1
प्रतत्तिरावश्यकी,1
प्रतल,1
प्रतलेषु,1
प्रतापिताः,1
प्रतापेनेव,1
प्रतिकूलाक्षरं,1
प्रतिकूलानि,1
प्रतिक्रान्तः,1
प्रतिक्रीडनवेलायां,1
प्रतिक्षया,1
प्रतिक्षिपति,1
प्रतिक्षिप्तम्,1
प्रतिक्षिप्ताः,1
प्रतिखण्डकम्,1
प्रतिखण्डन्यस्तुस्तव्या,1
प्रतिगतवन्तः,1
प्रतिग्राहितविप्रविप्रकीर्यमाणशान्त्युदकविप्रुषि,1
प्रतिग॒रे,1
प्रतिग॒रो॑,1
प्रतिघातमाशङ्कमानो,1
प्रतिचतुरस्रकिलोमीटर्,1
प्रतिचतुरस्रकिलोमीटर्मिते,1
प्रतिजानामि,1
प्रतिज्ञां,1
प्रतिज्ञातमित्यर्थः,1
प्रतिज्ञातयोः,1
प्रतिज्ञातसमयानन्तरं,1
प्रतिज्ञानं,1
प्रतिज्ञाय,1
प्रतितत्त्वमुत्पत्तिक्रमकथनेन,1
प्रतिदिशं,1
प्रतिद्वद्न्वीत्यदर्शनं,1
प्रतिनिधयः,1
प्रतिनिध्यभावाधिकरणम्,1
प्रतिनियतदेशकालाद्यनवच्छिन्नतया,1
प्रतिनिवर्तनम्,1
प्रतिनिवृत्तो,1
प्रतिपत्तव्यम्,1
प्रतिपत्तिः,1
प्रतिपद्य,1
प्रतिपद्यस्व,1
प्रतिपद्वर्ष,1
प्रतिपन्ना,1
प्रतिपादय,1
प्रतिपादयति,1
प्रतिपादयन्ति,1
प्रतिपादयितुं,1
प्रतिपादयुत्म्,1
प्रतिपादयेत्,1
प्रतिपादिकाभ्यां,1
प्रतिपादिकेच्छाशक्तिश्चेत्यूपचर्यते,1
प्रतिपादितः,1
प्रतिपादितदीक्षाबीजमुपसंहरति,1
प्रतिपादितम्,1
प्रतिपादिता,1
प्रतिपादितौ,1
प्रतिपाद्यत,1
प्रतिपाद्यमाना,1
प्रतिपालय,1
प्रतिपाल्य,1
प्रतिपुं,1
प्रतिपुन्नियताश्चास्य,1
प्रतिपुरुषनियतत्वेनाचैतन्ये,1
प्रतिपुरुषमनेकत्वेऽभ्युपगम्यमाने,1
प्रतिपुर्मनियतः,1
प्रतिपेदिरे,1
प्रतिप्राप्तम्,1
प्रतिबद्धोऽवसीयते,1
प्रतिबन्धकत्वादन्तल्लीनं,1
प्रतिबिम्बाख्यमपरं,1
प्रतिबिम्बात्मताऽऽत्मनः,1
प्रतिबिम्बितयोराकारानुषङ्गः,1
प्रतिबिम्बैरपि,1
प्रतिबुद्धवत्,1
प्रतिभां,1
प्रतिभादिषु,1
प्रतिभान्वितः,1
प्रतिभापुरस्कारः,1
प्रतिभाभिः,1
प्रतिभाम्,1
प्रतिभेत्यर्थः,1
प्रतिभोक्तारं,1
प्रतिमां,1
प्रतिमाः,1
प्रतिमादिषु,1
प्रतिमादौ,1
प्रतिमाद्यपुनः,1
प्रतिमानां,1
प्रतिमायां,1
प्रतिमायाः,1
प्रतिमासु,1
प्रतिमास्वप्येवमित्यदिशन्विशेषं,1
प्रतियुगम्,1
प्रतियोगिना,1
प्रतियोगी,1
प्रतिरोद्धुम्,1
प्रतिरोध,1
प्रतिरोधवार्तया,1
प्रतिरोधवार्ताजालसङ्केतेन,1
प्रतिलब्ध,1
प्रतिलब्धाः,1
प्रतिलोमतः,1
प्रतिलोम्येन,1
प्रतिलो॒म,1
प्रतिलो॒मं,1
प्रतिलो॒ममे॑ना॒वा,1
प्रतिवचनं,1
प्रतिवचनत्वेन,1
प्रतिविरता,1
प्रतिविरतो,1
प्रतिविशिष्टश्च,1
प्रतिवीक्षितुम्,1
प्रतिशतं,1
प्रतिशब्दकसङ्घातो,1
प्रतिशब्दात्मक,1
प्रतिश्रुक्शब्दात्मकः,1
प्रतिषिद्धाः,1
प्रतिषेधवचने,1
प्रतिषेधाच्च,1
प्रतिषेधिनः,1
प्रतिष्टा,1
प्रतिष्ठतोऽथैनं,1
प्रतिष्ठन्ते,1
प्रतिष्ठयोः,1
प्रतिष्ठां,1
प्रतिष्ठाकर्मस्थापनमित्युच्यते,1
प्रतिष्ठाकर्मस्थित,1
प्रतिष्ठाकलायां,1
प्रतिष्ठाकालावर्त,1
प्रतिष्ठाङ्गभूतस्य,1
प्रतिष्ठातन्त्रे,1
प्रतिष्ठादि,1
प्रतिष्ठादिता,1
प्रतिष्ठानिदानं,1
प्रतिष्ठापद्धतिकारोक्त,1
प्रतिष्ठापनं,1
प्रतिष्ठापनीय,1
प्रतिष्ठापनीयेषु,1
प्रतिष्ठापयितुम्,1
प्रतिष्ठापयेयं,1
प्रतिष्ठापयेयम्,1
प्रतिष्ठाप्य,1
प्रतिष्ठाप्यव्यञ्जयेत्,1
प्रतिष्ठाप्याह,1
प्रतिष्ठाप्रतिष्ठैवेत्युच्यते,1
प्रतिष्ठाबीजं,1
प्रतिष्ठाबीजत्वान्तद्भेदानाह,1
प्रतिष्ठाबीजत्वेन,1
प्रतिष्ठाबीजत्वेनापारणीयमिति,1
प्रतिष्ठाबीजभूतन्यासादि,1
प्रतिष्ठाबीजमात्रस्यै,1
प्रतिष्ठाबीजमिति,1
प्रतिष्ठाबीजमुत्युक्तं,1
प्रतिष्ठाबीजम्,1
प्रतिष्ठायाः,1
प्रतिष्ठायामनन्ताद्यास्तु,1
प्रतिष्ठायाममरेशदिनामभिः,1
प्रतिष्ठायामूर्ति,1
प्रतिष्ठावाहनं,1
प्रतिष्ठाविधायक,1
प्रतिष्ठाविषये,1
प्रतिष्ठाशब्देन,1
प्रतिष्ठासु,1
प्रतिष्ठित,1
प्रतिष्ठितमिति,1
प्रतिष्ठेति,1
प्रतिष्ठेत्युक्तं,1
प्रतिष्ठेत्युच्यते,1
प्रतिष्ठोक्त,1
प्रतिसंचरः,1
प्रतिसंस्कर्तृसूत्रम्,1
प्रतिसञ्चारात्,1
प्रतिस्ठायाः,1
प्रतिस्फुरति,1
प्रतिहोरायां,1
प्रतिह॒र्तार॒,1
प्रति॑दधाति,1
प्रति॑पद्येते,1
प्रति॑मुञ्चस्व॒,1
प्रति॑ष्ठितं॒,1
प्रति॑ष्ठितां॒,1
प्रति॑ष्ठिता॒,1
प्रति॑ष्ठित्या,1
प्रति॑ष्ठित्यै,1
प्रति॑ष्ठित्यै॒,1
प्रति॒दृङ्,1
प्रति॒दृश्य॑ते,1
प्रति॒धुक्पी॒यूष॑,1
प्रति॒पदो॒,1
प्रति॒प्रोच्या,1
प्रति॒ष्ठां,1
प्रति॒ष्ठाका॑मो,1
प्रतीक्षमाणस्तु,1
प्रतीक्षितः,1
प्रतीची,1
प्रतीच्यामश्वेन,1
प्रतीति,1
प्रतीति॒,1
प्रतीते,1
प्रतीतेरिति,1
प्रतीत्यसमुत्पादहृदयः,1
प्रतीत्यसमुत्पादावतारनिर्देशानामपर्यन्तः,1
प्रतीत्योत्पन्नश्च,1
प्रतीनाहमुदाहरेत्तम्,1
प्रतीयेत,1
प्रतीहारौ,1
प्रती॒ज्या,1
प्रतुष्टस्ते,1
प्रतृण्णं,1
प्रत्यक्षतां,1
प्रत्यक्षप्रमणं,1
प्रत्यक्षमुपलभ्यते,1
प्रत्यक्षवचनातिदेश,1
प्रत्यक्षश्रुतिविरोधेऽसति,1
प्रत्यक्षागमबाधितत्वेन,1
प्रत्यक्षीक्रियत,1
प्रत्यक्षेणादर्शनात्,1
प्रत्यतो,1
प्रत्यभाषत,1
प्रत्यभिज्ञातम्,1
प्रत्यभिज्ञातुं,1
प्रत्यभिज्ञानम्,1
प्रत्ययग्रहणं,1
प्रत्ययस्थात्ककारात्पूर्वस्याऽकारस्येकारः,1
प्रत्ययस्थात्कात्पूर्वस्यात,1
प्रत्ययस्थात्किम्,1
प्रत्ययाः,1
प्रत्ययात्मना,1
प्रत्ययादत्यन्तभेदेन,1
प्रत्ययान्,1
प्रत्ययाभावात्,1
प्रत्ययार्थस्य,1
प्रत्ययास्तेन,1
प्रत्ययेन,1
प्रत्ययो,1
प्रत्ययोऽहङ्कारस्यैव,1
प्रत्यर्थं,1
प्रत्यवमर्शः,1
प्रत्यवमर्शोऽनुशोचनीय,1
प्रत्यवाय,1
प्रत्याकलितम्,1
प्रत्यागत्य,1
प्रत्यागन्तुम्,1
प्रत्यात्म,1
प्रत्यात्मनियतः,1
प्रत्यात्मनियतानन्तशक्तियुक्तत्वादेकस्याः,1
प्रत्यात्मस्थस्वकालान्तापायिशक्तिसमूहवत्,1
प्रत्यानयति,1
प्रत्यायनात्,1
प्रत्याययन्ति,1
प्रत्यासत्त्या,1
प्रत्याहारः,1
प्रत्या॒ख्याय॒मव॑,1
प्रत्युक्तेति,1
प्रत्युत,1
प्रत्युपकारेण,1
प्रत्युपरताधिकारत्वान्न,1
प्रत्युवाचेदं,1
प्रत्यूहानां,1
प्रत्येक,1
प्रत्येकः,1
प्रत्येकबुद्धत्वे,1
प्रत्येकबुद्धभूमिं,1
प्रत्येकबुद्धभूमिर्,1
प्रत्येकबुद्धयानिकं,1
प्रत्येकमशीतोऽनुष्णः,1
प्रत्येकमष्टादशभेदाः,1
प्रत्येकस्मिन्,1
प्रत्येतव्या,1
प्रत्येत्य,1
प्रत्ये॑नान्नुदे॒,1
प्रत्ये॒वास्याहु॑तयस्तिष्ठ॒न्त्यथो॒,1
प्रत्य्पस्थितः,1
प्रत्य॑ध्व॒र्युः,1
प्रत॑नुष्व,1
प्रथं,1
प्रथता॒,1
प्रथद्वेविध्येनाह,1
प्रथमकन्दुकताडनं,1
प्रथमकाण्डे,1
प्रथमजनगणनानुसारं,1
प्रथमटेस्ट्क्रीडायाः,1
प्रथमतः,1
प्रथमतया,1
प्रथमपिङ्क्बाल्,1
प्रथमपुरुषं,1
प्रथममुद्देशः,1
प्रथमवृत्तपत्रिका,1
प्रथमसिक्तान्,1
प्रथमस्कन्धगतपञ्चदशेऽध्याये,1
प्रथमस्थाने,1
प्रथमांशाख्ये,1
प्रथमाङ्के,1
प्रथमादी,1
प्रथमाध्यक्षः,1
प्रथमाध्यायस्य,1
प्रथमान्तत्वमेवाश्रयणीयम्,1
प्रथमायां,1
प्रथमेत्येदैश्वर्येतु,1
प्रथमोपनिषत्,1
प्रथमोऽध्यायः,1
प्रथम॒जा,1
प्रथयति,1
प्रथयन्ति,1
प्रथा,1
प्रथानविकृतेरयः,1
प्रथित,1
प्रथितुम्,1
प्रथ॒मम्,1
प्रथ॒मान्या॑सन्न्,1
प्रथ॒मौ,1
प्रदक्षणं,1
प्रदक्षिणनमस्काराः,1
प्रदक्षिणपथः,1
प्रदक्षिणपथेषु,1
प्रदक्षिणमितीरितम्,1
प्रदक्षिणम्,1
प्रदक्षिणाश्चाप्यभवन्वन्यास्तं,1
प्रदक्षिणाऽविनाश्यं,1
प्रदतः,1
प्रदत्तं,1
प्रदर्शनायो,1
प्रदर्शयिष्यत,1
प्रदर्शित,1
प्रदर्शितः,1
प्रदर्शिता,1
प्रदर्शिताः,1
प्रदर्शिन्यः,1
प्रदर्श्योपसंहरति,1
प्रदा,1
प्रदानवशासेव,1
प्रदानाक्षिप्रेरण,1
प्रदानि,1
प्रदानेन,1
प्रदायकम्,1
प्रदाहयेत्,1
प्रदा॑तोरीश्व॒रा,1
प्रदिति,1
प्रदिपादिताः,1
प्रदिष्टो,1
प्रदीपः,1
प्रदीपवत्,1
प्रदीपवद्विषयाकारं,1
प्रदीपवन्मतिस्तस्य,1
प्रदीपादिवत्,1
प्रदीपित,1
प्रदेशयोः,1
प्रदेशस्य,1
प्रदेशेभ्यः,1
प्रदोषकाले,1
प्रदोषसमये,1
प्रद्युम्नमनिरुद्धं,1
प्रद॒रे,1
प्रधर्षयेत्,1
प्रधानकर्मणा,1
प्रधानकर्मणाभिभवः,1
प्रधानगा,1
प्रधानतत्वमन्तो,1
प्रधानप्रवृत्तेर्हेतुः,1
प्रधानभूतैः,1
प्रधानमन्त्रिणम्,1
प्रधानमीशदिग्भागे,1
प्रधानम्,1
प्रधानसांस्कृतिककेन्द्रेषु,1
प्रधानस्तु,1
प्रधानस्याऽपि,1
प्रधानांशः,1
प्रधानाख्यया,1
प्रधानाचार्यो,1
प्रधानादि,1
प्रधानान्ते,1
प्रधानाऽधिपैर्गुणमस्तकभुवनेषु,1
प्रधानेन,1
प्रधीव,1
प्रपञ्चं,1
प्रपञ्चः,1
प्रपञ्चकर्ताऽपि,1
प्रपञ्चत्वं,1
प्रपञ्चयत्यध्यायशेषेण,1
प्रपञ्चयिष्यते,1
प्रपञ्चसारसर्वस्वमनेनैव,1
प्रपञ्चे,1
प्रपञ्चोयमुच्यते,1
प्रपतत्यकाले,1
प्रपत्तिमार्गोऽन्यमार्गाणां,1
प्रपद्यत,1
प्रपद्यन्त,1
प्रपन्नाय,1
प्रपीड्य,1
प्रपूजयतेत्,1
प्रपूजया,1
प्रपूजयेद्भक्त्या,1
प्रपेदिरे,1
प्रप्रथमः,1
प्रप्ल॑वस्व,1
प्रप॒थ्या॑य,1
प्रबलतायां,1
प्रबलनिमित्तेन,1
प्रबलैर्बाध्यमानोऽसौ,1
प्रबाधिन्यावुद्वाहिकाले,1
प्रबुद्धानामभाव,1
प्रबुद्धो,1
प्रबुद्धौ,1
प्रबोधनाय,1
प्रबोधयेत्,1
प्रबोधेन,1
प्रब्रवीमि,1
प्रब्रूहि,1
प्रब्रू॒हि,1
प्रभव,1
प्रभवन्तीह,1
प्रभवश्चैव,1
प्रभविष्यति,1
प्रभा,1
प्रभाः,1
प्रभाकरम्,1
प्रभाकर्यां,1
प्रभातसूर्यं,1
प्रभावत्याम्,1
प्रभावेण,1
प्रभाषते,1
प्रभाषन्ते,1
प्रभासयात्रायां,1
प्रभासश्च,1
प्रभिद्य,1
प्रभिन्नकरटामुखम्,1
प्रभिन्नस्तु,1
प्रभुं,1
प्रभुर्हरत्यसंशयं,1
प्रभुसभायाः,1
प्रभु॒र्गात्रा॑णि॒,1
प्रभूतधनवान्,1
प्रभूतस्नेहमशनं,1
प्रभृतिग्रन्थानां,1
प्रभृतिचरणान्तं,1
प्रभृतिदेशेषु,1
प्रभृतिनां,1
प्रभृतिभिः,1
प्रभृतीः,1
प्रभृतीनां,1
प्रभृतीनि,1
प्रभृत्यहं,1
प्रभोर्व्यापकस्यात्मनः,1
प्रभोश्छाया,1
प्रभ्राजमाना,1
प्रभ्राजमानाना,1
प्रभ्राजमानीना,1
प्रभ॑वात्का॒चित्,1
प्रमत्त,1
प्रमत्तो,1
प्रमथ,1
प्रमथेत्येवं,1
प्रमदापतिः,1
प्रमदावियोगसमयः,1
प्रमन्तव्यो,1
प्रमम्य,1
प्रमर्दना,1
प्रमाण,1
प्रमाणतः,1
प्रमाणता,1
प्रमाणत्वाभावान्न,1
प्रमाणन्तरसंवादापेक्षा,1
प्रमाणप्रकरणमननुसन्धाय,1
प्रमाणमस्यादिति,1
प्रमाणमित्यर्थः,1
प्रमाणमूलत्वादनुपेक्ष्यत्वमुक्तम्,1
प्रमाणविदो,1
प्रमाणविरोधाच्चेति,1
प्रमाणविरोधाच्चेत्याशयेन,1
प्रमाणसंवादः,1
प्रमाणस्य,1
प्रमाणान्तरसंवादं,1
प्रमाणान्तरसंवादाभावेऽप्यनधिगतविषयज्ञानजनकत्वेन,1
प्रमाणान्तरसंवादो,1
प्रमाणाभावात्,1
प्रमाणाभावाद्,1
प्रमाणितैव,1
प्रमाणीक्रियते,1
प्रमाणे,1
प्रमाणेनेति,1
प्रमाणोक्तिरियमित्येव,1
प्रमाणोक्तिरूपं,1
प्रमाणोक्तिर्भवितुमर्हति,1
प्रमाणोपपन्न,1
प्रमाणोपपन्नमित्याह,1
प्रमाता,1
प्रमातुः,1
प्रमातृताप्रमुखं,1
प्रमातृप्रमेयप्रमाणरूपम्,1
प्रमात्रादि,1
प्रमाद्यन्त॑माध्या॒पयेत्,1
प्रमीरिता,1
प्रमुखं,1
प्रमुखः,1
प्रमुखनगराणि,1
प्रमुखभूमिकाम्,1
प्रमुखसेनापतिः,1
प्रमुखाः,1
प्रमुखाणां,1
प्रमुच्यते,1
प्रमुदितायां,1
प्रमुमोद,1
प्रमु॑मुक्तम॒स्मत्,1
प्रमु॒ञ्चमा॑ना,1
प्रमृ॒णन्,1
प्रमेयदीपिकायां,1
प्रमेयविरोधं,1
प्रमेहिणां,1
प्रमेहेष्वपि,1
प्रमोद,1
प्रमो॑षीः,1
प्रमो॒दिनी॑मप्स॒रां,1
प्रयक्तातु,1
प्रयच्छतोऽर्थान्विपुलान्वन्याश्रमपदं,1
प्रयच्छन्ति,1
प्रयच्छामि,1
प्रयतः,1
प्रयतते,1
प्रयत्नपूर्विका,1
प्रयत्नानन्तरीयकत्वमुत्पाद्यत्वेन,1
प्रयत्नानन्तरीयकत्वादित्युक्ते,1
प्रयत्नैर्न,1
प्रयत्नोऽहङ्कारस्य,1
प्रययुस्ते,1
प्रययौ,1
प्रयवाय,1
प्रया,1
प्रयागस्य,1
प्रयाजे,1
प्रयातश्शिबिरायैव,1
प्रयान्ति,1
प्रयान्तु,1
प्रयासं,1
प्रयासम्,1
प्रयास्यति,1
प्रया॑ते॒,1
प्रया॒याद्ग्री॑वब॒द्धमे॑नम्,1
प्रया॒याद्यथा॑,1
प्रयुक्तम्,1
प्रयुज्यताम्,1
प्रयुज्यमानानाम्,1
प्रयोक्तारश्च,1
प्रयोक्तृ,1
प्रयोक्तृकरणं,1
प्रयोक्तृकरणरञ्जकरूपं,1
प्रयोक्ष्यते,1
प्रयोगश्चात्र,1
प्रयोगे,1
प्रयोजकत्वं,1
प्रयोजकमुत,1
प्रयोजकम्,1
प्रयोजनमस्येति,1
प्रयोजनमुत्पश्यामः,1
प्रयोजनवती,1
प्रयोजनवत्त्वमस्त्वित्यत,1
प्रयोजनाधिकरणे,1
प्रयोजनाभावश्च,1
प्रयोजनोद्देशिप्रवृत्तिमानुपादेयवाक्यत्वात्संमतवदित्यनुमानसिद्धेत्यर्थः,1
प्रयोजनोद्देसस्येदं,1
प्रयोजनोपपादकत्वं,1
प्रयोजनोपपादकत्वरूपं,1
प्रयोज्याः,1
प्रय॑स्वा॒न्,1
प्रलपितेन,1
प्रलय,1
प्रलयकेवलावस्थायामनभिव्यक्ताः,1
प्रलयाकल,1
प्रलयाकलं,1
प्रलयाकलत्वज्ञाप,1
प्रलयाकलसकलभेद,1
प्रलयाकलाः,1
प्रलयाकलानामेते,1
प्रलयाकलाश्च,1
प्रलयाकलाश्चेद्विथा,1
प्रलयाकलेषु,1
प्रलयेन,1
प्रलयेऽध्यात्ममावेश्य,1
प्रलापे,1
प्रलिनोभिन्नो,1
प्रवचनीयैः,1
प्रवदन्ति,1
प्रवरं,1
प्रवर्त,1
प्रवर्तक,1
प्रवर्तति,1
प्रवर्तनाय,1
प्रवर्तमानः,1
प्रवर्तयति,1
प्रवर्तयतीति,1
प्रवर्तयथ,1
प्रवर्तस्यात्,1
प्रवर्ताया,1
प्रवर्तितुं,1
प्रवर्तिष्यते,1
प्रवर्त्यमानायां,1
प्रवर्धते,1
प्रवल्गितैः,1
प्रवस्तु,1
प्रवाति,1
प्रवालाक्षस्रजं,1
प्रवालैः,1
प्रवाहा,1
प्रवाहाः,1
प्रवाहाय,1
प्रवि,1
प्रविचितं,1
प्रविजृम्भितैः,1
प्रविन्यसेच्चैव,1
प्रविन्यसेत्,1
प्रविशतः,1
प्रविशत्यलज्जः,1
प्रविशामीत्येवैतदाह,1
प्रविश्य,1
प्रविष्टः,1
प्रविष्टकतिपयप्रणयिनि,1
प्रविष्टा,1
प्रविष्टाः,1
प्रविष्टो,1
प्रवृत्तकत्वमिति,1
प्रवृत्तस्तु,1
प्रवृत्ता,1
प्रवृत्ति,1
प्रवृत्तिदृष्टेः,1
प्रवृत्तिरज्ञस्य,1
प्रवृत्तिरिति,1
प्रवृत्तिरिह,1
प्रवृत्तिरुत्पुद्यत,1
प्रवृत्तिरेव,1
प्रवृत्तिर्,1
प्रवृत्तिर्दृश्यते,1
प्रवृत्तिर्न,1
प्रवृत्तिर्नात्यभिसन्धिपूर्विका,1
प्रवृत्तिर्निष्फला,1
प्रवृत्तिर्प्रवृत्तिर्,1
प्रवृत्तिर्युक्ता,1
प्रवृत्तिर्वाल्पशोऽति,1
प्रवृत्तिर्विनिवारिता,1
प्रवृत्तिहेतुत्वाद्,1
प्रवृत्ते,1
प्रवृत्तेः,1
प्रवृत्तेरिति,1
प्रवृद्धमूढबालादिकम्,1
प्रवृद्धस्य,1
प्रवृर्त्तिर्,1
प्रवेशः,1
प्रवेशितम्,1
प्रवेशेतु,1
प्रवेशो,1
प्रवे॒शये॒थ्सर्वां,1
प्रव्यक्तलक्षणता,1
प्रव्रज्याश्रामणेरत्वोपगमश्च,1
प्रव॒र्तये॑यु॒स्तर्,1
प्रशंसा,1
प्रशंस्य,1
प्रशमनं,1
प्रशस्ततरमित्यर्थः,1
प्रशस्तवर्णानां,1
प्रशस्तिः,1
प्रशस्यते,1
प्रशस्यस्ते,1
प्रशस्यैवं,1
प्रशान्त,1
प्रशान्तं,1
प्रशान्तक्रूरसत्त्वाढ्यं,1
प्रशान्ताय,1
प्रशान्तिं,1
प्रशासनप्रदेशः,1
प्रशा॒स्त्रोः,1
प्रश्न,1
प्रश्नस्य,1
प्रश्वासे,1
प्रष्टिवा॒ही,1
प्रसक्त,1
प्रसक्ता,1
प्रसक्ताः,1
प्रसक्तिरिति,1
प्रसक्तो,1
प्रसक्त्यभावात्,1
प्रसङ्गादिहोक्तम्,1
प्रसङ्गाद्वारादि,1
प्रसङ्गाद्व्यञ्जक,1
प्रसङ्गेन,1
प्रसन्नकरण,1
प्रसन्नात्मा,1
प्रसन्ने,1
प्रसन्नोऽस्तु,1
प्रसन्नौ,1
प्रसरन्तः,1
प्रसहु,1
प्रसह्यसा॒हिने,1
प्रसादजनकं,1
प्रसादत,1
प्रसादतः,1
प्रसादभूताश्च,1
प्रसादयामासुरुमां,1
प्रसादविहितान्वरान्,1
प्रसादश्च,1
प्रसादात्,1
प्रसादात्परमेशस्य,1
प्रसादात्पुनरेव,1
प्रसादीकुरुते,1
प्रसादे,1
प्रसादेन,1
प्रसाध्याधुना,1
प्रसाध्यानन्तशक्तियुक्तत्वमपि,1
प्रसारः,1
प्रसारणं,1
प्रसारितम्,1
प्रसारितवन्तः,1
प्रसारिताणि,1
प्रसारितेत्यर्थः,1
प्रसिद्ध,1
प्रसिद्धमस्ति,1
प्रसिद्धमिति,1
प्रसिद्धमेतद्,1
प्रसिद्धये,1
प्रसिद्धस्य,1
प्रसिद्धहिन्दुस्तानीसङ्गीतज्ञौ,1
प्रसिद्धाः,1
प्रसिद्धाग्निप्रकरणमननुसन्धाय,1
प्रसिद्धाग्नौ,1
प्रसिद्धाया,1
प्रसिद्धिः,1
प्रसिद्धिमवाप,1
प्रसिद्धिर्लिघदैर्ध्यं,1
प्रसिद्धीकरिष्यतीति,1
प्रसिद्धो,1
प्रसिद्धौ,1
प्रसि॑च्यते,1
प्रसीदति,1
प्रसीदस्व,1
प्रसीदेति,1
प्रसूतिं,1
प्रसूतिविषयेऽपि,1
प्रसूते,1
प्रसूतैरधारणैः,1
प्रसूत्यां,1
प्रसूनफलपल्लवैः,1
प्रसृता,1
प्रस्खलन्मृदुविक्रमाः,1
प्रस्तार,1
प्रस्तारोऽर्धसमविषमाणाम्,1
प्रस्तुतं,1
प्रस्तोतृप्रतिह॒र्तृभ्यां॒,1
प्रस्थः,1
प्रस्थानमकार्षम्,1
प्रस्थापयामास,1
प्रस्थाप्य,1
प्रस्थितयाज्यानाम्,1
प्रस्थैकं,1
प्रस्फुरद्वितयं,1
प्रस्मृतस्यानुसन्धानं,1
प्रस्रवणानि,1
प्रस्रवणोद्भवे,1
प्रस्रवाणि,1
प्रस्वापं,1
प्रस्वेदैः,1
प्रस॒वाना,1
प्रस॒वे,1
प्रहरैदेवि,1
प्रहर्षदम्,1
प्रहसन्निव,1
प्रहारिभिः,1
प्रहारेण,1
प्रहृष्टवदनोऽभवत्,1
प्रहृष्येत्,1
प्रह्लन्नः,1
प्रह्लादयति,1
प्रह्लादोऽस्मीति,1
प्रह॑रति,1
प्राकटयत्,1
प्राकाम्यं,1
प्राकारकर्णाख्यमपृच्छत्सोऽप्युवाच,1
प्राकारस्तु,1
प्राका॒शाव॑ध्व॒र्यवे॑,1
प्राकृत,1
प्राकृतमलेनोज्झयितुं,1
प्राकृतमुच्यते,1
प्राकृतम्,1
प्राकृताविमनो,1
प्राकृताश्च,1
प्राकृतिका,1
प्राकृतिकी,1
प्राकृतिकीः,1
प्राकृते,1
प्राकृतेभ्यश्चाधर्मादिभ्यः,1
प्राकृतैर्द्विपदपशुभिरुन्मत्तजडबधिरमूके,1
प्राकृतैश्वर्यभोगदम्,1
प्राकृतो,1
प्राक्कलायोगात्,1
प्राक्तनलक्षणानां,1
प्राक्पूर्वतनं,1
प्राक्रेणा,1
प्राक्सृष्टेर्निष्कलो,1
प्रागनुक्तत्वेनासिद्धस्यादनकर्तृत्वस्य,1
प्रागनुत्पन्नः,1
प्रागागामि,1
प्रागादि,1
प्रागादिषु,1
प्रागाद्यष्टदलेषु,1
प्रागुक्त,1
प्रागुक्तं,1
प्रागुक्तमिति,1
प्रागुक्तया,1
प्रागुक्तस्थूलपृथिवीकारणभूते,1
प्रागुक्ता,1
प्रागुक्तां,1
प्रागुक्ताः,1
प्रागुक्तादन्तःकरणत्रयान्मनः,1
प्रागुक्तैः,1
प्रागुक्योऽनवस्थानानिर्मोक्षादिदोषः,1
प्राग्भवीयादृष्टवशात्,1
प्राग्भवीयादृष्टादेव,1
प्राग्वद्वीतरागाभावप्रसङ्ग,1
प्राग्वमूर्ति,1
प्राङि्नवृत्तत्वात्,1
प्राङ्,1
प्राङ्मननादेः,1
प्राचि,1
प्राचीं,1
प्राचीनं,1
प्राचीनपरम्परां,1
प्राचीनवदने,1
प्राची॒,1
प्राचेतसेन,1
प्राच्यां,1
प्राच्यानुदीच्यान्मध्यांश्च,1
प्राच्यामग्नि,1
प्राच्यावलक्षणम्,1
प्राजापत्यः,1
प्राजापत्यश्चेत्येवमेकशेषं,1
प्राजापत्यां,1
प्राजापत्यायुतं,1
प्राजाप॒त्यं,1
प्राजाप॒त्यः,1
प्राजाप॒त्याः,1
प्राजाप॒त्यामा,1
प्राजाप॒त्यो,1
प्राजा॑यन्त॒,1
प्राजेशं,1
प्राज्ञायां,1
प्राज॑नयद॒ग्निरग्र॑सत॒,1
प्राज॑नयद॒ग्निर॑ग्रसत॒,1
प्राञ्च॑म॒ग्निम्प्र,1
प्राञ्जलयः,1
प्राञ्जलयस्तदा,1
प्राञ्जलिं,1
प्राणं,1
प्राणत्यागे,1
प्राणदाहौ,1
प्राणमिच्छन्ति,1
प्राणयात्रानिमित्तञ्च,1
प्राणवत्तत्स्थितं,1
प्राणश्,1
प्राणस्य,1
प्राणाख्यमान्तरं,1
प्राणातिपातवैरमण्यस्य,1
प्राणातिपातवैरमण्यां,1
प्राणात्मनस्तावद्,1
प्राणादि,1
प्राणादिवायुबलेन,1
प्राणानाम्प्रतिप्रज्ञात्यै,1
प्राणान्,1
प्राणापानव्यानेषु,1
प्राणापानादिसञ्ज्ञाभाजो,1
प्राणापानावपि,1
प्राणापानावेव,1
प्राणापा॒नावे॒वाव॑,1
प्राणायामयुतां,1
प्राणा॑पानौ,1
प्राणा॑पानौ॒,1
प्राणिनः,1
प्राणिनां,1
प्राणिपीडनम्,1
प्राणेन,1
प्राणैरपि,1
प्राणैर्बलं,1
प्राणोपानः,1
प्रातःकालस्यापेक्षया,1
प्रातःसव॒न,1
प्रातःसव॒नं,1
प्रातःसव॒नस्य॑,1
प्रातरव्याद्गोविन्द,1
प्रातराशमपि,1
प्रातिपदिकणिचो,1
प्रातिपदिकाण्णिचि,1
प्रातिपदिकाण्णिच्,1
प्रातिपदिकादित्यर्थः,1
प्रातिशाख्यग्रन्थाः,1
प्रातौ,1
प्राथमिकज्ञानग्रहरूपतया,1
प्राथमिकम्,1
प्राथष्यमित्याशयेन,1
प्रादक्षिण्यक्रमेण,1
प्रादुर्भवतु,1
प्रादुर्भूत,1
प्रादेशिकसर्वकारस्य,1
प्रादेशोन्नतधिष्ण्ये,1
प्राद्रवद्भृशपीडितः,1
प्राधान्यं,1
प्राधान्यादुक्तम्,1
प्राधान्येन,1
प्रान्ते,1
प्राप,1
प्रापणीयं,1
प्रापत्कोपेन,1
प्रापनीयम्,1
प्रापयताम्,1
प्रापयति,1
प्रापय्य,1
प्रापालङ्करणं,1
प्राप्तत्वादिति,1
प्राप्तरथस्यापि,1
प्राप्तवन्तः,1
प्राप्तवान्,1
प्राप्तवैराग्याभ्यासवासना,1
प्राप्तस्तद्गोचरो,1
प्राप्तस्य,1
प्राप्तानां,1
प्राप्तानि,1
प्राप्तिः,1
प्राप्तिरित्यप्युक्तं,1
प्राप्तिरूपत्वेन,1
प्राप्तिश्चाधिकारानु,1
प्राप्तेषु,1
प्राप्तैः,1
प्राप्तोऽस्मि,1
प्राप्त्यादिकामना,1
प्राप्नुयाद्,1
प्राप्नुयुः,1
प्राप्नुवन्ति,1
प्राप्यकुलदेवेन,1
प्राप्यन्ते,1
प्राप्ययानित्,1
प्राप्या,1
प्राप्यापि,1
प्राप्स्ये,1
प्राभवीणां,1
प्रामाणिकत्वेनायुक्तवादित्वाभावादाधिक्यादिनिग्रहस्थानास्पदं,1
प्रामाणिकमेवेत्यर्थ,1
प्रामाण्यमित्येवार्थमुपेत्याह,1
प्रामाण्यात्,1
प्रामाण्योक्तिपर्ण,1
प्रायमुपविष्टा,1
प्रायश्चित्तं,1
प्रायश्चित्तमुपक्रम्य,1
प्रायश्चित्तविधिं,1
प्रायश्चित्तादि,1
प्रायश्चित्तादिना,1
प्रायात्,1
प्रायादुदीचीं,1
प्रायेण,1
प्रायोनार्येषु,1
प्राय॑च्छदु॒ग्रः,1
प्राय॑च्छ॒त्तदनु॒,1
प्राय॑श्चित्तिः,1
प्राय॑श्चित्ति॒र्ये,1
प्राय॒णीये॑,1
प्रारब्धकर्म,1
प्रारब्धकर्मणां,1
प्रारब्धकर्मणापि,1
प्रारब्धे,1
प्रारम्भोत्सवे,1
प्रारिप्सितं,1
प्रार्णां॑सि,1
प्रार्तयते,1
प्रार्थना,1
प्रार्थय,1
प्रार्थयामास,1
प्रार्थयित्वाब्रवीदिदम्,1
प्रार्थयेत्परमेश्वरम्,1
प्रार्थयेद्गृहे,1
प्रार्थिष्यन्ते,1
प्रार॒ण्याः,1
प्रावधानमुल्लिखतम्,1
प्रावरणमिति,1
प्रावल्यमदृष्टमुत,1
प्राविशत्,1
प्रावृषीह,1
प्राशस्त्यमस्ति,1
प्राशी॑त्,1
प्राश्नी॑यादिन्द्रि॒यमे॒वात्मन्ध॑त्ते॒,1
प्राश्नी॑या॒द्यद॒प्सु,1
प्राश्न॑न्ति,1
प्रासादं,1
प्रासादमण्डलानि,1
प्रासादमपि,1
प्रासादलिङ्गप्रतिमादीनाम्,1
प्रासादसदृशसौधेषु,1
प्रासादस्यार्ध्वव्याप्तिं,1
प्रासादाभिधानस्य,1
प्रास्तौ॒दुच्च॑,1
प्रास्या॒ग्नावा॑दि॒त्यं,1
प्राहिणोन्निशितान्बाणान्पञ्च,1
प्राहुः,1
प्राहुराशौचं,1
प्राहुरास्तिकाः,1
प्राहुर्भिक्षान्नं,1
प्राहुर्मनीषिणः,1
प्राहुर्वेदागमपरायणाः,1
प्राहुस्तत्प्रतिष्ठितमुच्यते,1
प्राहेदं,1
प्राह॒,1
प्रा॑जाप॒त्यः,1
प्रा॑णत्रा॒तः,1
प्रा॑णापा॒नयोः,1
प्रा॑णापा॒ना,1
प्रा॑तःसव॒न,1
प्रा॑तरनुवा॒काज्जु॑हुयादा॒त्मन॑,1
प्रा॒जा॒प॒त्या,1
प्रा॒जा॒प॒त्यो,1
प्रा॒णन्त्रि॒,1
प्रा॒णन्द्वावि,1
प्रा॒णमङ्गे,1
प्रा॒णमा॒त्मन्ध॑त्ते॒,1
प्रा॒णमे॒वास्मै॒,1
प्रा॒णम्,1
प्रा॒णस्य॑,1
प्रा॒णाना॒दायाऽस्त॑ङ्गाः,1
प्रा॒णाना॒दाया॒ऽस्तमेति॑,1
प्रा॒णाना॒दायोद॑गाः,1
प्रा॒णाना॒दायो॒देति॑,1
प्रा॒णाने॒वास्य॑,1
प्रा॒णान्द॑धाति,1
प्रा॒णान्प्र॒त्यक्षे॑ण,1
प्रा॒णान्प॒शुषु॑,1
प्रा॒णाय॒,1
प्रा॒णा॒पा॒नयो,1
प्रा॒णे,1
प्रा॒णेभ्यः॒,1
प्रा॒णेभ्य॑,1
प्रा॒णैरप॑क्षीयति,1
प्रा॒णैरप॑क्षेष्ठाः,1
प्रा॒णैरा॒पूरि॑ष्ठाः,1
प्रा॒णैरा॒पूर्य॑ति,1
प्रा॒णैरुद्य॑न्ति,1
प्रा॒णो॑,1
प्रा॒ण॒ग्र॒हान्गृ॑ह्णात्ये॒ताव॒द्वा,1
प्रा॒तरे॒तेन॒,1
प्रा॒श्नन्ति॒,1
प्रिय,1
प्रियं,1
प्रियंवदाय,1
प्रियकराय,1
प्रियचिकीर्षवः,1
प्रियत॑म,1
प्रियत॑मं,1
प्रियदर्शनाय,1
प्रियदृष्टिपातात्,1
प्रियप्रायः,1
प्रियम्,1
प्रियसंगमाय,1
प्रियसंसिक्तायै,1
प्रियहिते,1
प्रियापराध,1
प्रियाहं,1
प्रियोऽसि,1
प्रि॒य,1
प्रि॒यं,1
प्रि॒यमि॑न्द्राबृहस्पती,1
प्रि॒यमे॑षां॒,1
प्रि॒यस्तो,1
प्रि॒या,1
प्रि॒येण॑,1
प्रि॒यो,1
प्रीणन्त्येव,1
प्रीणयन्ति,1
प्रीतः,1
प्रीतमना,1
प्रीताः,1
प्रीतिः,1
प्रीतिर्द्बेषो,1
प्रीतिविषादादेस्तदास्वादप्रसङ्गात्,1
प्रीतिश्च,1
प्रीतिसुखं,1
प्रीतो,1
प्रीत्यर्थं,1
प्रीत्यै,1
प्रीयमाणं,1
प्रीयमाणाय,1
प्रे,1
प्रेक्षणीयस्थानानि,1
प्रेक्षमाणा,1
प्रेक्ष्य,1
प्रेतश्चादृश्यतां,1
प्रेता,1
प्रेति॑रसि॒,1
प्रेति॑व॒न्त्याज्या॑नि,1
प्रेतेषु,1
प्रेत्ययमुपसर्ग,1
प्रेत॑,1
प्रेमदासेन,1
प्रेयभावपरम्परापरिणामस्थाविरामाच,1
प्रेरको,1
प्रेरणाकर्षणे,1
प्रेरितया,1
प्रेषितवन्तौ,1
प्रेषिताः,1
प्रेष्यापेष्यमाणललाटलेपोपदिग्धदृषदि,1
प्रेहि॒,1
प्रेह्यु॒देह्यृ॒तस्य॑,1
प्रैतु॒,1
प्रैप्स॒न्तेषा॒मङ्गि॑रसां॒,1
प्रैषो,1
प्रै॒ष॒कृत्प्र॑थ॒मः,1
प्रोक्तभूतविधातृषु,1
प्रोक्तमजूनां,1
प्रोक्तवत्परम्परया,1
प्रोक्तवदिन्द्रियाणां,1
प्रोक्तवद्ग्राह्यत्वेन,1
प्रोक्तवद्बुद्ध्यादिद्वारेण,1
प्रोक्तस्य,1
प्रोक्तानां,1
प्रोक्ते,1
प्रोक्तेन,1
प्रोक्तोऽनन्तोऽसिते,1
प्रोग्रेस,1
प्रोचुः,1
प्रोचुराकुलितेक्षणाः,1
प्रोच्चार्य,1
प्रोच्यतामिति,1
प्रोत्साहनं,1
प्रोमील्यते,1
प्रौगं,1
प्रौढो,1
प्रौद्योगिकी,1
प्र्मोसू,1
प्र॑जनयि॒ता,1
प्र॑जनि॒ष्यन्ते,1
प्र॑जाप॒तये,1
प्र॑ण॒व,1
प्र॑ति,1
प्र॑तिग॒रम्प्रती,1
प्र॑ति॒वेष्ट॑माना,1
प्र॑ति॒ष्ठा,1
प्र॑ति॒ष्ठां,1
प्र॑ती॒चीनं॒,1
प्र॑त्यक्षे॒ण,1
प्र॑थम॒जो,1
प्र॑थ॒मे,1
प्र॑वद॒न्तीः,1
प्र॑वे॒शये,1
प्र॑व॒र्ग्यो॑ऽभवत्,1
प्र॑स्तो॒ता,1
प्र॑स॒वाना,1
प्र॒जया॒,1
प्र॒जया॒हम॒द्य,1
प्र॒जयै॒वैन॑म्प॒शुभिः॒,1
प्र॒जाका॑मश्चिन्वीत,1
प्र॒जाका॑माय,1
प्र॒जाप॑तिं,1
प्र॒जाप॑तिना,1
प्र॒जाप॑तिनै॒वास्या॒न्नाद्य॑मा॒दाय॒र्तवो,1
प्र॒जाप॑तिनै॒वास्या॒न्नाद्य॒मा,1
प्र॒जाप॑तिम्प्र॒श्ञमै॑ता॒,1
प्र॒जाप॑तिरकामयत,1
प्र॒जाप॑तिरनु॒ष्टुब्धा॒ता,1
प्र॒जाप॑तिराग्ने॒यम॒ष्टाक॑पाल,1
प्र॒जाप॑तिर्देवासु॒राना॑यु॒र्दा,1
प्र॒जाप॑तिर्देवासु॒रान॑सृजत॒,1
प्र॒जाप॑तिर्वि॒राज॑मपश्य॒त्तया॑,1
प्र॒जाप॑तिर्वि॒श्वक॑र्मा॒,1
प्र॒जाप॑तिर॒ग्निं,1
प्र॒जाप॑तिस्तमे॒व,1
प्र॒जाप॑ति॒मुपा॑धाव॒त्तस्मा॑,1
प्र॒जाप॑ति॒मुपा॑धाव॒न्थ्सो,1
प्र॒जाप॑ति॒रेकः॑,1
प्र॒जाप॑ति॒र्जया॒निन्द्रा॑य॒,1
प्र॒जाप॑ति॒र्वा,1
प्र॒जाप॑ति॒र्वाव,1
प्र॒जाप॑ति॒स्ता,1
प्र॒जाप॑ते॒र्जाय॑मानाः,1
प्र॒जाप॑ते॒र्वर्णो॒,1
प्र॒जाप॑तौ॒,1
प्र॒जाभ्यः॑,1
प्र॒जाभ्यो॑,1
प्र॒जामे॒वाव॑,1
प्र॒जाम्,1
प्र॒जाम्पव॑मानस्य॒,1
प्र॒जाम्मयि॑,1
प्र॒जाम्मयि॒,1
प्र॒जाम्मयीन्द्र॑,1
प्र॒जाम्मय्य॒ग्निस्तेजो॑,1
प्र॒जायां,1
प्र॒जाया॑,1
प्र॒जाव॑न्त,1
प्र॒जाश्छन्दो॑भिरे॒वास्मै,1
प्र॒जास्ता,1
प्र॒जा॒नन्तः॒,1
प्र॒ति॒पू॒रु॒षमेक॑कपाला॒न्निर्व॑प॒त्येक॒मति॑रिक्तं॒,1
प्र॒तीचः॒,1
प्र॒तीचीः,1
प्र॒तीची॒,1
प्र॒तीष्या॑,1
प्र॒त्नो,1
प्र॒त्यक्ष॑मैति॒ह्यम्,1
प्र॒त्यक्ष॑म्पश्य॒थ्सो,1
प्र॒त्यङ्ख्सोमो॒,1
प्र॒त्यङ्तिष्ठ॑न्प्रतिगृ॒णाति॒,1
प्र॒त्यञ्चं॑,1
प्र॒त्यञ्चः॒,1
प्र॒त्यति॑ष्ठ॒त्ततो॒,1
प्र॒त्याह्व॑यते॒,1
प्र॒थ॒मन्धा॒तार,1
प्र॒थ॒मो,1
प्र॒दिवि॑क्षरन्ति,1
प्र॒दिवीति॑प्र॒ऽदिवि॑,1
प्र॒दिश॒स्ताभि॒रा,1
प्र॒माणं॑,1
प्र॒मायु॑कः,1
प्र॒मायु॑को॒,1
प्र॒मु॒ञ्चमा॑नाः,1
प्र॒मोद॑न्ते॒,1
प्र॒यन्ति॑,1
प्र॒याति॒,1
प्र॒वत॒,1
प्र॒वास्य॑नु॒वासीत्या॑ह,1
प्र॒वृद॒सीत्या॑ह,1
प्र॒वेद॑,1
प्र॒व॒र्ग्यव॑दादे॒शः,1
प्र॒शिषा॑,1
प्र॒सर्प॑न्तम्,1
प्र॒सृप्य॑,1
प्र॒हामा॑प्नोतु,1
प्लाक्ष॒,1
प्ला॒क्षिः,1
प्लुतं,1
प्वङ्गं,1
प्सातः,1
प्साता,1
प्सुरः,1
प्स्,1
प्स्भ्,1
प््राथमं,1
प॑तन्ति॒,1
प॑तिर्व्यो॒म,1
प॑ति॒तः,1
प॑रम॒जाः,1
प॑रिवृ॒क्त्यै॑,1
प॑रिवृ॒श्चति,1
प॑ल्व॒याः,1
प॑वत,1
प॑वमा॒नः,1
प॑श्चादि॒ति,1
प॒क्वमा॒मास्व॒न्तः,1
प॒ङ्क्तिरा॑धाश्च॒,1
प॒ङ्क्तिश्छन्दो॒,1
प॒ङ्क्तिस्त्वा॒,1
प॒ङ्क्त्यौ॑,1
प॒टरो॑,1
प॒ति॒म्॒,1
प॒त॒,1
प॒थिभि॑र्दक्षि॒णावा,1
प॒थिभि॑र्देव॒यानै॒रोष॑धीषु॒,1
प॒थो,1
प॒दान्यनु॑,1
प॒दा॒,1
प॒द्भिरा॑ह॒ते,1
प॒न्नेज॑नीः,1
प॒न्नेज॑नीर्गृह्णामि,1
प॒रं,1
प॒रस्ता॒थ्स्यादु॒क्थ्यं॑,1
प॒रि॒धीँर॑पश्यत्,1
प॒रि॒धीनिति॑प॒रि॒ऽधीन्,1
प॒रि॒भूर॒ग्निम्प॑रि॒भूरिन्द्र॑म्परि॒भूर्विश्वां,1
प॒रि॒वा॒पात्प्र॒जां,1
प॒रो,1
प॒रोर॑जाः॒,1
प॒र्जन्यः॑,1
प॒र्जन्या,1
प॒र्जन्या॑य,1
प॒र्जन्या॑य॒,1
प॒र्जन्या॒,1
प॒र्जन्य॑स्या॒ऽ॒ऽ॒यत॑नं॒,1
प॒र्जन्य॑स्या॒ऽ॒ऽ॒यत॑नम्,1
प॒र्णम॑च्छिद्यत॒,1
प॒र्याव॑र्तत॒,1
प॒र्याव॑र्तेते,1
प॒र॒मे॒ष्ठ्यधि॑पति,1
प॒र॒स्पास्त्वं,1
प॒ल्व॒ल्या,1
प॒वमा॑नं,1
प॒वित्रं॑,1
प॒वित्रा॒थ्स्वाहा॑कृत॒मिन्द्रा॑य॒,1
प॒वित्रे॑ण,1
प॒वित्र॑वन्तः॒,1
प॒वित्र॒मत्ये॑ति॒,1
प॒शवे॑,1
प॒शव॑स्तृतीयसव॒नं,1
प॒शव॑स्स॒प्त,1
प॒शव॒श्छन्दो॑भिरे॒वास्मै॑,1
प॒शव॒श्शक्व॑री,1
प॒शव॒स्तेषा,1
प॒शुं,1
प॒शुका॑मश्चिन्वीत,1
प॒शुका॑म॒श्छन्दा,1
प॒शुनेत्या॑ह॒,1
प॒शुभि॑र्ब्रह्मवर्च॒सेन॑,1
प॒शुभ्यः॑,1
प॒शुभ्य॑स्त्वा,1
प॒शुमाप्री॑त॒मुद॑ञ्चं॒,1
प॒शुम॑कुर्वत,1
प॒शुरुल्ब॑मिव॒,1
प॒शुर्न,1
प॒शुस्तं,1
प॒शुस्तमा॒प्त्वाव॑,1
प॒शुस्तस्याव॑,1
प॒शु॒पतिः॑,1
प॒शु॒मान्,1
प॒शू,1
प॒शूञ्जि॒न्वेत्या॑ह,1
प॒शूननु॒,1
प॒शूनव॑,1
प॒शूने॒वाव॑,1
प॒शूने॒वास्मै॒,1
प॒शून्नाभि,1
प॒शून्नाभ्य॑मन्यत॒,1
प॒शून्प्र,1
प॒शून्प्रति॑,1
प॒शून्मह्यं॒,1
प॒शून्मे॑,1
प॒शून॒न्तर्द॑धा॒त्यथो॒,1
प॒शून॒भि,1
प॒शू॒नां,1
प॒शू॒नामे॒व,1
प॒शोराप्त्या॑,1
प॒शोर्भू॒मा,1
प॒शोर॑व॒दानं॒,1
प॒श्चादुप॑दधताम्,1
प॒श्चादुप॑दधाति,1
प॒श्चादु॒त,1
प॒श्चादु॒तोत्त॑रस्मा॒दध॑रादघा॒योः,1
प॒श्चादु॒पाद॑धात्,1
प॒श्चादे॒व,1
प॒स्त्या,1
प॒स्त्या॑सु,1
फक्,1
फड्नाविसः,1
फणीन्द्रो,1
फरवरी,1
फलकामः,1
फलकामस्य,1
फलकामो,1
फलजनन,1
फलजननानहक्रियते,1
फलत,1
फलति,1
फलत्रिकैः,1
फलदो,1
फलद्वय,1
फलप्रदः,1
फलप्रदकर्मणादाहेष्विप्रारब्ध,1
फलप्रदानेन,1
फलभेद,1
फलभेदानाह,1
फलमश्नुते,1
फलमाप्रुयात्,1
फलमिदमस्ति,1
फलमीयुस्तथा,1
फलमेषां,1
फलमैहलौकिकम्,1
फलवत्त्वादस्मिन्नेवाक्थे,1
फलविशेषार्थिभिर्वा,1
फलहीनानि,1
फलानुग्रहापेक्षा,1
फलान्तरमाह,1
फलान्यष्टौ,1
फलारम्भेण,1
फलावश्यम्भावनीयमात्,1
फलावहा,1
फलाहारा,1
फलितं,1
फलितमाहा,1
फलीभाव,1
फलेनाननुबन्धि,1
फलैः,1
फलैर्निन्ये,1
फलोत्कर्षापकर्षों,1
फल्गुनं,1
फल्गुनः,1
फ़रिदा,1
फारस,1
फारुखस्य,1
फुल्लाभिर्,1
फेनयुतमार्द्रक,1
फोर्ट्,1
फ्रान्स्,1
बकपंक्तिं,1
बकराजो,1
बकवर्ग,1
बङ्गलूरु,1
बङ्गाल्,1
बङ्ग्लादेशदलं,1
बङ्ग्लादेशस्य,1
बङ्‌गालस्य,1
बङ्‌ग्लादेशं,1
बङ्‌ग्लादेशदलस्य,1
बङ्‌ग्लादेशदले,1
बङ्‌ग्लादेशस्य,1
बत,1
बदरीबीजनिर्जातम्,1
बद्ध,1
बद्धचर्मासिपट्टिशाः,1
बद्धजीवस्तु,1
बद्धत्वं,1
बद्धत्वाद्,1
बद्धमुक्तयोरविशेषः,1
बद्धयेद्दृडम्,1
बद्धात्मनि,1
बद्धाभरणनिर्यूहा,1
बद्ध्वा,1
बधिनीदि,1
बधिरव्यङ्गकुष्ठिनाम्,1
बधिरान्धौ,1
बध्नाति,1
बध्वत्वमेव,1
बध्वा,1
बन्धं,1
बन्धः,1
बन्धकत्वं,1
बन्धकत्वमेव,1
बन्धकृतस्यादर्शनस्य,1
बन्धतः,1
बन्धनामृत्योर्मुक्षीय,1
बन्धनिगमनरूपनिश्रेयस,1
बन्धनिवृत्ति,1
बन्धमिथ्यात्वस्याह,1
बन्धमिथ्यात्वेन,1
बन्धवशादनेक,1
बन्धस्यात्मनः,1
बन्धस्याप्यभावद्,1
बन्धाभावः,1
बन्धाश्च,1
बन्धुकृत्यं,1
बन्धु॑स्तपो॒जाः,1
बन्धु॒मस॑ति॒,1
बन्धूकपुष्परजसारुणिता,1
बन्धून्,1
बन्धोपनोदकृदि,1
बन्धोऽनात्मन्यात्माभिमानितादिः,1
बन्ध॑नान्मृ॒त्योर्मु॑ख्षीय॒,1
बभुक्षोराह,1
बभूवासुलभैर्,1
बभूवुः,1
बभूवुर्मिथुनं,1
बभूवुर्विवशाः,1
बभूवेष्टा,1
बभूव॒,1
बभू॒वुषी,1
बभ्रर्भस्मान्तकक्षयान्तका,1
बभ्राम,1
बर्,1
बर्हिरग्नेर्वसुवने,1
बलं,1
बलः,1
बलकायेन,1
बलगर्विताम्,1
बलदर्शनव्यपदेशदर्शिताशेषसैन्यः,1
बलप्रमथनी,1
बलवक्तराय,1
बलवत्तराय,1
बलवान्भुवि,1
बलविकरणी,1
बलश्चाति,1
बलश्चैव,1
बला,1
बलाद्या,1
बलाबलं,1
बलायना,1
बलाशतकषाये,1
बला॑य॒,1
बलिकर्मस्वधाहोमस्वाध्यायातिथिसक्रियाः,1
बलिदैत्यस्य,1
बलिनः,1
बलिना,1
बलिभुजो,1
बलि॒,1
बलूचिस्थाने,1
बलोत्कटाधात्री,1
बसु,1
बस्,1
बहिं,1
बहिः,1
बहिराकाशनिलयात्,1
बहिरागतम्,1
बहिरागतानि,1
बहिरानीताः,1
बहिरानीतानि,1
बहिर्गमनम्,1
बहिर्दृष्टये,1
बहिर्देवप्रवर्तकम्,1
बहिर्देशे,1
बहिर्मुखाः,1
बहिर्वापारनिवृत्या,1
बहिश्च,1
बहिष्करणभावेन,1
बहिष्करणानां,1
बहिष्कृतवती,1
बहुकन्दरशोभितम्,1
बहुकारणीभूतः,1
बहुगुणं,1
बहुजन्मार्जितान्यपि,1
बहुतरौ,1
बहुत्वं,1
बहुधेकैकं,1
बहुनाऽभिहितेन,1
बहुपण्डिताभिप्रायमनुसृत्य,1
बहुपरिव्राजका,1
बहुपित्तैषा,1
बहुपुण्यमिश्र,1
बहुपुरुषाणां,1
बहुप्रकाराणां,1
बहुभागः,1
बहुभाषाज्ञानं,1
बहुभिः,1
बहुभिर्,1
बहुभिर्बहुधा,1
बहुभिर्युक्तस्तदा,1
बहुमानार्थं,1
बहुमुखप्रतिभान्विताय,1
बहुमुखसहकरणं,1
बहुरूपस्ततस्स्मृतः,1
बहुरूपिणः,1
बहुलं,1
बहुलपक्षद्वादस्यां,1
बहुलासु,1
बहुलेन,1
बहुवचनमुपलभ्यते,1
बहुवचनात्,1
बहुवचनान्यथानुपपत्तिः,1
बहुवर्षाणि,1
बहुविधाः,1
बहुविधानि,1
बहुशो,1
बहुश्रुताः,1
बहुषु,1
बहुष्वपि,1
बहुसूवरी,1
बहु॒धैक॑रूपाः,1
बहु॒सूव॑री,1
बहून्,1
बहून्यस्य,1
बहून्युद्धरणानि,1
बहून्सोमान्सोमसंस्थास्ततान,1
बह्नी,1
बह्वन्यत्,1
बह्वमन्यत,1
बह्वागमवचनात्,1
बह्वीति,1
बह्वीनां,1
बह्वृचः,1
बह्वेदेका,1
बह्व्यः,1
बा,1
बांधवानां,1
बाङ्कोक्,1
बाणमुत्सृज्य,1
बाणलिङ्गे,1
बाणादय,1
बादरायणिः,1
बादरायणो,1
बाधकसद्भावाद्युक्तमवधारणम्,1
बाधा,1
बाधात्,1
बाधितः,1
बाध्यते,1
बान्धवस्त्रीभिः,1
बान्धवाः,1
बान्धवाश्च,1
बान्धवैस्त्यक्ता,1
बाबर्,1
बालं,1
बालकाव्यानि,1
बालकृष्णः,1
बालकैः,1
बालगन्धर्वः,1
बालज्ञानरत्नावल्याम्,1
बालदिनमिति,1
बालबालीशवृद्धस्त्रीभोग,1
बालभावेन,1
बालमङ्कगतं,1
बालमण्डनमाहात्म्यं,1
बालशिखा,1
बालसंसेवितं,1
बालां,1
बालादिनां,1
बालादीनां,1
बालानामुपनीतानां,1
बालार्कसदृशप्रभम्,1
बालिति॑,1
बालिशः,1
बालीशा,1
बालीशामूर्खाः,1
बालेषु,1
बालैः,1
बालोन्मत्तपिशाचवन्मरणं,1
बाल्यकाले,1
बाल्यावस्थाऽनुभूतं,1
बाहुं,1
बाहुलयः,1
बाहू,1
बाह्यजैरपि,1
बाह्यभागः,1
बाह्यमण्डलस्य,1
बाह्यवायुवत्,1
बाह्यवायुवदिति,1
बाह्यविषयासन्निधानेऽपि,1
बाह्यशरीरस्थानां,1
बाह्यश्च,1
बाह्याकाशानुसन्धाने,1
बाह्याकाशे,1
बाह्यार्थं,1
बाह्यार्थग्रहणासम्भवाच्च,1
बाह्यार्थालोचनपूर्वाणामेवाऽध्यवसायादीनां,1
बाह्येन्द्रियप्रवर्तकं,1
बाह्येन्द्रियाधिष्ठानेन,1
बा॑धेथां॒,1
बा॒र्॒,1
बा॒हवा॑,1
बा॒हुभ्या,1
बिजिला,1
बिजौलिया,1
बिडालः,1
बिडाला,1
बिडालानां,1
बित्यसंसारी,1
बिना,1
बिन्दुं,1
बिन्दुना,1
बिन्दुनादमयं,1
बिन्दुनादसमन्वितम्,1
बिन्दुनादसमायुक्तं,1
बिन्दुनादौ,1
बिन्दुयुक्ताः,1
बिन्दुलिङ्‌गं,1
बिन्दुषु,1
बिन्दुसञ्ज्ञमागमेषु,1
बिन्द्वादिवत्,1
बिभर्ति,1
बिभर्तु,1
बिभेद,1
बिभ्यति,1
बिभ्रतीम्,1
बिभ्रत्,1
बिभ्राणः,1
बिभ्र॑ति,1
बिभ्र॑ती,1
बिभ्र॑ते॒,1
बिभ्र॒तोऽन्न॑मुखीं,1
बिम्बभूतमेवं,1
बिरु,1
बिलम्,1
बिल्वकाष्ठं,1
बिल्वेङ्गुदाः,1
बिष्णुपुराणे,1
बि॑भाय,1
बि॒भ्रन्निष्कं॑,1
बी,1
बीजका,1
बीजज्ञानमर्थमधिकारि,1
बीजदार्ढ्यप्रकारस्तु,1
बीजद्वय,1
बीजभूतां,1
बीजमङ्कुरजननं,1
बीजमङ्कुरमेव,1
बीजमिति,1
बीजमिवाणुभिः,1
बीजमिहोति,1
बीजशब्देन,1
बीजसम्बन्धाच्छिवकालमपेक्ष्यते,1
बीजस्थकर्मरागेण,1
बीजाक्षरानामस्थूलमन्त्रांश्च,1
बीजाङ्कुरन्यायेन,1
बीजानां,1
बीजिङ्,1
बीजे,1
बीजेनैव,1
बीजैर्,1
बीभत्सो,1
बी॑भिषो॒,1
बुद्दिशति,1
बुद्धः,1
बुद्धक्षेत्रं,1
बुद्धक्षेत्रम्,1
बुद्धक्षेत्रे,1
बुद्धज्ञानं,1
बुद्धभेदः,1
बुद्धयस्तेभ्यो,1
बुद्धयो,1
बुद्धस्य,1
बुद्धांशे,1
बुद्धानां,1
बुद्धावप्येवमिष्यताम्,1
बुद्धावभ्युदितं,1
बुद्धावुदितस्य,1
बुद्धावुदितात्,1
बुद्धिं,1
बुद्धिःपूर्वा,1
बुद्धिकारणतया,1
बुद्धिकार्यादयं,1
बुद्धिक्रियान्तको,1
बुद्धिगतेन,1
बुद्धिघटादिवत्,1
बुद्धिचैतन्यवादिभिर्बौद्धैर्भोक्तृत्वेनाभ्युपगत,1
बुद्धितत्त्वादहङ्कार,1
बुद्धितत्वाधिपाय,1
बुद्धितत्वाधिपायबुद्धाय,1
बुद्धितत्वान्तर्मध्ये,1
बुद्धितत्वाय,1
बुद्धितत्वाहङ्कारगुण,1
बुद्धितत्वे,1
बुद्धिधर्म,1
बुद्धिधर्मोऽयम्,1
बुद्धिन्द्रिय,1
बुद्धिपूर्वकत्वेन,1
बुद्धिप्रकाशोऽयं,1
बुद्धिप्रकाश्यतया,1
बुद्धिबोधमुपसंहरति,1
बुद्धिबोधविवेचिनी,1
बुद्धिबोधस्त्रिविध,1
बुद्धिबोधस्य,1
बुद्धिबोधाख्ये,1
बुद्धिबोधात्मकं,1
बुद्धिबोधात्मना,1
बुद्धिभिः,1
बुद्धिमंतो,1
बुद्धिमान्,1
बुद्धिमान्पुण्यकृन्नरः,1
बुद्धिरनुपादित्साहेतुः,1
बुद्धिरपि,1
बुद्धिरविद्याकार्यमुच्यते,1
बुद्धिरहङ्‌कारो,1
बुद्धिरिति,1
बुद्धिरिष्यते,1
बुद्धिर्,1
बुद्धिर्न,1
बुद्धिर्नोत्पद्यते,1
बुद्धिर्भावानामध्यवसेयतोत्पादिका,1
बुद्धिर्मनस्वहङ्कारः,1
बुद्धिर्या,1
बुद्धिर्विषयाकारा,1
बुद्धिवत्,1
बुद्धिवृत्तित्वम्,1
बुद्धिवृत्त्यनुरञ्जनः,1
बुद्धिवृत्त्यनुरञ्जनात्मकः,1
बुद्धिवृत्त्या,1
बुद्धिस्तु,1
बुद्धिस्तुष्टिरुच्यते,1
बुद्धीन्द्रियकर्मेन्द्रियतन्मात्रवर्गाणां,1
बुद्धीन्द्रियवर्गस्य,1
बुद्धीन्द्रियवृन्दमात्मनो,1
बुद्धीन्द्रियसिद्धिमाह,1
बुद्धेरध्यवसायादिहेतुत्वमाह,1
बुद्धेरनन्तवासनायोगेन,1
बुद्धेरिति,1
बुद्धेरेवाध्यवसायहेतोः,1
बुद्धेरेवाहङ्कारस्योत्पत्तिरित्याह,1
बुद्धेर्गर्वोऽभूत्,1
बुद्धेस्तु,1
बुद्धेस्त्रिगुणात्मकत्वेन,1
बुद्धैरभ्यनुमोदितः,1
बुद्धो,1
बुद्ध्यक्षाणीति,1
बुद्ध्यध्यवसितमर्थं,1
बुद्ध्यवच्छिन्नचैतन्यमेकं,1
बुद्ध्यात्मकं,1
बुद्ध्यादिकारकव्रातप्रयोक्तृत्वात्,1
बुद्ध्यादिवद्भोग्यत्वमचेतनत्वं,1
बुद्ध्यादिविषयीकरणरूपे,1
बुद्ध्यादिसंस्थे,1
बुद्ध्यादीनामिति,1
बुद्ध्याद्यविद्यापि,1
बुद्ध्याऽध्यवसितं,1
बुद्ध्याऽध्यवसितमाकारमन्तरङ्गेण,1
बुद्ध्याऽध्ववसितमर्थं,1
बुधितत्वाय,1
बुधैरिति,1
बुधैर्विधेयमुत्तेजनमात्मतेजसः,1
बुध्नान्,1
बुध्न्याय,1
बुध्यधिपत्वमस्य,1
बुध्यनारोहाद्यथा,1
बुध्यन्तमयम्,1
बुध्यादि,1
बुध्याश्चतुर्विंशतिरिति,1
बुध्युपारूढं,1
बुभुक्षा,1
बुभुक्षोः,1
बुभुक्षोराह,1
बुभुक्षोर्विषय,1
बुभुक्षोर्विषये,1
बुभुक्ष्व,1
बुभुक्ष्वाख्या,1
बुभू॑ष॒न्नवे,1
बु॑भु॒क्षाम्,1
बु॒ध्निय॒मनु॑,1
बृस्यां,1
बृहच्छ्रोणिर्,1
बृहता,1
बृहती,1
बृहत्,1
बृहत्तमं,1
बृहदाकारकाः,1
बृहदाकारा,1
बृहद्र,1
बृहस्पतये,1
बृहस्पतिपादैः,1
बृहस्पतिमुपागम्य,1
बृहस्पति॑म्,1
बृहस्पति॑र्दधातु,1
बृहस्पते,1
बृहस्प॑ती,1
बृह॑स्पते॒,1
बृह॒ता,1
बृह॒स्पति॑नेत्रा,1
बृह॒स्पति॑म॒भ्य॑र्का,1
बृह॒स्पति॑रभि॒,1
बृह॒स्पति॑रुद्गा॒ता,1
बृह॒स्पति॑र्दे॒वता॑,1
बृह॒स्पति॑र्दे॒वता॒,1
बृह॒स्पति॑र्नः॒,1
बृह॒स्पति॑र्ब्र॒ह्मायु॑ष्मत्या,1
बृह॒स्पति॑र्वा॒चामिन्द्रो,1
बृह॒स्पति॑श्च,1
बृह॒स्पति॑स्त्वा,1
बृह॒स्पते॒राधि॑पत्ये,1
बृह॒स्पत॑ये,1
बृ॑हद्रथन्त॒रे,1
बृ॑ह॒तः,1
बृ॒हच्च॑,1
बृ॒हत्सामेन्द्रो॑,1
बृ॒हथ्षट्च॑त्वारि,1
बृ॒हथ्सोमः॒,1
बृ॒हदा॒भ्यामे॒वैन॑म॒न्तरे,1
बृ॒हदित्या॑है॒तद्वा,1
बृ॒हदेका॑दश,1
बृ॒हद्गा॑य॒त्रव॑र्तनि,1
बृ॒हद्भा,1
बृ॒हद्भाः,1
बृ॒हद्यज॑माने॒,1
बृ॒हद्वयो॒,1
बृ॒हद॑द्या॒श्वादे॒वैन॑म॒न्तरे॑ति,1
बृ॒हन्नद्रि॑रभव॒त्तदे॑षाम्,1
बृ॒ह॒तः,1
बृ॒ह॒ता,1
बॄ,1
बेंकर,1
बेङ्गलूरुनगरे,1
बेन्कर,1
बेरजरतौ,1
बे॒कुर॑यो,1
बैजिङ्,1
बैद्धिकदलं,1
बोगी,1
बोथजा,1
बोद्धव्यम्,1
बोद्धव्यो,1
बोध,1
बोधं,1
बोधकः,1
बोधकत्वेनैकार्थत्वाद्,1
बोधकाद्युच्यते,1
बोधयति,1
बोधयतीति,1
बोधयन्,1
बोधयामास,1
बोधयेत्,1
बोधयोग्यान्,1
बोधव्यक्तिभूमितया,1
बोधश्चाध्यवसायो,1
बोधस्य,1
बोधाख्यो,1
बोधादिवृत्तीनां,1
बोधादौ,1
बोधाद्यं,1
बोधाद्यर्थमणुस्तथा,1
बोधायनीयगृह्यसूत्रे,1
बोधिमण्डनिषण्णो,1
बोधिसत्त्वयानिकं,1
बोधिसत्त्वस्य,1
बोधिसत्त्वाभिज्ञा,1
बोधिसत्त्वाभिज्ञानुत्पाद्य,1
बोधिसत्वानां,1
बोधे,1
बोधो,1
बोधोऽध्यवसायात्मकोऽनध्यवसायात्मकश्च,1
बोधौ,1
बोध्यम्,1
बोध॑तु॒,1
बौद्ध,1
बौद्धदर्शनस्य,1
बौद्धधर्मस्य,1
बौद्धध्वान्तहरं,1
बौद्धा,1
ब्रवाणि,1
ब्रवीति,1
ब्रवीतु,1
ब्रवीद्वृ॒त्रमिन्द्रो॑,1
ब्रवै,1
ब्रह्मगतस्य,1
ब्रह्मघ्नमातापितृवधनिरतो,1
ब्रह्मघ्ने,1
ब्रह्मचर्यं,1
ब्रह्मचर्याश्रमिणे,1
ब्रह्मचारिन्निदमुपास्महे,1
ब्रह्मचार्य्याद्याश्रमचतुष्टयान्तर्गतचतुर्थाश्रमी,1
ब्रह्मञ्छापेन,1
ब्रह्मणां,1
ब्रह्मणिे,1
ब्रह्मणैवं,1
ब्रह्मणोर्ध्वेन,1
ब्रह्मणोऽन्यत्र,1
ब्रह्मण्यं,1
ब्रह्मण्येव,1
ब्रह्मता,1
ब्रह्मतेजसातिदुर्विषहेण,1
ब्रह्मत्वमाद्यं,1
ब्रह्मत्वाद्वेदान्तविचारः,1
ब्रह्मदर्शिनो,1
ब्रह्मद्वारमुखं,1
ब्रह्मन्भालनेत्रसमुद्‌भवे,1
ब्रह्मपञ्चकमुच्यते,1
ब्रह्मपञ्चकम्,1
ब्रह्मबन्धुरिति,1
ब्रह्मभागविष्णुभागरुद्रभागेषु,1
ब्रह्मभागे,1
ब्रह्मयज्ञं,1
ब्रह्मयोगशिवयोगमन्त्रयोगज्ञानयोगाद्वैतयोगभक्तियोगानामन्तर्भावोऽत्र,1
ब्रह्मरेखानुसरतः,1
ब्रह्मरेखानुसारतः,1
ब्रह्मलोकं,1
ब्रह्मलोकात्समागतः,1
ब्रह्मवर्चस्विनः,1
ब्रह्मवर्चस्वी,1
ब्रह्मवर्च॒सका॒मो,1
ब्रह्मवर्च॒स्ये॑व,1
ब्रह्मवलयो,1
ब्रह्मवित्,1
ब्रह्मविद्,1
ब्रह्मविष्णुरुद्रपरानर्चितानर्चितेति,1
ब्रह्मविष्ण्वोश्च,1
ब्रह्मवैवर्त्ते,1
ब्रह्मशिलादिके,1
ब्रह्मशिलान्यासः,1
ब्रह्मशिलान्यासपूर्वके,1
ब्रह्मसदनम्,1
ब्रह्मसा॒मं,1
ब्रह्मसुवर्चला,1
ब्रह्मसूत्रभाष्ये,1
ब्रह्मसूत्रस्य,1
ब्रह्मसूत्रितमिति,1
ब्रह्मस्त्वं,1
ब्रह्मस्थाने,1
ब्रह्मस्वहरणे,1
ब्रह्महत्या,1
ब्रह्महत्यादि,1
ब्रह्माक्ष्मादि,1
ब्रह्माङ्गमूलमन्त्रा,1
ब्रह्माङ्गसहितं,1
ब्रह्माङ्गानामथोच्चारं,1
ब्रह्माणमभिवन्द्यार्ताः,1
ब्रह्माणमुद्दिश्य,1
ब्रह्माणि,1
ब्रह्माण्डधारकाणामधिष्ठाता,1
ब्रह्माण्डन्ते,1
ब्रह्माण्डमध्यत,1
ब्रह्माण्डान्तरधिकारात्,1
ब्रह्माण्डान्तर्वर्तिषु,1
ब्रह्माण्डोर्धञ्च,1
ब्रह्माण्युच्यते,1
ब्रह्मादयो,1
ब्रह्मादिष्वतिव्याप्तिः,1
ब्रह्माद्याः,1
ब्रह्माधिष्ठितो,1
ब्रह्मान्वैत्तमाप्नोत्तमाप्त्वा,1
ब्रह्माभिगच्छति,1
ब्रह्मावर्ते,1
ब्रह्माह्यनुक्रमेणैव,1
ब्रह्मा॒,1
ब्रह्मिश्रवो॑,1
ब्रह्मैव,1
ब्रह्मैवाहं,1
ब्रह्मोपार्वत,1
ब्रह्मौद॒नं,1
ब्रह्म॑जज्ञा॒नं,1
ब्रह्म॑णश्च,1
ब्रह्म॑णि,1
ब्रह्म॑णे॒,1
ब्रह्म॑णै॒वैन॒मा,1
ब्रह्म॑णो,1
ब्रह्म॑ण॒स्पते,1
ब्रह्म॑ण॒स्पत्नी॒,1
ब्रह्म॑न्नवदन्त॒,1
ब्रह्म॒चर्यं॒,1
ब्राआहृणकीय,1
ब्राहया,1
ब्राह्मणञ्च,1
ब्राह्मणपुरोहितः,1
ब्राह्मणप्रियम्,1
ब्राह्मणमभिधत्ते,1
ब्राह्मणसत्कर्ता,1
ब्राह्मणस्तु,1
ब्राह्मणस्योक्तं,1
ब्राह्मणादिषु,1
ब्राह्मणानामपि,1
ब्राह्मणान्,1
ब्राह्मणान्भोजयित्वा,1
ब्राह्मणान्भोजयेत्पश्चाद्यावदाहुतिसङ्ख्यया,1
ब्राह्मणान्भोजयेत्पश्चाद्‌भूरिभोजनरूपतः,1
ब्राह्मणा॑,1
ब्राह्मणे,1
ब्राह्मणेषु,1
ब्राह्मणैर्बन्धुभिः,1
ब्राह्मणैश्च,1
ब्राह्मण॑,1
ब्राह्मण॑मुखी॒नाः,1
ब्राह्ममष्टकम्,1
ब्राह्मविष्णवम्,1
ब्राह्मा,1
ब्राह्मीघृतादिवर्णनं,1
ब्राह्मेण,1
ब्रिटीश्,1
ब्रुवन्नपि,1
ब्रुवन्‍तु,1
ब्रुवीत,1
ब्रु॑वन्तु,1
ब्रू,1
ब्रूताच्छन्दो॒माना॒,1
ब्रूतात्,1
ब्रूतादे॒ष,1
ब्रूताम्,1
ब्रूता॒द्यो,1
ब्रूथ,1
ब्रूमः,1
ब्रूयाछान्त्यै,1
ब्रूयात्,1
ब्रूयादे॒तद्वै,1
ब्रूयाद्य,1
ब्रूया॒त्त्रिरव॑,1
ब्रूया॒द्यद्गृ॒ह्णात्य॒द्भ्यस्त्वौष॑धीभ्यो,1
ब्र्हुप्भ्,1
ब्र॑ह्मवर्च॒समव॑रुन्धे,1
ब्र॑ह्मवर्च॒सित॑रः,1
ब्र॑ह्मवर्च॒सेना॒भि,1
ब्र॑ह्मवर्च॒सेन॒,1
ब्र॑ह्मवर्च॒स्या,1
ब्र॒ह्मणो॑,1
ब्र॒ह्म॒वा॒दिनो॑,1
ब्र॒ह्म॒व॒र्च॒सका॑मः,1
ब्लास्टेर्स्,1
ब्स्स्,1
ब॑ध्नीमः,1
ब॑लिः,1
ब॑हिष्पवमा॒न,1
ब॑हु॒ला,1
ब॒द्ध,1
ब॒द्धं,1
ब॒ध्नाम्य॑ग्ने,1
ब॒ध्यमा॑ना,1
ब॒ध्यमा॑न॒मनु॑,1
ब॒न्धाद्य॒ज्ञप॑ति॒म्परि॑,1
ब॒भूव॑,1
ब॒र्,1
ब॒र्॒,1
ब॒लिना॒,1
ब॒लिमाव॑हन्ति,1
ब॒लिम्,1
ब॒हवो॑,1
ब॒हिस्ते॑,1
ब॒हुसो॑म,1
भ,1
भकगवद्भक्तिसौशील्याद्यभावे,1
भक्त,1
भक्तजने,1
भक्तम्,1
भक्तवत्सल,1
भक्तसुखावहं,1
भक्तस्य,1
भक्तादीनि,1
भक्तासि,1
भक्तिज्ञानवैराग्याण्युपपद्यन्तां,1
भक्तिनम्रा,1
भक्तिप्रोक्ता,1
भक्तिभावेन,1
भक्तिमत्यः,1
भक्तिमान्,1
भक्तिमार्गप्रवर्तारं,1
भक्तियोगज्ञानयोगादीनां,1
भक्तियोगतः,1
भक्तिरष्टविधा,1
भक्तिर्दृढा,1
भक्तिवागर्थसत्सारा,1
भक्ते,1
भक्तेरुदयानन्तरमेव,1
भक्तेषु,1
भक्तो,1
भक्त्यादिमतां,1
भक्ष,1
भक्षणीयम्,1
भक्षयतो,1
भक्षयाम्यादि॒त्यव॑द्गणस्य,1
भक्षयिष्यामि,1
भक्षयेच्छुभम्,1
भक्षेहि॒,1
भक्ष्य,1
भक्ष्यपानकण्डूयनादिकं,1
भक्ष्याणि,1
भक्ष्यादीन्विविधान्बहून्,1
भक्ष्यान्नपाननिचयाः,1
भग,1
भगघ्नाय,1
भगणा,1
भगवंस्तन्ममाचक्ष्व,1
भगवञ्श्वशुरो,1
भगवतामुत्पत्स्यते,1
भगवतीं,1
भगवत्,1
भगवत्कला,1
भगवत्पार्षदत्वं,1
भगवत्येवाभि,1
भगवदनुग्रहेणानुस्मृत,1
भगवद्,1
भगवद्धर्मनिष्ठाऽतस्स्वस्मिन्,1
भगवन्,1
भगवन्कान्नमस्यसि,1
भगवन्तभास्करे,1
भगवन्तम्,1
भगवन्दृष्ट्वा,1
भगवन्ननुत्तरायां,1
भगवन्व्यपनेतुं,1
भगवा,1
भगवांस्त्रिभिर्यानैर्धर्मं,1
भगवाच्छिवः,1
भगवाञ्छशिशेखरः,1
भगवानजः,1
भगवाननुग्रहाति,1
भगवानपि,1
भगवान्कोटिवारं,1
भगवान्देवस्सङ्ग्रामे,1
भगवान्देवस्सर्वलोकेश्वरः,1
भगवान्ब्राह्मणैस्सदा,1
भगवान्विष्णुः,1
भगवान्सपत्नीको,1
भगवान्स्वयम्भूरिच्छाजन्मभ्यः,1
भगश्चाजायेताम्,1
भगस्य,1
भगाकारं,1
भगा॑य॒,1
भग्नं,1
भग्नगात्राणां,1
भग्नव्रते,1
भग्नाः,1
भग्नानरीन्सर्वान्मद्भग्नान्मन्यते,1
भग्नेषु,1
भग॑वती॒,1
भग॑वन्तः,1
भग॑श्च,1
भग॑स्य,1
भग॑स्येव,1
भग॑स्य॒,1
भग॒,1
भज,1
भजति,1
भजत्यभिधीयतामिति,1
भजन्,1
भजन्तीत्यर्थः,1
भजन्ते,1
भजन्त्यः,1
भजेति,1
भज्यमानांस्तु,1
भञ्जनवर्जितत्वान्निर्भुजं,1
भट्टोजिदीक्षितः,1
भणति,1
भण्यते,1
भदन्त,1
भद्रं,1
भद्रक,1
भद्रकालीं,1
भद्रकाल्याः,1
भद्रको,1
भद्रन्ते,1
भद्रमभूदित्येतदुवेवासुरं,1
भद्रमस्तु,1
भद्रासनयुतां,1
भय,1
भयतो,1
भयदानि,1
भयन्नेहवर्णितम्,1
भयमागतान्,1
भयमापन्नः,1
भयमुत्पद्यते,1
भयमुपजनयन्तम्,1
भयम्,1
भयात्तूर्णं,1
भयात्मकलिङ्गेषु,1
भयानके,1
भयाम्,1
भयार्दिताः,1
भयोरपि,1
भरणं,1
भरतः,1
भरतश्रेष्ठ,1
भरता,1
भरताग्रजो,1
भरतो,1
भरमेमावूत,1
भरेण,1
भर्गो॑,1
भर्ता,1
भर्तारं,1
भर्तुर्,1
भर्तुर्वाक्यमथाब्रवीत्,1
भर्तृकर्म,1
भर्तृभक्तेः,1
भल्लूको,1
भवंतो,1
भवखिन्नानां,1
भवत,1
भवतः,1
भवतः॒,1
भवतवेदि,1
भवतस्तयोस्तदुपकॢप्तं,1
भवतारामकण्ठेन,1
भवताऽपि,1
भवताऽपीष्यत,1
भवतितिशेषः,1
भवतित्याह,1
भवतीत्यक्षरार्थः,1
भवतीत्यनेका,1
भवतीत्यन्यापोहेन,1
भवतोवद्भामयेदित्यर्थः,1
भवतोऽनघ,1
भवत्तथा,1
भवत्नि,1
भवत्प्रसादेन,1
भवत्यध्व॒रव॑ती॒मन्वा॑ह॒,1
भवत्यन्नेन,1
भवत्यपि,1
भवत्यभिधीयतामितिस्थाने,1
भवत्ययम्,1
भवत्येव,1
भवत्य्,1
भवत्विति,1
भवदिति,1
भवद्भिः,1
भवद्भिरभ्युपगतानां,1
भवनं,1
भवननिर्माण,1
भवनात्,1
भवनिगजुगुप्सा,1
भवन्तः,1
भवन्तमसौ,1
भवन्तम्,1
भवन्ती,1
भवन्तीति,1
भवन्त्यणोः,1
भवन्त्य॒भिजि॑त्यै,1
भवन्दृ॒शे,1
भवबन्धविनिर्मुक्तः,1
भवमण्डले,1
भवमोक्षणाय,1
भवम्,1
भवश्चैव,1
भवस्तथा,1
भवस्थितिरिति,1
भवस्यानादिमत्त्वाच्च,1
भवस्स,1
भवांश्चेत्,1
भवाञ्,1
भवादिकम्,1
भवादीनि,1
भवानभ्यनुज्ञां,1
भवानिति,1
भवान्तरकृतं,1
भवान्नात्र,1
भवान्भवेत्,1
भवामेह,1
भवाय,1
भवावस्थायां,1
भवाशु,1
भवाश्चाप्येक,1
भवा॒,1
भवि,1
भविकं,1
भवितव्यं,1
भवितव्यम्,1
भवितुम्,1
भवित्री,1
भविनां,1
भविष्यत्काले,1
भविष्यत्तया,1
भविष्यत्दौत्ये,1
भविष्यथेति,1
भविष्यदपि,1
भविष्यसि,1
भविष्यामः,1
भविष्यामि,1
भविष्याम्यसुखाविष्टा,1
भवेत्कति,1
भवेत्परिकरबन्धस्तु,1
भवेत्येको,1
भवेत्येवमुक्तिः,1
भवेथा,1
भवेदचैतन्ये,1
भवेदयं,1
भवेदलम्,1
भवेदियम्,1
भवेदिह,1
भवेदेकं,1
भवेदेवं,1
भवेद्गोप्ता,1
भवेद्ददीयते,1
भवेद्दीक्षा,1
भवेद्द्विजाः,1
भवेद्ध्रस्वो,1
भवेद्ध्रुवम्,1
भवेद्बुधः,1
भवेद्यत्र,1
भवेद्वेदी,1
भवेद्‌द्विजाः,1
भवेद्‌बुधः,1
भवेन्न,1
भवेन्नरः,1
भवेन्निर्बीजका,1
भवेन्मत्तो,1
भवेन्म्लेच्छो,1
भवेयु,1
भवेयुः,1
भवेरितम्,1
भवेल्लोके,1
भवे॒युः,1
भवैशानैक,1
भवोद्भव,1
भव्,1
भव्यं॑,1
भव्याय,1
भव॑तां,1
भव॑त्य॒ग्निर्वै,1
भव॑न्ति॒,1
भव॒त्यप्र॑तिष्ठितः॒,1
भस्मतां,1
भस्मन्,1
भस्मरूपधृक्,1
भस्मशब्दार्थ,1
भस्मसंज्ञस्ततः,1
भस्म॑ना॒भि,1
भस्वदग्नौ,1
भा,1
भाक्त,1
भागत्रयं,1
भागद्वयमधोवर्जयित्वा,1
भागद्वयो,1
भागपर्यन्तं,1
भागमवस्थाप्य,1
भागवत,1
भागवतपरमहंसानाम्,1
भागवतसप्ताहेषु,1
भागवते,1
भागवित्तायनाः,1
भागशः,1
भागषट्कं,1
भागसप्तकं,1
भागहयः,1
भागाः,1
भागिनी,1
भागुरायणाः,1
भागेन,1
भागो,1
भाग्यम्,1
भाग्ययोगप्रदोऽथ,1
भाग्यस्वयोश्च,1
भाग्यो,1
भाग॒धेये॑नै॒वैन,1
भाग॒धेये॒नोप॑,1
भाजनम्,1
भाजो,1
भाणवस्त्वेकरूपो,1
भाण्डस्य,1
भात्यभरणभाभिर्यद्विद्युद्भिरिव,1
भात्य्,1
भाद्रपदे,1
भानुमान्,1
भानुर्न,1
भानोर्,1
भानोर्व्यञ्जकमीक्षते,1
भामतुलां,1
भामयेत्,1
भामा॑सः,1
भामा॑सो॒,1
भामि॒तो,1
भाययन्ति,1
भारः,1
भारतजर्मन्योः,1
भारततात्पर्यनिर्णयान्तिमाध्याये,1
भारततात्पर्यनिर्णये,1
भारतदलम्,1
भारतदलेन,1
भारतनागरिकान्,1
भारतराजधान्यां,1
भारतवर्षं,1
भारतसंघस्य,1
भारतसंघेन,1
भारतसङ्घस्य,1
भारतसन्दर्शनाय,1
भारतसर्वकारेण,1
भारतामोदगर्वा,1
भारती,1
भारतीयनिर्मितं,1
भारतीयवस्तूनि,1
भारतीयवस्त्राणां,1
भारतीरमणमुख्यप्राणान्तर्गत,1
भारद्वाज,1
भारभूतिश्च,1
भारमात्रं,1
भारलाघवा,1
भार्गवः,1
भार्गवाय,1
भार्गवोऽकथयत्कथाम्,1
भार्गवोऽभवत्,1
भार्ग॒वो,1
भार्यं,1
भार्यया,1
भार्यां,1
भार्यापि,1
भार्यामुद्वहेद्विधिवत्पुमान्,1
भार्यायाम्,1
भार्यास्य,1
भार्येयं,1
भार॑ताः,1
भार॑ती॒,1
भावं,1
भावकः,1
भावचन्द्रिकायां,1
भावदीपः,1
भावनः,1
भावनयानुसन्धेयम्,1
भावना,1
भावनात्र,1
भावनाभिश्चित्तमलप्रक्षालनम्,1
भावनामयमेतद्धि,1
भावनामये,1
भावनायां,1
भावनिर्वृत्तिरूपं,1
भावनीय,1
भावनीये,1
भावनीयेति,1
भावप्रत्ययलक्षणः,1
भावप्रत्ययलक्षणश्च,1
भावप्रत्ययात्मकं,1
भावप्रत्ययात्मना,1
भावप्रत्ययादिरूपं,1
भावप्रत्ययानां,1
भावप्रदीपिका,1
भावयन्ति,1
भावयेत्तां,1
भावयेदित्याह,1
भावयेन्,1
भावस्तत्ता,1
भावानवभासयतो,1
भावानामप्यस्माभिरात्मगुणत्व,1
भावान्,1
भावार्थाधिकरणम्,1
भाविदुःखस्य,1
भावेना,1
भावेनाऽऽशंक्य,1
भावेनोत्तरश्लोकमवतारयति,1
भावेऽप्यनैकान्तः,1
भाव्यं,1
भाव्यमिति,1
भाव्यमित्यन्तःकरणसिद्धिः,1
भाव्यमित्यसदाग्रहः,1
भाव्यमेवमेतद्यथाऽऽत्थ,1
भाष,1
भाषणं,1
भाषणे,1
भाषाकुतुकिनः,1
भाषास्तु,1
भाषितनैषधाभूत्,1
भाषितम्,1
भाष्करे,1
भाष्यं,1
भाष्यगतस्य,1
भाष्यपदोक्तलक्षणेत्यर्थः,1
भाष्यमिति,1
भाष्यविरोधादुपेक्ष्यमेवेत्यास्तां,1
भाष्यादिरित्त्वाऽभावविज्ञानात्,1
भाष्योदाहरणविरोधात्,1
भासन्ते,1
भासमानः,1
भासमानत्वात्,1
भासमानत्वादात्मनः,1
भासमानत्वान्न,1
भासमानो,1
भास्करतुल्यदेहः,1
भास्करादिच्छेन्मोक्षमिच्छेज्जनार्दनात्,1
भास्कराय,1
भास्कराश्रय,1
भास्वच्च,1
भास्वती,1
भास्वद्रूपम्,1
भास्वरम्,1
भा॑गदु॒घस्य॑,1
भा॒गं,1
भा॒गः,1
भा॒गस्तं,1
भा॒ग॒धेये॒नोप॑,1
भा॒नुना॑,1
भा॒नुमन्वि॑हि॒,1
भा॒नुमन्वि॒हीत्या॑हे॒माने॒वास्मै॑,1
भिक्ष,1
भिक्षणशीलः,1
भिक्षवः,1
भिक्षवो,1
भिक्षामिति,1
भिक्षामुपागतो,1
भिक्षार्थी,1
भिक्षार्थे,1
भिक्षुकैर्ग्रामे,1
भिक्षुग्रहणं,1
भिक्षुत्वसिद्धेः,1
भिक्षुभिश्,1
भिक्षुमिति,1
भिक्षुम्,1
भिक्षोः,1
भिक्षोर्धर्म्मं,1
भित्तिचित्रलिखिताखिलक्रमा,1
भित्वा,1
भिदाभेस्तु,1
भिद्यते,1
भिद्यन्ते,1
भिद्येत,1
भिनत्तु,1
भिनत्यलम्,1
भिन्दन्तो,1
भिन्द्युः,1
भिन्नं,1
भिन्नकारणा,1
भिन्नभिन्नप्रान्तेषु,1
भिन्नम्,1
भिन्नरूपात्,1
भिन्नलक्षणाः,1
भिन्नषड्जकृतिस्फोटभिन्नमानसवेदनः,1
भिन्नस्य,1
भिन्नस्वभावयोरनयोर्वर्गयोरेक,1
भिन्नाः,1
भिन्नाञ्जनप्रचयकान्ति,1
भिन्नानुत्वा,1
भिन्नार्थत्वाद्,1
भिन्नार्थवाचकाः,1
भिन्नो,1
भिव॑,1
भिषग्वरै,1
भि॒र्व्य॑क्तम्,1
भीकरत्वम्,1
भीकरत्वेन,1
भीकरवादं,1
भीकराः,1
भीकराक्रमणं,1
भीकरेषु,1
भीञ्जशे,1
भीताः,1
भीतिस्तव,1
भीतो,1
भीमः,1
भीमकेश्वरः,1
भीमपराक्रमः,1
भीममभ्यद्रवन्रणे,1
भीममेवाभ्यवर्तन्त,1
भीमविक्रमाः,1
भीमश्च,1
भीमश्चेत्यष्टमूर्तिपाः,1
भीमसेनं,1
भीमस्तथोग्रश्च,1
भीमान्ताः,1
भीमो,1
भीषणश्चैव,1
भीष्म,1
भीष्मं,1
भीष्मद्रोणावतिक्रम्य,1
भी॒रुव॒श्चारुः॑,1
भुं,1
भुंक्ष्व,1
भुंजानो,1
भुक्त,1
भुक्तवज्जने,1
भुक्तवता,1
भुक्तवन्तं,1
भुक्तिं,1
भुक्तिमुक्तिदम्,1
भुक्तिमुक्तिविषये,1
भुक्तिमुक्त्योः,1
भुक्तिमुक्त्योरिति,1
भुक्तोयम्,1
भुक्त्वान्ते,1
भुग्व्याधितात्मनाम्,1
भुङ्क्तेनु,1
भुजंगमवध्यभूमिम्,1
भुजगपतिसुतापाण्डुगण्डस्थलान्तः,1
भुजङ्गाः,1
भुजपरिघास्तमालनीलाः,1
भुज्यत,1
भुज्यू॑नास॒त्या,1
भुञ्जन्ति,1
भुञ्जीत,1
भुञ्जीयाद्‌गुर्वनुज्ञया,1
भुट्टे,1
भुतनाना,1
भुतेः,1
भुत्यनपायां,1
भुवः,1
भुवः॒,1
भुवत्,1
भुवनं,1
भुवनकोश,1
भुवनजहेदेष्वयं,1
भुवनतत्वकलारूपषड्विधोध्वापि,1
भुवनत्रयम्,1
भुवनद्वयं,1
भुवनद्वयमिति,1
भुवनद्वयम्,1
भुवनधिपानां,1
भुवनपद्धतिः,1
भुवनमध्ये,1
भुवनशतद्वयं,1
भुवनशान्तिकहोमहविः,1
भुवनसृष्टिं,1
भुवनस्य,1
भुवनात्मकः,1
भुवनात्मिकां,1
भुवनात्मिकामपि,1
भुवनादिवस्तु,1
भुवनादेश्च,1
भुवनाद्यानमुक्त्वा,1
भुवनाध्वानमुपसंहरति,1
भुवनाध्वानस्तत्वेष्यन्तर्भाव,1
भुवनानामधीश्वरः,1
भुवनानामष्टोत्तरं,1
भुवनान्यत्र्यैवान्तर्भवन्ति,1
भुवनान्यन्त,1
भुवनान्यभिधाय,1
भुवनेशेशानाश्चैकपिङ्गलः,1
भुवनेश्वर,1
भुवनै,1
भुवनैरावृतः,1
भुवनैर्भुवनानि,1
भुवनैश्च,1
भुवम्,1
भुवश्च,1
भुवोऽवकल्कने,1
भुवो॒,1
भुव॑नम्,1
भुव॑ना,1
भुव॑नानि,1
भुव॑ने॒प्यना॑हिताग्निरे॒ताः,1
भुव॒नानु॑,1
भु॑वना,1
भु॒जि,1
भु॒ज्युः,1
भु॒ज्युमू॑हथुः,1
भु॒ज्युम॑श्विनोदमे॒घे,1
भु॒वस्त्वमि॑न्द्र॒,1
भूकम्पः,1
भूकम्पनम्,1
भूकम्पस्य,1
भूकम्पेन,1
भूखण्डस्थ,1
भूत,1
भूतकारणत्वेन,1
भूतचतुष्टये,1
भूततन्मात्रादिज्ञान,1
भूतनयः,1
भूतनाथ,1
भूतपरिणामविशेषादभिव्यक्तचेतनं,1
भूतपालो,1
भूतपूर्वाध्यक्षस्य,1
भूतप्रतिष्ठानन्तर,1
भूतप्रेतपिशाचकाः,1
भूतभर्ता,1
भूतलं,1
भूतवर्गे,1
भूतवर्णाश्च,1
भूतवृक्षश्,1
भूतवेताल,1
भूतशोकहर्षाभ्यामात्मा,1
भूतसङ्घैः,1
भूतसमया,1
भूतसमाहारः,1
भूतसर्गौलोकेऽस्मन्,1
भूतहृद्बुध्यहं,1
भूतादिरूपं,1
भूतादिरूपत्वेनानेकत्वादचेतनत्वाच्च,1
भूतादिसञ्ज्ञकात्,1
भूतानामस्मदादिबाह्येन्द्रियपरिच्छेद्यगुणत्वाद्,1
भूतानामागतिं,1
भूतानामिन्द्रियाधारत्वे,1
भूतानामिह,1
भूतान्तरेष्वपि,1
भूतान्ताक्ष्माम्बु,1
भूतान्यापस्तदाज्ञया,1
भूताभ्यां,1
भूतामलं,1
भूताम्,1
भूता॒नि,1
भूतिं,1
भूति॑कामो,1
भूतेभ्यो,1
भूतेषु,1
भूते॑,1
भूतोऽध्वा,1
भूत्,1
भूत्यर्थम्,1
भूत्या॒,1
भूत्ववि॒ता,1
भूत्वाऽथ,1
भूनष्टस्य,1
भूपक्षत,1
भूप्रदेशः,1
भूमण्डलं,1
भूमयो,1
भूमिं॑,1
भूमिअं,1
भूमिकाग्रहणस्थानं,1
भूमिगतं,1
भूमित्वाल्लयात्मकत्वमुक्तं,1
भूमिपतिं,1
भूमिरनन्या,1
भूमिशायी,1
भूमिसंस्थं,1
भूमिसमूहा,1
भूमीः,1
भूमुखात्,1
भूमेरिति,1
भूमेर्,1
भूमेर्वृत्तिः,1
भूमेश्छिद्रे,1
भूमैव,1
भूम्यादिषु,1
भूम्या॒श्चत॑स्रः,1
भूम॒,1
भूयःसहचारदर्शनात्मके,1
भूयते,1
भूयशः,1
भूयसः,1
भूयस्ततोऽन्तःकरणं,1
भूयस्तावत्कालमभून्मुनिः,1
भूया,1
भूयांश्च,1
भूयाः,1
भूयादित्येवंरूपेच्छाविशेषत्वात्कथमपौरुषेये,1
भूयास,1
भूयास्त॒,1
भूयास्म,1
भूयास॒म्,1
भूया॒न्भव॑ति॒,1
भूया॒स्तेज॑स्वन्त॒म्मामायु॑ष्मन्तं॒,1
भूया॒स्मेत्या॑हा॒शिष॑मे॒वैतामा,1
भूयिष्ठकुशलस्यापकर्षायामिभवाय,1
भूयिष्ठां,1
भूयेत,1
भूयोऽबिजायते,1
भूरि,1
भूरिपक्षालम्बः,1
भूरिबलम्,1
भूरिशः,1
भूरि॑,1
भूरी॑णि॒,1
भूर्भुवं,1
भूर्भुवःसुवः,1
भूर॑सि॒,1
भूलोकवासिनो,1
भूविकाराणि,1
भूश्च,1
भूष,1
भूषणालेपस्रक्तिलकादिभि,1
भूषणे,1
भूषत,1
भूषन्त्या॒यवः॑,1
भूषित,1
भूषितः,1
भूषेति,1
भूसुरः,1
भूसुराः,1
भूस्तरः,1
भूस्तरस्य,1
भूस्वामिनः,1
भू॑यासम्,1
भू॒त,1
भू॒तं,1
भू॒तकृ॑तम्,1
भू॒तम॑सि,1
भू॒तान्य॑यक्षत,1
भू॒ताया,1
भू॒तिर्द॒ध्ना,1
भू॒ते,1
भू॒तेभ्यो॒,1
भू॒त्वोद॑तिष्ठत्,1
भू॒मिः,1
भू॒मिम्,1
भू॒या,1
भृङ्ग,1
भृङ्गराजेन,1
भृताम्,1
भृतिसन्तानकामस्य,1
भृत्यत्रिशत्यानाय्यास्मै,1
भृत्यस्य,1
भृत्यान्,1
भृत्यो,1
भृशदुःखिता,1
भृशममर्षरोषावेशरभसविलसितभ्रुकुटि,1
भृशमुद्विजमानो,1
भृषमत्यर्थमेकाकारतया,1
भेतदः,1
भेतव्यमित्याह,1
भेत्तुम्,1
भेदक्रमवक्ष्यमाण,1
भेदभिन्न,1
भेदमप्याह,1
भेदमीश्वरजीवयोः,1
भेदया,1
भेदयित्वा,1
भेदयेत्ततः,1
भेदवशाद्दीक्सा,1
भेदश्च,1
भेदस्त्रिविधो,1
भेदां,1
भेदादेव,1
भेदाभेदवत्त्वेऽपि,1
भेदिष्वभेदि,1
भेदे,1
भेदेनाप्यह,1
भेदेनाह,1
भेदेनाऽनेकत्वाद्भुवनाऽऽ,1
भेदेनैव,1
भेदोपाध्यादिवर्जितं,1
भेदोप्यस्तीत्याह,1
भेदोप्लुक्तः,1
भेदोऽत,1
भेदोऽभेदकल्पनाया,1
भेर्यादौ,1
भेषजसामग्रीसम्पादनव्यग्रसमग्रव्यवहारिणि,1
भेष॒जमथो॑,1
भेष॒जमे॒व,1
भेष॒जम्,1
भेष॒जानि॑,1
भे॑ष॒जम्,1
भे॒ष॒जमे॒वास्मै॑,1
भैक्षोपगतैर्हविर्भि,1
भैक्ष॑मश्नी॒यात्,1
भैमी,1
भैमीं,1
भैरवं,1
भैरवस्तथा,1
भैरवस्य,1
भैरवाः,1
भैरवीं,1
भोक्तर्यविकृते,1
भोक्ताः,1
भोक्तारः,1
भोक्ताऽनुमीयते,1
भोक्तुं,1
भोक्तुर्ज्ञानव्यतिरिक्तस्यात्मनः,1
भोक्तुर्न,1
भोक्तुर्भोगः,1
भोक्तुर्भोगश्चितेर्व्यक्तिर्भोग्यच्छायानुरञ्जिता,1
भोक्तुर्भोगोपपादकम्,1
भोक्तृणां,1
भोक्तृत्व,1
भोक्तृत्वं,1
भोक्तृत्वमस्तु,1
भोक्तृत्वमुपपद्यते,1
भोक्तृत्वम्,1
भोक्तृत्वाच्चाध्वरूपत्वं,1
भोक्तृत्वाच्चेतनस्य,1
भोक्तृत्वात्,1
भोक्तृत्वेनाऽऽत्मा,1
भोक्तृत्वेनैव,1
भोक्तृनियमं,1
भोक्तृप्रतिनियामकेन,1
भोक्तृमुक्तयोः,1
भोक्तृमुक्तयोरविशेषो,1
भोक्तृशब्दो,1
भोक्तृसिद्धिरित्यभिप्रायेणाह,1
भोक्तेति,1
भोक्तेत्युक्तम्,1
भोक्त्रनुमानस्यापि,1
भोक्त्रृत्वं,1
भोग,1
भोगओऽस्य,1
भोगकारणात्,1
भोगकारणेन,1
भोगकारिकाम्,1
भोगकारिकावृत्तिः,1
भोगक्रियया,1
भोगक्रियाकर्तुः,1
भोगक्रियाणां,1
भोगक्रियायां,1
भोगक्रियायामुपकारकतया,1
भोगक्रियाविधौ,1
भोगक्रियासिद्धिर्भोक्तारं,1
भोगगेषु,1
भोगजनकेन,1
भोगजनन,1
भोगत,1
भोगतध्येतुनां,1
भोगत्वं,1
भोगनिमित्तत्वा,1
भोगप्रकरणोपसंहारः,1
भोगभुजः,1
भोगभूतये,1
भोगभेद,1
भोगभेदः,1
भोगभेदे,1
भोगभोजनात्मकः,1
भोगमवाप्तवान्,1
भोगमुपसंहर्तुं,1
भोगमोक्षसाधारणमुक्तप्रकारद्वम्,1
भोगमोक्षात्मकमर्थं,1
भोगमोक्षाविति,1
भोगर्थमवस्थापनमेव,1
भोगविषये,1
भोगवैचित्रा,1
भोगवैचित्र्यादेवाऽऽत्मनानात्वसिद्धिः,1
भोगवैचित्र्यान्यथानुपपत्त्या,1
भोगवैचित्र्यान्यथाऽनुपपत्त्या,1
भोगसाधनकलाद्युत्पादनतत्पोषणात्मकः,1
भोगसाधनतत्त्वोत्पादकत्वात्,1
भोगसाधनतयोपादानमित्यविरोधः,1
भोगसाधनतां,1
भोगसाधनत्वं,1
भोगसाधनत्वादात्मनां,1
भोगसाधनसंहतिः,1
भोगसाधनसम्बन्धात्,1
भोगसाधनसम्बन्धाद्,1
भोगसाधनसम्बन्धोत्तरकालमन्तः,1
भोगसाधनादिरूपेण,1
भोगसाधनोपायप्रत्ययोदयहेतुना,1
भोगस्तं,1
भोगस्तावदेताभिः,1
भोगस्थानानीत्यर्थः,1
भोगस्यापि,1
भोगस्याऽपि,1
भोगाः,1
भोगाख्यं,1
भोगाख्येन,1
भोगाङ्गतां,1
भोगाङ्गत्वमत,1
भोगादन्ये,1
भोगादिक्रियादर्शनाच्च,1
भोगाद्,1
भोगाधिकारः,1
भोगानतिक्रमः,1
भोगानतिक्रमो,1
भोगानन्तरं,1
भोगानामनन्तत्वादचेतनत्वादस्य,1
भोगानामित्युच्यते,1
भोगानुपपत्तैः,1
भोगानुरञ्जकः,1
भोगान्,1
भोगान्यथानुपपत्त्या,1
भोगान्सकलां,1
भोगाभावाद्,1
भोगाभिलाषजनको,1
भोगार्थतया,1
भोगार्थमवस्थानेपि,1
भोगार्थमेवज्ञत्व,1
भोगार्थम्,1
भोगार्थिनोपि,1
भोगासक्त्यसम्भवात्,1
भोगास्पृहा,1
भोगाऽभिमुखीकृतानामात्मनाम्,1
भोगिनां,1
भोगिनो,1
भोगी,1
भोगेच्छेः,1
भोगेच्छोः,1
भोगेन,1
भोगेयत्तापरिच्छेदात्मकस्य,1
भोगेऽणुः,1
भोगोस्य,1
भोगोऽपि,1
भोगोऽस्तीत्यतो,1
भोग्यः,1
भोग्यत्वं,1
भोग्यत्वकरणत्वाभ्यामिन्द्रियाणां,1
भोग्यत्वदर्शनाद्,1
भोग्यत्वाच्च,1
भोग्यत्वाच्चास्याऽचेतनत्वमित्याह,1
भोग्यत्वात्,1
भोग्यत्वादिति,1
भोग्यत्वादिदोषप्रसङ्गात्,1
भोग्यत्वादिन्द्रियाणां,1
भोग्यत्वेन,1
भोग्यदशामापन्नाः,1
भोग्यदशामापन्नेन,1
भोग्यद्वारेण,1
भोग्यभोगरूपो,1
भोग्यमाभाति,1
भोग्यमिति,1
भोग्यविशेषे,1
भोग्यविषयो,1
भोग्यविषयोपधानजनितो,1
भोग्यस्य,1
भोग्यस्यैवाऽभिलाषजनकत्वे,1
भोग्या,1
भोग्याकारविवेकात्,1
भोग्याकाराद्,1
भोग्यानुभवमासाद्य,1
भोग्याया,1
भोग्यार्थम्,1
भोग्येषु,1
भोग्यो,1
भोग्योपधानरागश्च,1
भोजनसामग्रिकं,1
भोजनात्परं,1
भोजयामास,1
भोजयित्वा,1
भोजयिष्ये,1
भोजयेद्विप्रान्दरिद्रः,1
भोजायाक्लिष्टकर्मणे,1
भोज॑नम्,1
भौतिकं,1
भौतिकत्वं,1
भौतिकत्वसाधनायाऽक्षाणां,1
भौतिकत्वाच्च,1
भौतिका,1
भौतिकाः,1
भौतिकेन्द्रियवादिनाऽपीष्यत,1
भौत्री,1
भौम,1
भौमानि,1
भौमान्तर्गत,1
भौमान्तर्भागे,1
भौमार्कवारं,1
भौवनतत्त्वपङ्क्तिमाधारदेहविषयाऽभ्युदयाय,1
भ्,1
भ्ग्,1
भ्ञ्ज्,1
भ्यं,1
भ्यः,1
भ्यक्षद्यक्षरं,1
भ्यम्,1
भ्यामा॒त्मनो,1
भ्या॒,1
भ्या॒न्द्वाद॑शकपालः॒,1
भ्यो॒,1
भ्य॒स्तम्मा॑,1
भ्रमण,1
भ्रमणं,1
भ्रमणपथं,1
भ्रमणपथे,1
भ्रमणमुक्त्वा,1
भ्रमणम्,1
भ्रमणे,1
भ्रमतः,1
भ्रमता,1
भ्रमत्यपि,1
भ्रमन्ति,1
भ्रमरेखायुक्तं,1
भ्रमरेखि,1
भ्रमरेखियत्,1
भ्रमरैशकुलं,1
भ्रमसिद्धिः,1
भ्रमात्,1
भ्रमामि,1
भ्रश्यते,1
भ्रस्ताकर्मकृ॑दिवै॒वम्,1
भ्राजः,1
भ्राजपटरपत॑ङ्गा,1
भ्राजभासभाषे,1
भ्राजस्य,1
भ्राजस्विन्भ्राज॒स्वी,1
भ्राजो॑,1
भ्राज॑से,1
भ्राज॑स्वन्त॒म्मामायु॑ष्मन्तं॒,1
भ्रातर,1
भ्रातारौ,1
भ्रातु,1
भ्रातृ॑व्य,1
भ्रातृ॑व्यमे॒वैतया,1
भ्रातृ॑व्यवा॒न्थ्स्याथ्स,1
भ्रातृ॑व्यस्य,1
भ्रातृ॑व्यान॒भ्यात॑नुते॒,1
भ्रातृ॑व्यापनुत्त्यै,1
भ्रातृ॑व्येभ्यः॒,1
भ्रातृ॑व्य॒स्त्रयो॑दश,1
भ्रातॄन्दत्त्वा,1
भ्रात्रा,1
भ्रान्त्या,1
भ्रान्त्वा,1
भ्रा॒ता,1
भ्रुवोरन्तं,1
भ्रूक्षेपणादिव्यापारः,1
भ्रूचापाक्षेपयुक्ताः,1
भ्रूपेक्षादीनामप्यानन्दादिष्वेवान्तर्भावान्न,1
भ्रूब्रह्मरन्ध्रावधि,1
भ्रूब्रह्मरन्ध्रावधिक्रमात्,1
भ्रूलतोत्क्षेपादीनामपि,1
भ्रूवृद्धया,1
भ्रूशङ्खकर्णशूलानि,1
भ्वादिषु,1
भ्वादौ,1
भ॑जा॒,1
भ॑र॒,1
भ॑वत,1
भ॑वत्यधि॒देव॑ने,1
भ॑वत्या॒त्मने॑,1
भ॑वत्ये॒ते,1
भ॑वन्ति॒,1
भ॑वन्तू॒द्वता॑,1
भ॑वा,1
भ॑वामि,1
भ॑व॒त्यास्य॑,1
भ॒क्षय॑न्तो॒,1
भ॒क्षो,1
भ॒जाथ॑,1
भ॒द्रया,1
भ॒द्राद॒भि,1
भ॒न्दना॑सु॒,1
भ॒व॒,1
भ॒व॒त्यङ्गा॑रा,1
मंत्रस्यास्य,1
मंत्री,1
मंहि॑ष्ठं,1
मकेन,1
मखद्विषः,1
मखसंरक्षणं,1
मखसम्,1
मखा,1
मगधदेशं,1
मघवान्भेत्तुं,1
मघ॑वन्,1
मङ्गलप्रदम्,1
मङ्गलप्रिये,1
मङ्गलमेव,1
मङ्गलम्,1
मङ्गलाचरणम्,1
मङ्गलापानाः,1
मजारिर्गरुडप्रियः,1
मज्जक्षयेऽल्पशुक्रता,1
मञ्चकाश्रितसिकतिलकर्करीविश्रान्तान्तरचक्षुषि,1
मञ्जिष्ठायास्त्रिकर्षेण,1
मञ्जीरोज्ज्वलचरणो,1
मञ्जूषिका,1
मठ,1
मठम्,1
मणि,1
मणिं,1
मणिना,1
मणिप्रिया,1
मणोरमे,1
मणौ,1
मण्डप,1
मण्डपं,1
मण्डपविधानदि,1
मण्डय,1
मण्डलः,1
मण्डलकस्थानादन्यत्र,1
मण्डलमेव,1
मण्डलस्थ,1
मण्डलाधिपाः,1
मण्डलान्,1
मण्डलार्च्चनादी,1
मण्डलिनः,1
मण्डलेश्वरः,1
मण्डलेषु,1
मण्डेहि,1
मण्णेन्ति,1
मण्यादेः,1
मत,1
मतङ्गस्वायम्भुवादि,1
मतदानं,1
मतान्तरं,1
मतान्युट्टङ्कितानि,1
मतिकरालनिशितमुपाददे,1
मतिजाड्यतः,1
मतिभेदः,1
मतिमान्कुर्यात्तद्दोषशान्तये,1
मतिम्,1
मतिरन्या,1
मतिरापनेयेति,1
मतिर्भवति,1
मतिशब्देन,1
मतिश्च,1
मतिस्,1
मति॒विदः॑,1
मति॒विदो॒,1
मति॒विद॑स्तृ॒तीय॑स्य॒,1
मती,1
मतेर्बुद्धेर्वृत्तिर्ज्ञेया,1
मतो,1
मतौ,1
मत्,1
मत्कथा,1
मत्कृतं,1
मत्कृतां,1
मत्ता,1
मत्तादिवदिति,1
मत्तो,1
मत्पर,1
मत्पाणिग्रहणं,1
मत्युष्णं,1
मत्यैक्यम्,1
मत्वाह,1
मत्सरं,1
मत्स्यस्य,1
मत्स्वरूपो,1
मथुरावासिबटवो,1
मथ्नती,1
मद,1
मदः,1
मदक्षयः,1
मदघं,1
मदन,1
मदनपारिजातयोः,1
मदनसेनिकापि,1
मदनायुधरूपिणी,1
मदन्तु,1
मदन्यो,1
मदमोहावभिष्वङ्गः,1
मदशक्त्यभिव्यक्तिवच्चैतन्याभिव्यक्तिः,1
मदश्च,1
मदागमं,1
मदादयः,1
मदादयश्च,1
मदादिसञ्ज्ञाः,1
मदादीनां,1
मदादीनामुत्पद्यमानत्वात्,1
मदाद्याः,1
मदान्धकारिताक्षोऽसौ,1
मदामदं,1
मदिरामदान्धः,1
मदे,1
मद्गवश्चैव,1
मद्धमं,1
मद्भक्तजतवात्,1
मद्भक्तिविमुखानां,1
मद्भक्तिहीनाय,1
मद्भक्तो,1
मद्भार्यया,1
मद्भावायोपपद्यते,1
मद्यभाण्डमपि,1
मद्यमांसबलिप्रिये,1
मद्यावलिप्तभाण्डस्य,1
मद्य॑मयामि॒,1
मद्रान्सुतान्भरतसत्तम,1
मद॑न्तः,1
मद॑न्ति,1
मद॑न्तो॒,1
मधुः,1
मधुकामृतवासानां,1
मधुकाष्टपलेन,1
मधुनाभि,1
मधुने,1
मधुपुत्रप्रियाय,1
मधुपुष्पप्रियाय,1
मधुप्रियाय,1
मधुमथनमहिम्नामस्ति,1
मधुमांसेभ्यः,1
मधुरं,1
मधुरत्रितयेन,1
मधुरस्मितमिति,1
मधुरस्मितम्,1
मधुरास्यत्वमास्योपलेपो,1
मधुसुरभिमुखाब्जगन्धलब्धेरधिकमधित्वदनेन,1
मधुसूदनमिश्रसङ्कलितं,1
मधु॑ना॒,1
मधु॑ना॒भि,1
मधु॑मतीं,1
मधु॑मती॒र्मधु॑मतीभिः,1
मधु॑मन्तो,1
मधु॑मा,1
मधु॑म॒त्तस्मि॑न्मा,1
मधु॒श्चुत॒,1
मधूकसारेण,1
मधो,1
मधोः,1
मध्यकुम्भे,1
मध्यखण्डे,1
मध्यदेशे,1
मध्यभागमुपक्रम्येत्यर्थः,1
मध्यभागे,1
मध्यमं,1
मध्यमम्,1
मध्यमाभ्यां,1
मध्यमे,1
मध्यमेङ्गुष्ठाद्यावद्ब्रद्धबलिं,1
मध्यमेन,1
मध्यमेशो,1
मध्यमो,1
मध्यम्,1
मध्यरेखानुसारेण,1
मध्यविस्तारस्य,1
मध्यस्थानां,1
मध्यानि,1
मध्याह्नभूरिभोजनस्य,1
मध्याह्नवत्,1
मध्याह्ने,1
मध्योपायाः,1
मध्य॑मम्,1
मध्य॒,1
मध्य॒तस्त्वम॑ग्ने,1
मध्य॒मञ्च॑तुम्,1
मध्वा॒,1
मध॒व्यौ,1
मन,1
मनःशिलाम्,1
मनःशुद्धिरथान्तरमिति,1
मनःसंयोगाद्,1
मनःसंस्था,1
मनःसहितानामहङ्कारादेवोत्पत्तिरिति,1
मननं,1
मननमिहोक्तम्,1
मननयुक्तो,1
मननस्य,1
मननेति,1
मनस,1
मनसापि,1
मनसाप्यन्यं,1
मनसाऽपि,1
मनसिकृत्य,1
मनसिजतरुपुष्पं,1
मनसैव,1
मनसो,1
मनस्तत्वाधिपाय,1
मनस्तत्वाधिपायसङ्कल्पाय,1
मनस्यङ्गीकृतः,1
मनिष्ये॒,1
मनी,1
मनीषिणी,1
मनीषिभिः,1
मनी॒षेति॑,1
मनु,1
मनुः॑,1
मनुजशार्दूल,1
मनुजाधिप,1
मनुजाधिपः,1
मनुजो,1
मनुते,1
मनुध्वम्,1
मनुष्यजातित्वाऽभावात्पूर्वेणापि,1
मनुष्यधर्मो,1
मनुष्यराज,1
मनुष्यस्य,1
मनुष्याः,1
मनुष्याःसस्यादीन्दग्ध्वा,1
मनुष्येन्द्र,1
मनुष्येन्द्रे,1
मनुष्येभ्यस्स,1
मनुष्यैश्चपुण्यं,1
मनु॑र्भव,1
मनु॑षे,1
मनु॒ष्या॑,1
मनु॒ष्या॑णा॒मन्न॒म्,1
मनु॒ष्य॑कृत॒स्यैन॑सो,1
मनु॒स्त्रयो॑दश,1
मनोक्त्वा,1
मनोज्ञं,1
मनोधिपत्वमस्य,1
मनोन्मनीति,1
मनोन्मनीत्यनन्तकः,1
मनोन्मन्यन्त,1
मनोभिः,1
मनोभिमानिनि,1
मनोमतिश्चितिर्मन्त्र,1
मनोरञ्जनार्थमभवत्,1
मनोरथं,1
मनोरमां,1
मनोरमे,1
मनोवाक्तनुचेष्टया,1
मनोविनश्यद्दानादिभिश्चेदपरं,1
मनोव्यापारमात्रतः,1
मनोव्यापारमात्रेणया,1
मनोव्यापारानुष्ठेया,1
मनोहङ्कारबुद्धी,1
मनोहरः,1
मनोहरन्,1
मनोऽधिष्ठितानीन्द्रियाणि,1
मनोऽहङ्कारबुद्ध्याख्यान्यान्तराणि,1
मनोऽहङ्कृतिबुद्धिर्देवा,1
मनो॑जवसो,1
मन्त,1
मन्तम्,1
मन्तरिक्षा,1
मन्त्रं,1
मन्त्रः॑,1
मन्त्रद्युम्नस्ततो,1
मन्त्रपदवर्ण,1
मन्त्रपुत्रः,1
मन्त्रपूतेन,1
मन्त्रबलादिना,1
मन्त्रमूर्तिं,1
मन्त्रयन्त्रौषधादितः,1
मन्त्रयोगः,1
मन्त्रराज,1
मन्त्रराजः,1
मन्त्रराट्,1
मन्त्रवित्,1
मन्त्रसामर्थ्येन,1
मन्त्रस्तस्या,1
मन्त्रस्य,1
मन्त्रस्याराध्यः,1
मन्त्राणां,1
मन्त्रादि,1
मन्त्रादिषड्वनां,1
मन्त्राधिदेवाय,1
मन्त्राध्वत्वमुक्तमुद्यमित्यविरोधः,1
मन्त्राध्वविभागमाह,1
मन्त्राध्वानमक्त्वा,1
मन्त्राध्वासमुदीरितः,1
मन्त्रान्वाद्दीक्षेयं,1
मन्त्रार्थश्च,1
मन्त्रालब्थधतटारोपणेन,1
मन्त्रास्वस्त्रेशान,1
मन्त्रिजावेश्ययोः,1
मन्त्रिपुत्रस्तं,1
मन्त्रेणाभिषेकात्,1
मन्त्रो,1
मन्त्रोपनिषत्,1
मन्त्रो॒,1
मन्थन्ति,1
मन्थरको,1
मन्दचेतसाम्,1
मन्दसौरमण्डलस्य,1
मन्दस्मितेन,1
मन्दाकिन्या,1
मन्दानामभेस्तुद्धिमवतारयितुमिदं,1
मन्दायमानपुरोधसि,1
मन्दारकुन्दकरवीरलवङ्गपुष्पैः,1
मन्दिरदीर्घिकासु,1
मन्दिरमस्ति,1
मन्दिषी॒महि॑,1
मन्मथम्,1
मन्मथरिपुं,1
मन्मभिः,1
मन्म॑भिः,1
मन्म॑भि॒रा,1
मन्यतामनु॒मन्य॑माना,1
मन्यन्तां,1
मन्यन्ता॒,1
मन्यमानम्,1
मन्यमाना,1
मन्यामहे,1
मन्या॑सै॒,1
मन्युकृतेभ्यः,1
मन्युपतयश्च,1
मन्युश्च,1
मन्ये,1
मन्ये॒तान॑भिक्रम्य,1
मन्रौ,1
मन्वन्तरपो,1
मन्वाद्या,1
मन्वेवं,1
मन॑वे॒,1
मन॑श्च॒,1
मन॑सा,1
मन॑साऽभि॒गच्छ॑ति,1
मन॑सि,1
मन॑सो॒,1
मन॒,1
मन॒सीति॑,1
मपश्य॒त्तं,1
मभि॒घ्नताम्,1
ममज्जिरे,1
ममाकुशलः,1
ममाग्रतो,1
ममातीव,1
ममात्मनो,1
ममादेशाद्द्रुतं,1
ममानुस्मरणं,1
ममान्तर्‌हृ॑दये॒,1
ममापि,1
ममाभिषेके,1
ममार्चां,1
ममार्थे,1
ममावसथ,1
ममेश्वर,1
मम्मी,1
मयः,1
मयः॑,1
मयडर्थो,1
मयादिता,1
मयाऽपि,1
मयीं,1
मयूख,1
मयैवाचरितान्यपि,1
मयोदितम्,1
मयोपदिष्टाः,1
मयो॒भुव॑,1
मय्यपत्यानि,1
मय्येव,1
मय॑,1
मरकतं,1
मरण,1
मरणदण्डनम्,1
मरणदण्डनस्य,1
मरणस्य,1
मरणानन्तरं,1
मरीचिस्तु,1
मरी॑चयः,1
मरी॑चयो,1
मरी॑चि॒माद॑त्ते,1
मरी॑चीर्वा॒,1
मरुतश्च॒,1
मरुता,1
मरुत्,1
मरुत्वन्तं,1
मरुत॒स्ता,1
मरुद्भिः,1
मरु॑तः॒,1
मरु॑ताम्पित॒स्तद॒हं,1
मर्तो॑,1
मर्त्यः,1
मर्त्यलोके,1
मर्त्यस्तु,1
मर्त्यानां,1
मर्त्यान्व्यरोचत,1
मर्त्ये,1
मर्त्यो,1
मर्त्य॑स्य,1
मर्त॒जास्त्रीणि॑,1
मर्दने,1
मर्माण्यनिलस्तु,1
मर्मृ॒ज्यमा॑नाः॒,1
मर्यादाकरत्वात्प्र॑,1
मर्यादाकृन्महातेजाः,1
मर्या॒,1
मलंससर्गः,1
मलः,1
मलकर्मणः,1
मलकर्ममायालक्षणास्ते,1
मलकर्मयुते,1
मलकर्मवृतः,1
मलकर्माणश्च,1
मलकर्माणोपरिपक्व,1
मलकर्मावृतोयस्तु,1
मलतः,1
मलदूषितः,1
मलदूषितत्वात्ताम्रगत,1
मलदूषितत्वेना,1
मलनिरसनम्,1
मलपरिपाकं,1
मलपरिपाके,1
मलप्रक्षालनम्,1
मलप्रतिबन्धकः,1
मलभूताः,1
मलभूतास्ते,1
मलमल,1
मलमात्रस्य,1
मलमायाकर्मरूपात्,1
मलमायाभ्यां,1
मलमेकत्रभिद्य,1
मलयायकर्माख्य,1
मलयुक्तस्तत्राद्यो,1
मलयुक्तस्यैव,1
मललक्षणम्,1
मलवाचकतया,1
मलविदारणेन,1
मलविनाश,1
मलविरेकः,1
मलशक्तीनां,1
मलसम्बन्धः,1
मलस्यानादित्वं,1
मलस्यानादित्वान्नित्यत्वा,1
मलस्यानादित्वेन,1
मलस्यापि,1
मलस्याऽसाधारणत्वे,1
मलस्यैकाशक्तिपाकेन,1
मलस्यैते,1
मलस्यैव,1
मलस्वरूपमपि,1
मलहेतुत्वं,1
मलां,1
मलाख्येनैकेनैव,1
मलात्मकं,1
मलादेरपानस्य,1
मलायामपाश,1
मलावृतचैतत्वेन,1
मलावृतत्वादस्य,1
मलावृतत्वान्मनोबुद्ध्यादयस्तदभिव्यञ्जकतया,1
मलावृतत्वेनार्थषु,1
मलावृतत्वेनाऽऽत्मनां,1
मलावृतानामपि,1
मलिनः,1
मलिनत्वमणौस्मितम्,1
मलिनत्वाच्च,1
मलिनत्वादीशेनाधिकारावस्थेन,1
मलिनत्वे,1
मलिनस्यैवासक्तिहेतुः,1
मलिनीकरणानि,1
मलिनीकशेती,1
मले,1
मलेनात्मनोऽनादिसम्बन्धोऽभ्युपगन्तव्यः,1
मलेनावृतोऽवसीयते,1
मलैकबद्धसम्बन्धाबध्यते,1
मलैकबद्धसम्बन्धो,1
मलैरावृतमात्मानं,1
मलैर्मुक्तमथात्मानं,1
मलोपादानतयेत्यविरोधः,1
मलोपादानत्वेऽभ्युपगम्यमाने,1
मलोपादाना,1
मलोऽभ्युपगन्तव्य,1
मलोऽभ्युपगन्तव्यः,1
मलोऽस्तु,1
मल्लिकार्जुनं,1
मल्लौ,1
मशक्त्याक्त्वात्तेषां,1
मष्टाचत्वारिंश,1
मष्टोत्तरं,1
मसूद्,1
मसूरिका,1
मस्करी,1
मस्तकं,1
मस्तकान्तं,1
मस्तिकं,1
मस्तुलुङ्गाद्घनपीतपक्वः,1
मस्तु॑,1
महः,1
महतामीश्वरश्च,1
महति,1
महतीं,1
महते,1
महत्कष्टं,1
महत्तमश्च,1
महत्तमा,1
महत्तमो,1
महत्तरः,1
महत्तरो,1
महत्त्वाच्च,1
महत्परिश्रम,1
महत्पाति,1
महत्पृथिव्या,1
महत्वं,1
महत्वघ्राण्रेन्द्रियसन्निकर्षयोः,1
महत्वपूर्णं,1
महत्वमिति,1
महत्सौख्यं,1
महत्स्वकुप्यन्न,1
महदद्भुतं,1
महदभिचारातिक्रमः,1
महदश्नुते,1
महदादिरूपेण,1
महदादीनि,1
महद्दुष्करमार्यकर्म,1
महद्ब्रह्मंस्तथ्यमेतदसंशयम्,1
महद्युद्धं,1
महद्‌भिर्ब्राह्मणैश्चापि,1
महर्णवम्,1
महर्धिकदेवः,1
महर्षयश्,1
महर्षिकथितास्तथा,1
महर्षे,1
महर्षेस्तपोभङ्गार्थं,1
महलनोबिस्,1
महसिस्थैः,1
महसे,1
महांस्तथापि,1
महांस्त्वमसि,1
महाकण्वायना,1
महाकर्णास्तथाऽपरे,1
महाकल्पः,1
महाकविः,1
महाकायं,1
महाकाया,1
महाकारुणिकानां,1
महाकालः,1
महाकालीं,1
महाकाव्यम्,1
महाकाशस्तदवच्छिन्न,1
महाकुणपभोजनाः,1
महाकुम्भं,1
महाकुलानि,1
महाक्रतून्,1
महागुदाः,1
महागौरीं,1
महाघोरसंसारे,1
महाचक्रं,1
महाट्टहासमतिसंरम्भेण,1
महातन्त्रे,1
महातपाः,1
महातमसा,1
महातेजश्चतुर्वर्णं,1
महातेजाः,1
महातैलं,1
महात्मना,1
महात्मनाम्,1
महात्मनि,1
महात्मनो,1
महात्मानं,1
महात्मानमीशानं,1
महादेवं,1
महादेवपदावधि,1
महादेवस्ततस्स्मृतः,1
महादेवस्स,1
महादेवीं,1
महादेवीप्रसादतः,1
महादेव्या,1
महादेव्याः,1
महादोषकरस्तत्र,1
महाद्युतीन्,1
महाद्युत्यादिमाधिके,1
महाद्वीप,1
महाधनपतित्वदम्,1
महाधनुः,1
महाधनैः,1
महाधिविधुरबान्धवाङ्गनावर्गगृहीतप्रच्छन्नप्रग्रीवके,1
महाधेनु,1
महाधेनुश्च,1
महाध्वजः,1
महाध्वजाय,1
महानगरी,1
महानदी,1
महानर्थ,1
महानागं,1
महानाटकसंज्ञितं,1
महानाम्नीभिरुदक,1
महानासा,1
महानुभावाः,1
महानैवेद्यं,1
महान्गतः,1
महान्तं,1
महान्मुने,1
महान्यश्च,1
महापद्मवनान्तस्थे,1
महापर्वतराज,1
महापापादिसम्प्राप्तौ,1
महापुरचतुष्षष्टिमण्डले,1
महापूजां,1
महापृथिवीं,1
महाप्रयासस्य,1
महाप्रसादलाभे,1
महाप्रसादा,1
महाप्रस्थानकाले,1
महाप्राज्ञः,1
महाबाहुरानृशंस्यार्थमच्युतः,1
महाबुद्धे,1
महाभागया,1
महाभागा,1
महाभागां,1
महाभागे,1
महाभारतम्,1
महाभारतयुद्धेऽपि,1
महाभारतस्य,1
महाभाष्यं,1
महाभाष्यस्य,1
महाभाष्ये,1
महाभिषेकं,1
महाभुजं,1
महाभुजः,1
महाभुजम्,1
महामखैः,1
महामङ्गलदायिनि,1
महामणिरिवानभिव्यक्तब्रह्मवर्चसः,1
महामतिः,1
महामतिम्,1
महामते,1
महामन्त्राः,1
महामन्त्राणामपि,1
महामारिके,1
महामारी,1
महामुने,1
महामृधे,1
महामेरुं,1
महामे॑रुं,1
महामोहस्य,1
महामोहाख्यो,1
महामोहोद्भवात्,1
महायज्ञे,1
महायज्ञैर्ब्राह्मणेभ्यो,1
महायशाः,1
महायागे,1
महायानसूत्राद्रत्नकेतु,1
महायेन,1
महारत्नपर्वतराजाः,1
महारथः,1
महारथस्य,1
महाराज,1
महाराजास्,1
महाराज्ञी,1
महाराज्यप्रदं,1
महाराष्ट्रराज्ये,1
महारौद्रे,1
महार्थे,1
महालक्ष्मीस्तोत्रम्,1
महावक्त्राय,1
महावाक्येन,1
महाविद्यालय,1
महाविद्यालये,1
महावीरवीराय,1
महाव्याधिविनाशिनीं,1
महाव्याधिसमुत्पत्तौ,1
महाव्रतत्वं,1
महाव्रतत्वादावश्यकत्वमेवेति,1
महाव्रता,1
महाव्रताः,1
महाशना,1
महाशिलायुक्तच्छदिः,1
महाशिवरात्रेः,1
महाशुद्धिकरं,1
महासङ्घट्टनात्,1
महासत्त्वस्य,1
महासुखम्,1
महासुरः,1
महासुरा,1
महासैन्यसमायुक्ते,1
महिप्रान्तमेत,1
महिलाः,1
महिषमरिचमूं,1
महिषस्य,1
महिषाक्षं,1
महिषितवपुषं,1
महि॑ष्यै,1
महि॒त्वं,1
महि॒त्वा,1
महि॒ना,1
महि॒म्न,1
महीगुणाः,1
महीमिमाम्,1
महीयते,1
महीरुहैः,1
महीर्,1
मही॒नां,1
महेन्द्रवेश्मप्रतिमं,1
महेन्द्रो,1
महेशाख्यो,1
महेशितुः,1
महेश्वर,1
महेश्वरश्च,1
महेश्वरस्तेषा,1
महेश्वराद्यरूपान्ता,1
महेश्वरे,1
महेष्वासस्तावच्छाम्यतु,1
महेष्वासैः,1
महेष्वासौ,1
महोजः,1
महोत्साहवैयर्थ्यादित्यत,1
महोदयस,1
महोदयस्य,1
महोदयोयं,1
महोदरं,1
महोदराः,1
महौजसा,1
मह्यं॒,1
मह्यन्न,1
मह्यम्,1
मह्य॑मि॒मानित्य॑ब्रवी॒न्न,1
मांसभूतौदनेन,1
मांसवर्षं,1
मांसशोणितमज्जादो,1
मांसस्य,1
मांसी,1
माकोटो,1
माङ्गल्यं,1
माङ्गल्यमाप्नुयात्,1
माङ्गल्यमाप्नोति,1
माचिरेण,1
माणवकस्य,1
माणवको,1
माणोऽप्यचलप्रतिष्ठो,1
माण्डलेखयः,1
मातङ्गो,1
मातरं,1
मातरः,1
मातले,1
मातापि,1
मातुः,1
मातुरपि,1
मातुर्वियोगतस्तात,1
मातुलस्य,1
मातृकाग्रन्थः,1
मातृत्वम्,1
मातृवचनं,1
मातृवत्सलः,1
मातृशब्दः,1
मातृस्नेह,1
मात्यस्यां,1
मात्र,1
मात्रया,1
मात्रा,1
मात्राद्यासु,1
मात्रासङ्घोऽप्यहङ्काराद्,1
मात्रासम्भूतभूतेषु,1
मात्रास्तदविशेषतः,1
मात्रोपक्षीणत्वात्,1
मात्सर्यं,1
मात॒र्मा,1
मादयध्यै,1
मादार्,1
मादौ,1
माद्यं,1
माधवमभ्यर्च्य,1
माधुर्यौजःप्रसादलक्षणांस्त्रीनेव,1
माधुर्यौजःप्रसादाख्यस्त्रयस्ते,1
माध्यं॑दिनस्य॒,1
माध्यन्दिने,1
माध्यम,1
माध्यमं,1
माध्यमानि,1
माध्वी॑षु,1
मानं,1
मानः,1
मानः॑,1
मानत्वमपि,1
मानत्वमित्यस्य,1
मानत्वमित्यस्यानुपादेयत्वमित्यर्थं,1
मानत्वमेति,1
मानत्वोपगमात्कथमेवमित्यत,1
मानद,1
मानमिति,1
मानवा,1
मानवानाम्,1
मानवास्तद्वच्छतानन्देश्वरादपि,1
मानसंस्थितिः,1
मानसमर्थितः,1
मानसवेगस्य,1
मानसव्यापारमातृकार्येत्यर्थः,1
मानसारो,1
मानसीत्यभिधीयते,1
मानसीमाह,1
मानसे,1
मानसैश्वर्यं,1
मानसो,1
मानुष,1
मानुषं,1
मानुषत्वं,1
मानुषविषयमुत,1
मानुषी,1
मानुषेषु,1
मानुषेषूत्तमा,1
मानुषेष्वस्य,1
मानुषैरपि,1
मानु॑षीरीडते॒,1
मानेन,1
मानेया,1
मान्दाः,1
मान्यनाथ,1
मान्ये,1
मान॒व्यो॑,1
मापती,1
मापि॑,1
माबद्धवेपथुरधीरविलोचनायाः,1
माभूत्,1
मामकं,1
मामकनरकयोरुपसंख्यानम्,1
मामकाः,1
मामनुसम्प्राप्तं,1
मामपि,1
माममृतयोनौ,1
मामर्हसि,1
मामव,1
मामसुखान्विताम्,1
मामाहुः,1
मामिका,1
मामृतात्,1
मामृषिः,1
मामैक्ष्वाकस्य,1
मामोजो॑,1
माम॑ने॒नसम्,1
माम॒मृतं॑,1
मायत्वेन,1
मायाकर्ममलच्छन्नः,1
मायाकार्यमेव,1
मायाकालादि,1
मायाक्षोभकत्वात्,1
मायाख्य,1
मायाख्यम्,1
मायाख्यादुपादानात्,1
मायागर्भादिकार्यादीनां,1
मायागुणाननुगतो,1
मायाचक्रप्रणेता,1
मायाचक्रमितीरितम्,1
मायातत्त्वलीनानां,1
मायातत्वमन्तो,1
मायातत्वविशुद्धौ,1
मायातत्वाधिपाय,1
मायातत्वान्तं,1
मायातत्वान्तकव्याप्ति,1
मायातत्वान्तका,1
मायातत्वान्तगोचरं,1
मायातत्वाय,1
मायात्मनि,1
मायादयस्तु,1
मायादि,1
मायादिकं,1
मायादीनां,1
मायाधिपत्वमस्य,1
मायाधिपाय,1
मायान्तगोच्युतः,1
मायान्ते,1
मायापदे,1
मायाबीजं,1
मायामनुष्योऽव्ययः,1
मायामारीचमरणं,1
मायामेतां,1
मायामेषोऽनुधावति,1
मायायां,1
मायायामानन्त्यान्नोच्यते,1
मायायाश्च,1
मायायै,1
मायायोगे,1
मायालक्षणं,1
मायाशक्तिमदिति,1
मायाशक्तीर्व्यक्तियोग्याः,1
मायाशक्त्युपलक्षितमित्यर्थः,1
मायाशिवात्मवस्तूनामजानां,1
मायाश्रयं,1
मायाश्रयत्वान्न,1
मायासाध्यं,1
मायासीताहृतिस्तथा,1
मायास्फुरद्वयं,1
मायिनां,1
मायीयैरवयवैः,1
मायेत्यर्थः,1
मायोत्थैरेव,1
मायोद्भूतगुणोपादाना,1
मायोपादानानामनात्मादावात्माभिमानादिरूपाणामेषां,1
मारणोच्चाट,1
मारयितुम्,1
मारायणाः,1
मारिकाशान्तिरुत्तमा,1
मारीणां,1
मारीभयं,1
मारुतः,1
मारुता,1
मारुताशनः,1
मारु॒त,1
मारु॒तीं,1
मारु॒तीमा॒मिख्षां,1
मार्गः,1
मार्गतः,1
मार्गदक्षोऽधकर्मठः,1
मार्गदीप,1
मार्गप्रतिबन्धाः,1
मार्गविकसनसमितिः,1
मार्गस्य,1
मार्गे,1
मार्गेण,1
मार्चमासस्य,1
मार्च्,1
मार्ज,1
मार्जारं,1
मार्जितं,1
मार॒यादि॑तिः,1
मालभतापत्यकामः,1
मालवाप्रान्ते,1
मालिका,1
मालिकादि,1
मालिनी,1
मालिन्यमब्जश,1
माव॑,1
माशरावत्याः,1
माष,1
माषकम्,1
मासतः,1
मासपर्यन्तम्,1
मासप्तमांस्तस्य,1
मासमात्रे,1
मासमेकं,1
मासयोः,1
मासानधीयानमप्यसमवेतरूपं,1
मासानि,1
मासान्तरेषु,1
मासार्धमासा,1
मासार्धेन,1
मासिकपत्रिकया,1
मासिकपत्रिका,1
मासिकपत्रिकाऽपि,1
मासेषु,1
मासैर्भरतर्षभ,1
मासौ,1
मास्तु,1
मास्म,1
मास्यपि,1
माहः,1
माहम्मदीयालयः,1
माहांस्तस्यान्नमेव,1
माहात्म्यं,1
माहेश्वर,1
माहेश्वरखण्डे,1
माहेश्वराणि,1
माऽस्मिन्यज्ञे,1
मा॑दयन्ताम्,1
मा॑रु॒त,1
मा॑वत,1
मा॑वन्तु॒,1
मा॑व॒त्विन्द्रो,1
मा॒तृक्क॑च्चन॒,1
मा॒तृत॑मास्व॒न्तः,1
मा॒त्रे,1
मा॒दय॑स्व॒,1
मा॒ध्य,1
मा॒यया॑,1
मा॒यां,1
मा॒याभि॒रप॑,1
मा॒यिनां,1
मा॒यिनो॑ऽधमः,1
मा॒र्ता॒ण्डमाभ॑र॒दिति॑,1
मा॒र्ता॒ण्डमास्य॑त्,1
मा॒शुम॒ग्निं,1
मा॒सौ,1
मा॒स्मिन्,1
मा॒हुः,1
मि,1
मिच्छवेति,1
मितभुक्,1
मितवादी,1
मितवैक्रमाब्दानभितः,1
मितवैक्रमाब्दानभितोऽनुमितः,1
मिताच्चा॒न्तरे॑ति,1
मितिनातीव्याप्तिश्च,1
मित्तत्वात्,1
मित्यत्र,1
मित्यनुवृत्तेरेतल्लभ्यते,1
मित्रकार्येप्सवो,1
मित्रस्यावसि,1
मित्रादिषु,1
मित्राद्या,1
मित्राद्याः,1
मित्राय,1
मित्रावरुणयोस्तु,1
मित्रावरुणावपि,1
मित्रावरुणावश्विनावभि॒दास॑ति॒,1
मित्रावरुणा॒,1
मित्रावरुणौ,1
मित्रैः,1
मित्र॒,1
मिथःप्रहरस्य,1
मिथुनानि,1
मिथुनासो,1
मिथुनी,1
मिथुन॒त्वायो॒शिग॑सि॒,1
मिथुन॒त्वाय॑,1
मिथुन॒त्वाय॒,1
मिथु॒ना,1
मिथु॒नी,1
मिथु॒नौ,1
मिथू॒,1
मिथ्याचरति,1
मिथ्यादृष्टिको,1
मिन्दाहुत्याश्रावितादीन्हुत्वा,1
मिलितं,1
मिल्लीमीटर्मितः,1
मिश्रः,1
मिश्रमिक्षुरसेन,1
मिष्टानि,1
मिष्ठान्नभोजनम्,1
मिष्यते,1
मिहः॑,1
मिहो॒,1
मि॑त्र॒,1
मि॑थः,1
मि॑माय,1
मि॒तश्च॒,1
मि॒त्र,1
मि॒त्रं,1
मि॒त्रश्च॒,1
मि॒त्रस्य॑,1
मि॒त्राय॑,1
मि॒त्रावरु॑णयोः॒,1
मि॒त्रावरु॑णयोर्वी॒र्ये॑ण,1
मि॒त्रावरु॑णावृता॒वृधा॒वावि॑न्ने॒,1
मि॒त्रावरु॑णौ,1
मि॒त्रो,1
मि॒थुन॑न्ता,1
मि॒थौ,1
मि॒नी॒मसि॒,1
मि॒न्दाभू॑द॒ग्निस्तत्पुन॒राहा,1
मि॒श्रमि॑व॒,1
मि॒हे,1
मी,1
मीट्टर्,1
मीढुषे,1
मीमा,1
मीमांसकाः,1
मीलच्चक्षुर्विजिह्मश्रुति,1
मी॒ढुषे,1
मी॒ढुषे॑,1
मी॒ढुषो॑,1
मु,1
मुकि,1
मुकुन्दो,1
मुकुलं,1
मुकुलाकारं,1
मुकेष्,1
मुक्,1
मुक्तकं,1
मुक्तकपुष्पनिचयैः,1
मुक्तगात्रः,1
मुक्तजीवः,1
मुक्तवन्नोपपद्यते,1
मुक्तवान्,1
मुक्तसृष्टौ,1
मुक्तस्याऽभोक्तृत्वं,1
मुक्ताः,1
मुक्तात्मनो,1
मुक्तात्मवदस्य,1
मुक्तानामवस्थिते,1
मुक्ताफलवालुकाधूलिधवलितं,1
मुक्तावभिव्यक्तेश्च,1
मुक्तावुत्तमत्वे,1
मुक्ताहारविभूषणं,1
मुक्तिकर्मणीति,1
मुक्तिकामनां,1
मुक्तिगाः,1
मुक्तित्वम्,1
मुक्तिनां,1
मुक्तिमधमा,1
मुक्तिमाप्नोति,1
मुक्तिमुक्तो,1
मुक्तिरिति,1
मुक्तिरितिव,1
मुक्तिरित्याहा,1
मुक्तिरुक्ता,1
मुक्तिरूपप्रयोजनस्य,1
मुक्तिर्न,1
मुक्तिर्नव,1
मुक्तिर्नान्यस्येतित,1
मुक्तिर्नास्यान्यथा,1
मुक्तिर्नेतिशंकायाम्,1
मुक्तिर्येषां,1
मुक्तिवादिनो,1
मुक्तिशब्दाभिधेयेति,1
मुक्तिश्च,1
मुक्तिसाधनं,1
मुक्तिसाधनमेवोच्यते,1
मुक्तिसिद्धये,1
मुक्तिस्तु,1
मुक्तिस्थानं,1
मुक्त्यभावादेव,1
मुक्त्यर्थं,1
मुक्त्यवस्थायामपि,1
मुक्षत,1
मुखतः,1
मुखत्वमेव,1
मुखनासिकावचनोऽनुनासिकः,1
मुखपाकसञ्ज्ञः,1
मुखमङ्धि,1
मुखमिव,1
मुखलिङ्ग,1
मुखलिङ्गप्रतिष्ठायां,1
मुखलिङ्गेषु,1
मुखवासं,1
मुखसहितनासिकयोच्चार्यमाणो,1
मुखादस्यानलोऽभवत्,1
मुखानिलाहतं,1
मुखेनावृत्य,1
मुखेनैव,1
मुख्यः,1
मुख्यकारणमस्ति,1
मुख्यतः,1
मुख्यतोऽर्थोऽयमग्नौ,1
मुख्यपाशत्वात्,1
मुख्यमन्त्रि,1
मुख्यमन्दिरम्,1
मुख्यया,1
मुख्यवैराग्यसाधनस्य,1
मुख्यात्,1
मुख्यानां,1
मुख्यानि,1
मुख्यान्पञ्च,1
मुख्यामात्यो,1
मुख्यामुख्याधिकारिषु,1
मुख्यास्तदूर्ध्वतः,1
मुख्यास्तद्वाप्यूह,1
मुख॑मसि॒,1
मुख॑म्भूयास॒म्,1
मुच्यन्ते,1
मुच्यमानम्,1
मुच्येत्पातकात्सद्यः,1
मुच्येव,1
मुञ्चमुञ्चेति,1
मुञ्चामि॒,1
मुण्डतालवनानीव,1
मुण्डनादाविव,1
मुण्डा,1
मुण्डाय,1
मुत्सृज्य,1
मुत्सृष्टमृगशरीरं,1
मुदं,1
मुदमधिगम्य,1
मुदरान्तेऽन्यसम्भवम्,1
मुदा,1
मुदान्वितः,1
मुदामापुः,1
मुदाऽन्वितः,1
मुदुलावतरणं,1
मुद्गादियूषैः,1
मुद्दिष्टानां,1
मुद्रा,1
मुद्रानुमिति,1
मुद्रालक्षणमेवोक्तं,1
मुद्रिता,1
मुधा,1
मुनयस्सत्त्वस्था,1
मुनयोऽधुना,1
मुनि,1
मुनिना,1
मुनिपार्थिवसंसदि,1
मुनिमतमुत्तममनुष्योत्तमविषयम्,1
मुनिश्रीमान्,1
मुनिश्रेष्ठ,1
मुनिसत्तमः,1
मुनिस्ताम्रकराग्रहस्तो,1
मुनिस्सन्देहमागतः,1
मुनीनाम्,1
मुनीन्,1
मुनीश्वर,1
मुनीश्वरः,1
मुनेराप्तवान्,1
मुनेरित्युक्तत्वाच्चतुर्थाश्रमिण,1
मुपागतश्शनैर्यथा,1
मुपिएति,1
मुमुक्षा,1
मुमुक्षुः,1
मुमुक्षोअ,1
मुमुक्ष्र्वा,1
मुमुक्ष्वमूर्तीशानं,1
मुमुचुर्,1
मुमुचुर्नागा,1
मुमोच,1
मुम्बई,1
मुम्बयीप्रेसिडेन्सिराज्यपालः,1
मुरलीधरवामे,1
मुर्तीशशक्तयः,1
मुर्धाद्यवयवाः,1
मुश्फिकुर्,1
मुष्टिकां,1
मुसल्या,1
मुस्तफ्,1
मुहम्मदस्य,1
मुहुर्,1
मुहुर्मुहुः,1
मुहुर्मुहुराहूयमानतो,1
मुहूर्त्त,1
मुहू॒र्ताः,1
मुह्यताम्,1
मु़॑ञ्च॒,1
मु॑ञ्चत,1
मु॑ञ्चतु,1
मु॑ञ्चा,1
मु॑णन्तु,1
मु॑मोक्त्वे॒तं,1
मु॒खे,1
मु॒ख॒तः,1
मु॒ञ्चतं॒,1
मु॒ञ्चेमम,1
मु॒दा,1
मु॒हुः,1
मूकाम्बिकादेवालयेषु,1
मूज॑व॒तो,1
मूढमिध्यारूपा,1
मूतीशन्न्यास,1
मूतीशभेदानाह,1
मूतीशामताः,1
मूत्यधिकरणेन,1
मूत्यधीश्वराः,1
मूत्रं,1
मूत्रे,1
मूत्र॑पुरी॒षं,1
मूरिपाः,1
मूर्ख,1
मूर्खस्य,1
मूर्छां,1
मूर्छितः,1
मूर्तय,1
मूर्तयश्चाष्टौ,1
मूर्तिक्रमेणैव,1
मूर्तित्वं,1
मूर्तिन्यासं,1
मूर्तिपः,1
मूर्तिपा,1
मूर्तिपानामेवोक्तत्वात्,1
मूर्तिपास्तु,1
मूर्तिभूत,1
मूर्तिभूतं,1
मूर्तिमत्यः,1
मूर्तिमत्वेनावाह्यस्य,1
मूर्तिमूतीशन्यासमभिधाय,1
मूर्तिमूर्तिश्वरानाह,1
मूर्तिमूर्तीपानीयतास्वयम्,1
मूर्तिमूर्तीश्वरादीनां,1
मूर्तियाः,1
मूर्तिरिति,1
मूर्तिरित्युपचर्यते,1
मूर्तिरिव,1
मूर्तिविकल्पमभिधाय,1
मूर्तिश्वरामताः,1
मूर्तिस्थ,1
मूर्तीआअ,1
मूर्तीनां,1
मूर्तीशन्यास,1
मूर्तीशविन्यास,1
मूर्तीशा,1
मूर्तीशाः,1
मूर्तीशादीनां,1
मूर्तीशानामवस्थितिः,1
मूर्तीशी,1
मूर्तीश्वरतत्वतत्वेश्वरन्यासः,1
मूर्तीश्वरन्यासभावनाप्रकारमभिधाय,1
मूर्तीश्वरन्यासस्तत्वतत्वेश्वरान्वितः,1
मूर्तीश्वरादीनां,1
मूर्तीश्वरानपि,1
मूर्तीश्वरानाह,1
मूर्तीस्ततो,1
मूर्तो,1
मूर्त्यधिया,1
मूर्त्यधीश्वराः,1
मूर्धन्यशोभत,1
मूर्धन्वान्थ्सू,1
मूर्धादि,1
मूर्धानं,1
मूर्धानमाश्रितो,1
मूर्ध्न्याघ्राय,1
मूलकं,1
मूलकार,1
मूलकारेण,1
मूलप्रकृतिं,1
मूलप्राणे,1
मूलब्रह्माङ्गमित्युक्तं,1
मूलब्रह्माङ्गानां,1
मूलभूतश्रुत्यनुमापकत्वेन,1
मूलभूता,1
मूलमध्याग्रेषु,1
मूलमध्यात्रेषु,1
मूलमन्त्रः,1
मूलमन्त्रेण,1
मूलमन्त्रोद्धारो,1
मूलमन्रं,1
मूललिङ्गं,1
मूलशङ्करस्य,1
मूलशङ्करो,1
मूलश्रुत्यनुमानमुक्तमिति,1
मूलस्य,1
मूलाख्यौषधीविशेषाणाण्,1
मूलाधारस्थपवनसंस्कारः,1
मूलाधारे,1
मूलैक्यं,1
मूल्यवत्,1
मूल्याष्टभागो,1
मूषकं,1
मूषिकाः,1
मूषिकामपि,1
मूषिकेभागः,1
मू॒र्ध्नो,1
मृग,1
मृगतृष्णिकामिवोष्णां,1
मृगयानिर्गतो,1
मृगयानुरागिणं,1
मृगवराहादिभ्यः,1
मृगहिंसकः,1
मृगाः,1
मृगाणां,1
मृगेन्द्रवचनेन,1
मृगेन्द्रादि,1
मृगेन्द्रानुरोधेन,1
मृग्या,1
मृङ्,1
मृजू,1
मृज्जलादिना,1
मृज्जलाभ्यां,1
मृज्महे,1
मृज्मी॒त,1
मृतशरीरस्य,1
मृतस्य,1
मृतस्यापि,1
मृता,1
मृताभ्रकेतकीपुष्परजः,1
मृतावशिष्टस्य,1
मृतास्तेऽपुनर्भवाः,1
मृतिकाले,1
मृत्यवे,1
मृत्युगोचरमागताः,1
मृत्युपदं,1
मृत्युमुपगताः,1
मृत्युमै,1
मृत्युरूपा,1
मृत्युरूपिणि,1
मृत्युर्मायाभयाज्वरा,1
मृत्युर्हरोधाता,1
मृत्युवशं,1
मृत्युविक्रमतामधि,1
मृत्युस्स,1
मृत्योरीशे,1
मृत्यौ,1
मृत्वा,1
मृदाकारान्वयवत्,1
मृदाकारान्वयवदित्याह,1
मृदादिवदचेतना,1
मृदुकर्कशादिना,1
मृदुभावं,1
मृदुलं,1
मृदुलावतरणं,1
मृदुवीर्यतरास्तासां,1
मृदुसंवेगमध्यसंवेगतीव्रसंवेगाः,1
मृदूपायाः,1
मृद्दारुलोहरूपाणां,1
मृद्वग्निना,1
मृषा,1
मृषावदति,1
मृष्टं,1
मृ॑शेद्वैष्ण॒व्या,1
मृ॑शे॒दिन्द्रा॑य॒,1
मृ॒गाणा,1
मृ॒तं,1
मृ॒त्यवे,1
मृ॒त्यवे॒,1
मृ॒त्युं,1
मृ॒त्युः,1
मृ॒त्युर्ग॑न्ध॒र्वस्तस्य॑,1
मृ॒त्युर्ग॑न्ध॒र्वो,1
मृ॒त्युर्मा॑,1
मेकविंश,1
मेकविंशं,1
मेकाकारं,1
मेखलायां,1
मेघगम्भीरया,1
मेघनादः,1
मेघनिर्ह्रादाय,1
मेघवाहनः,1
मेघाशनिनिनादितैः,1
मेघो,1
मेघो॑,1
मेघ्रेत्वलम्पूषानाडी,1
मेत॑रेभ्य॒,1
मेदस्विनां,1
मेदिनीपृष्ठं,1
मेधा,1
मेधानां,1
मेध्यत्वे,1
मेध्येनाजेन,1
मेध्य॒त्वाय॑,1
मेध॒मव॑,1
मेध॒मव॑रुन्धे,1
मेने,1
मेन्याः,1
मेन॑,1
मेयर्,1
मेरुशृङ्गं,1
मेरौ,1
मेर्कल्,1
मेलनमपि,1
मेलनस्य,1
मेलनात्मा,1
मेलने,1
मेव,1
मेवात्मनोमलतिरोहितं,1
मेश्वो,1
मेष,1
मेषी॑षु॒,1
मेहतः,1
मेहसाणामण्डलं,1
मेऽभूत्कृतकृत्यो,1
मेऽसि,1
मेऽस्तु,1
मे॑धाति॒थेः,1
मे॒ने,1
मे॒षमै॒न्द्रमृ॑ष॒भमै॒न्द्रमेका॑दशकपालं॒,1
मे॒षाय॑,1
मे॒ष्टस्य॑,1
मे॒ष्या॑,1
मै,1
मैत्रः,1
मैत्रार्त्कानिलसौम्यपैतृ,1
मैत्रावरुणचमसे,1
मैत्रावरु॒णीमा॒मिख्षां,1
मैत्रेयरक्षितः,1
मैत्रेयरक्षितपठितस्य,1
मैत्र्यादि,1
मैत्र्यादिभावनारूपस्य,1
मैथुने,1
मैलमितं,1
मैसूरु,1
मैसूरुमहाराज,1
मै॒त्रं,1
मै॒त्रः,1
मै॒ना॒गे,1
मो,1
मोक्तुम्,1
मोक्षकारणम्,1
मोक्षगामिनः,1
मोक्षदश्च,1
मोक्षदा,1
मोक्षधर्मपर्वणि,1
मोक्षप्रदा,1
मोक्षमन्त्रजपतदर्थभावनादिः,1
मोक्षरूमस्माद्भवतीति,1
मोक्षलक्षभ्या,1
मोक्षलाभः,1
मोक्षविलम्बहेतुत्वात्तस्यापि,1
मोक्षश्च,1
मोक्षश्रूयते,1
मोक्षसाधननियमे,1
मोक्षसाधनम्,1
मोक्षसाधने,1
मोक्षस्तु,1
मोक्षस्त्वपरमोक्षः,1
मोक्षस्य,1
मोक्षार्थाः,1
मोक्षाश्रमं,1
मोक्षेऽत्यन्तोच्छेदः,1
मोक्षो,1
मोक्षोपायश्,1
मोक्षोहं,1
मोघमेधौघव्राताद्गगतेन्द्रं,1
मोचकः,1
मोचकस्तत्क्रिया,1
मोचयति,1
मोचयत्यूर्ध्वं,1
मोडर्न्,1
मोदको,1
मोदयन्ती,1
मोदि,1
मोदिष्य,1
मोदिष्ये,1
मोद॑,1
मोद॒कानि॑,1
मोनं,1
मोनमधिक,1
मोमित्येकं,1
मोमित्येकाक्षरं,1
मोर,1
मोर्निङ्ग्,1
मोहकारणम्,1
मोहजालसमावृताः,1
मोहदुःखसुखाकारो,1
मोहनं,1
मोहनदासवर्यः,1
मोहनिद्रायां,1
मोहयति,1
मोहयित्वा,1
मोहयेदविवेचिता,1
मोहस्य,1
मोहस्वभावेभ्यो,1
मोहात्,1
मोहादारभ्यते,1
मोहादिहेतुत्वान्मोहाद्याकारो,1
मोहादीनामपि,1
मोहितः,1
मोहितम्,1
मोहितौ,1
मोहिनी,1
मौक्तिकानि,1
मौक्तिकै,1
मौञ्जीहोमेन,1
मौलालयो,1
मौलिकः,1
मौलिदेशे,1
म्द्,1
म्पौ,1
म्ब,1
म्भ्,1
म्भ्त्,1
म्मनु॒ष्ये,1
म्म॑नु॒ष्या,1
म्येश्च्छेत्तिपिवर्तते,1
म्रियेद्वापि,1
म्रुचुर्म्लुचुः,1
म्र्ग्त्व्,1
म्लुञ्चुरपि,1
म्लेछास्तथान्येऽरण्यवासिनः,1
म्स,1
म्स्,1
म्स्व्,1
म॑देम,1
म॑दे॒मेत्या॑हा॒शिष॑मे॒वैतामा,1
म॑ध्य॒तो,1
म॑नु॒ष्ये,1
म॑नु॒ष्ये॑षु॒,1
म॑न्त्रयेत॒,1
म॑न्त्रये॒ता,1
म॑न्दध्व,1
म॑न्यते,1
म॑न्यन्ते॒,1
म॑मद्धि,1
म॑योभु॒वा,1
म॑रामहे,1
म॑हश॒श्च,1
म॑हादे॒वाः,1
म॑हामे॒रुम्,1
म॑हि॒त्वा,1
म॑हि॒ना,1
म॑हि॒षमन्व॑वेनद॒मी,1
म॑ह॒तां,1
म॑ह॒ते,1
म॒खः,1
म॒खस्य॑,1
म॒खो,1
म॒ख्षू,1
म॒घव॑त्ऽभ्यः,1
म॒तिरृ॒तस्य॒,1
म॒ती,1
म॒द्रिग्यु॒क्त्वा,1
म॒ध्यंदि॑ने,1
म॒ध्यम॑माय॒न्ति,1
म॒नु॒ष्या॑णा॒मन्नं॑,1
म॒नूना॑मुद॒कं,1
म॒न्थमे॒तत्,1
म॒न्थिनः॒,1
म॒न्द्रय॑ते,1
म॒न्द्रा,1
म॒न्द्राभिभू॑तिः,1
म॒न्द्रैरि॑न्द्र॒,1
म॒न्यवे॒,1
म॒न्युं,1
म॒न्युर्भू॑या॒न्नमो॑,1
म॒न्युर॑सि॒,1
म॒पा,1
म॒यूखैः,1
म॒यो॒भूर्वातो॑,1
म॒रुताम्,1
म॒रुता॒मोजः॑,1
म॒रुता॒मोज॑सा,1
म॒रुता॒मोज॑से॒,1
म॒रुतो॒,1
म॒रुत्व॑तीः,1
म॒रुत॒,1
म॒रुद्ग॑णाः,1
म॒रुद्भिः॑,1
म॒रुद्भ्यो॑,1
म॒र्त्यः,1
म॒ल्॒,1
म॒स्मिन्कर्म॑न्न॒स्यां,1
म॒हः,1
म॒हर्,1
म॒हागि॑रौ,1
म॒हान्की॒र्त्या,1
म॒हान्भुवो॒,1
म॒हान्भ॑वति,1
म॒हाव्री॑हीणां,1
म॒हा॒रा॒जाय॒,1
म॒हि॒नैका॑दश,1
म॒हि॒मानँ॒व्व्याच॑ष्टे,1
म॒हीमू॒,1
म॒हीम्,1
म॒ही॒नाम्पयो॑,1
यकर्मान्तिकानुमितघोरातुरतृषि,1
यक्तस्त्वन्ध्यात्वा,1
यक्षं,1
यक्षरक्षांसि,1
यक्षाः,1
यक्षाणां,1
यक्ष्माणं,1
यक्ष्यतम्यौ,1
यक्ष्यमाणस्तदभिमन्त्रितमसि,1
यक्ष॑च्च,1
यच्चातकः,1
यच्चास्य,1
यच्छक्रेण,1
यच्छतु॒,1
यच्छन्नः,1
यच्छिवत्वसमर्पणम्,1
यच्छि॑थि॒रा,1
यच्छुद्धमण्डले,1
यच्छू॒द्रे,1
यच्छ्रुतं,1
यच्छ्रुत्वा,1
यच्छ्रेष्ठो॒,1
यच्छ्वेता,1
यच्छ॒न्त्येका॒न्नप॑ञ्चा॒शच्च॑,1
यछसे,1
यज,1
यजनाङ्गता,1
यजन्तेये,1
यजमानः,1
यजमानमित्यत्र,1
यजमानम्,1
यजमानशब्द,1
यजमानस्यैव,1
यजमानान्ताः,1
यजमानाय,1
यजमाने,1
यजामः,1
यजा॒स्यग्ने॑,1
यजिस्त्यागः,1
यजुर्योगेति,1
यजुष्टः,1
यजूंषि,1
यजे,1
यजेत,1
यजेतेत्युच्यते,1
यजेदेवान्स्वकीयासनसंस्थितान्,1
यजेर॒न्तेषा॑मे॒वैषाप्ता,1
यज्जगद्बीजं,1
यज्जप्यं,1
यज्जयै॒रज॑य॒न्तज्जया॑नां,1
यज्जिवः,1
यज्ज्ञातुमिच्छा,1
यज्ञकर्मविनाशिनाम्,1
यज्ञकालविधिस्,1
यज्ञक्र॒तव॒,1
यज्ञक्र॒तुभि॑रे॒वास्य॑,1
यज्ञदत्तकम्,1
यज्ञदानव्रतानां,1
यज्ञभागं,1
यज्ञमुपावर्तत,1
यज्ञमुपावर्तते,1
यज्ञमुपावर्तस्वेति,1
यज्ञम्,1
यज्ञरूप,1
यज्ञवा॒स्तौ,1
यज्ञवेश॒सं,1
यज्ञस्य,1
यज्ञस्याशिषं,1
यज्ञस्येति,1
यज्ञस्योदृच,1
यज्ञस्योद्गाता,1
यज्ञस्स्तम्भितस्तदा,1
यज्ञाद्यर्थे,1
यज्ञानां,1
यज्ञास्तथा,1
यज्ञैः,1
यज्ञो,1
यज्ञ॒कृतः॑,1
यज्ञ॒कृतो॑,1
यज्ञ॒मुषः॑,1
यज्ञ॒मुषो॑,1
यज्ञ॒मुषो॒,1
यज॑मान,1
यज॑मानं॒,1
यज॑मानः,1
यज॑मानश्च,1
यज॑माना॒यैक॑ञ्च,1
यज॑माने,1
यज॑मानेषु,1
यज॑माने॒,1
यज॑मान॒स्तिष्ठ॑ति॒,1
यज॒,1
यज॒ता,1
यणादेशे,1
यतः॑,1
यतमानस्य,1
यतमानादिवैराग्यहेतुकस्य,1
यतयः,1
यतवाक्,1
यतश्च,1
यतश्चात्मस्वभावस्य,1
यतस्तत्राप्युत्पलपत्रशतव्यक्तिभेदवद्लक्ष्यसूक्ष्मक्रमाण्येव,1
यतामह,1
यतिं,1
यतिनां,1
यतिरिति,1
यतिलक्षणा,1
यतेराधिक्ये,1
यतोध्यगमदात्मरूपम्,1
यतोर्भावे,1
यतोविद्याबुद्धिर्,1
यतोऽचेतनो,1
यतोऽन्तर्मुखानि,1
यतोऽन्यतमवैकल्ये,1
यतोऽयमात्मा,1
यतोऽसि,1
यतो॑,1
यतो॒,1
यत्करणं,1
यत्करम्,1
यत्कर्मसमानाधिकरणे,1
यत्कामात्कृतवानसि,1
यत्का॑मो॒,1
यत्किञ्चं,1
यत्किञ्चिद्दानमाचरेत्,1
यत्कि॑क्किटा॒कारं॑,1
यत्कि॒ञ्चित्,1
यत्कुसी॑दम्,1
यत्कुसी॑द॒मप्र॑तीत्त॒म्मयीत्युपौ॑षती॒हैव,1
यत्कु॑मा॒री,1
यत्कृताधिकाराः,1
यत्कृ॑ष्णशकु॒नः,1
यत्कैवल्यं,1
यत्क्रीड॑थ,1
यत्ततो,1
यत्तत्,1
यत्तत्करणं,1
यत्तत्परं,1
यत्तत्परतरं,1
यत्तद्भुवना,1
यत्तन्त्रौ,1
यत्तप॑स्त॒प्त्वा,1
यत्तव॒,1
यत्तस्मिन्विश्वरूपस्ततस्स्मृतः,1
यत्तस्मै,1
यत्तस्य,1
यत्ताश्चापि,1
यत्तिष्ठ॑न्प्रतिगृ॒णाति॒,1
यत्तिष्ठ॑न्प्रतिगृ॒णात्य॒मुष्या॑,1
यत्तीक्ष्णो,1
यत्तु,1
यत्तृ॒तीय,1
यत्तेऽहं,1
यत्त्वेम॑हे॒,1
यत्नाद्,1
यत्नैर्धनैरपि,1
यत्नो,1
यत्पञ्च॑कपालं,1
यत्परमतात्पर्यं,1
यत्परे॑,1
यत्पित्र,1
यत्पुण्यं,1
यत्पुरा,1
यत्पुरुषत्वमेव,1
यत्पूर्वे॒ष्वहः॑स्वि॒तः,1
यत्पृश्न॑यो,1
यत्पृष्टोऽस्मि,1
यत्पौ,1
यत्प्रतापवान्,1
यत्प्रतीत्योत्पन्नं,1
यत्प्राङासी॑नः॒,1
यत्प्रा॑ण॒भृत॑,1
यत्प्रीतये,1
यत्प्रोक्तं,1
यत्प्र॑थ॒मन्नि॒रष्ठी॑वत्,1
यत्प्र॑दा॒व्यः॑,1
यत्प्र॒जाप॑तिर॒ग्नेरधि॑,1
यत्प्र॒जाप॑ति॒र्जया॒न्प्राय॑च्छ॒त्तस्मा॒ज्जयाः,1
यत्प॑र्ण॒मयी॑,1
यत्प॒शुर्मा॒युमकृ॒तेति॑,1
यत्प॒शुर्मा॒युमकृ॒तोरो॑,1
यत्प॒शुस्तं,1
यत्फलम्,1
यत्रकुत्रापि,1
यत्रा,1
यत्राचार्येण,1
यत्राभिलषेद्भोगान्,1
यत्रार्थान्तरताम्,1
यत्राहु॑तिः,1
यत्रा॑,1
यत्रेति,1
यत्रैति,1
यत्रैवं,1
यत्रै॒तमेका॑दश,1
यत्रै॒तमे॒वं,1
यत्र॑,1
यत्र॒,1
यत्सत्,1
यत्सन्निधौ,1
यत्सम्बन्धादणुः,1
यत्सर्पबलौ,1
यत्सर्वमात्मशुद्धिकरं,1
यत्सुखमुलद्यते,1
यत्सुखम्,1
यत्स्थितं,1
यथर्त्वेवाग्नेरर्चिर्वर्ण॑विशे॒षाः,1
यथाकल्पं,1
यथाकालं,1
यथाक्रमं,1
यथागतमरिन्दम,1
यथागमम्,1
यथाचक्रं,1
यथातत्त्वं,1
यथातथम्,1
यथात्थ,1
यथादेव॒तमे॒व,1
यथादेशं,1
यथादेहं,1
यथाधनम्,1
यथान्धकारावृतस्य,1
यथान्यायमर्चयित्वा,1
यथापूर्वं,1
यथाप्रोक्तो,1
यथाबलम्,1
यथाभा॒गं,1
यथाभा॒गम्म॑न्दध्व॒म्,1
यथामन्त्रमिन्द्रादीन्क्रमशो,1
यथायोगं,1
यथायोग्या,1
यथाय॒जुरे॒वैतत्कि॑क्किटा॒कारं॑,1
यथाय॒जुरे॒वैतत्क॑कु॒ह,1
यथाय॒जुरे॒वैतदु॑रुद्र॒प्सो,1
यथाय॒जुरे॒वैतद्व॒पायां॒,1
यथार्थता,1
यथार्थतो,1
यथार्थत्वम्,1
यथार्थवत्,1
यथावच्छृणुत,1
यथावद्वह्निशोधितम्,1
यथावेत्ति,1
यथाशक्ति,1
यथाश्रुतम्,1
यथासन्निपतिता,1
यथास्थानं,1
यथास्थितिरक्षणं,1
यथास्य,1
यथास्याः,1
यथाऽप्रकाशो,1
यथाऽभवत्,1
यथाऽऽहेति,1
यथे,1
यथेति,1
यथेप्सितम्,1
यथेष्ट,1
यथेष्टं,1
यथेष्टभोगभुवनेषु,1
यथेह,1
यथोक्तं,1
यथोक्तगन्धादिव्रातोपेता,1
यथोक्तमेव,1
यथोन,1
यथोपदेशं,1
यथोपासते,1
यथ्सर्वं,1
यथ्सा॒यम्प्रा॑तरग्निहो॒त्रं,1
यथ्सोमः॒,1
यथ्सो॑म॒क्रय॑ण्यै,1
यथ्स्वेन॑,1
यथ्स॒ह,1
यदकृतं,1
यदक्षमा,1
यदक्षरम्,1
यदक्ष॑रं,1
यदख्ष्योः,1
यदगृ॑हीत्वोपाकु॒र्यात्पव॑मानं॒,1
यदङ्घ्रितो,1
यदजु॑षन्त॒,1
यदत्यन्तमनन्यवाच्यं,1
यदधीनौ,1
यदना,1
यदनुकल्पतया,1
यदनुग्रहतः,1
यदनुरञ्जनं,1
यदनु॑पौष्य,1
यदनेन,1
यदन्नमत्तीति,1
यदप्युक्तमाहङ्कारिकत्वे,1
यदप्युक्तम्,1
यदप्सुते,1
यदप॑स्पृधेथां,1
यदभिपूजितम्,1
यदभिवदति,1
यदभीष्टञ्च,1
यदयमिमां,1
यदर्जुन,1
यदर्थमारभ्यन्त,1
यदर॑ण्ये॒,1
यदल्पमिव,1
यदवच्छिन्नं,1
यदवाप्तं,1
यदश्वरथः,1
यदसम्भ्रमः,1
यदसामर्थ्यम्,1
यदस्था,1
यदस्य,1
यदहं,1
यदाग्रन्धेन,1
यदापः॑,1
यदाब्रवीत्तदाप्रभृति,1
यदारूढस्य,1
यदासी,1
यदासी॑नः॒,1
यदा॑दि॒त्य,1
यदा॑धा॒वा,1
यदा॑हव॒नीया,1
यदिन्द्रो॑,1
यदि॑न्द्रि॒ये,1
यदि॒मे,1
यदीति,1
यदीयं,1
यदी॒दम्,1
यदी॒मनु॒,1
यदी॒मुप॒,1
यदुक्तम्,1
यदुग्रो,1
यदुत्त॑रे॒ष्वहः॑स्व॒मुतो॒,1
यदुदकं,1
यदुम्,1
यदुयोधैर्युधि,1
यदूर्जितं,1
यदृच्छया,1
यदृच्छयाऽऽगतं,1
यदृच्छाभ्यागतो,1
यदृच्छालाभतः,1
यदृच्छालाभतस्तुष्टिः,1
यदृच्छालाभतो,1
यदृतैरवर्धत,1
यदेक॑या,1
यदेक॒स्याधि॒,1
यदेतद्विवृतं,1
यदेवं,1
यदेवैनमेतद्दीक्षयन्त्यग्निर्हैवैनं,1
यदे॑कदेव॒त्य॑,1
यदे॑क॒धोप॑द॒ध्यादेक॑मृ॒तुं,1
यदे॑नयोः,1
यदे॑षां,1
यदे॒ते,1
यदे॒वाद्भ्योऽन्नं॒,1
यदे॒वास्य॒,1
यदे॒ष,1
यदैकमपूर्वस्य,1
यदोत्पन्नं,1
यदोष॑धीभि॒र्वेदि,1
यदोष॑धीर॒प्यस॑र॒द्यदापः॑,1
यद्गृ॒ह्णाति॑,1
यद्गृ॒ह्णात्योष॑धीभ्यस्त्वा,1
यद्ग्र॒हा,1
यद्दिनेदिने,1
यद्दी॒दय॒च्छव॑सा,1
यद्दुःखं,1
यद्दुर्बलमनित्यं,1
यद्दे॒वा,1
यद्दे॒वानां॒,1
यद्द्याव॑,1
यद्द्वि॒तीय,1
यद्द॑श॒मे,1
यद्धिष्ण्या,1
यद्धु॒त,1
यद्ध॑,1
यद्बीजद्वयम्,1
यद्बृ॑ह॒तीर्गर्भ॒माय,1
यद्ब्रह्मणा,1
यद्ब्रह्मभूतस्य,1
यद्ब्रह्म॑,1
यद्ब्रा,1
यद्भवाय,1
यद्भवेत्,1
यद्भावे,1
यद्यकालमृ,1
यद्यज्ञायुधानि,1
यद्यज्ञायुधान्यथैतानि,1
यद्यत्,1
यद्यत्तोयं,1
यद्यथा,1
यद्यप्यचेतना,1
यद्यप्येवं,1
यद्यप्य्,1
यद्ययमर्थःयत्करोति,1
यद्यव्यापक,1
यद्यशुद्धिर्न,1
यद्यशुद्धिर्नपुंसोऽस्ति,1
यद्यस्ति,1
यद्यस्मात्,1
यद्यस्माभिः,1
यद्युक्तं,1
यद्यु॒क्ते,1
यद्यु॒क्थ्यः॑,1
यद्येतदनृतं,1
यद्येवमवैराग्यलक्षणो,1
यद्येवमहङ्कारस्यापि,1
यद्येवमात्मनः,1
यद्येवमिष्टादिकारिणां,1
यद्येवम्,1
यद्येषां,1
यद्य्,1
यद्य॑ग्निष्टो॒मः,1
यद्रमते,1
यद्राज्यो,1
यद्रात्रया,1
यद्रात्रिः॒,1
यद्रात्रौ॑,1
यद्रि॑रि॒पुर्न,1
यद्वक्त्रं,1
यद्वक्ष्यति,1
यद्वत्,1
यद्वद्वस्तुनः,1
यद्वन्नार्थान्तरं,1
यद्वयं,1
यद्वस्तु,1
यद्वस्ते॒,1
यद्वादशनाडीभ्यो,1
यद्वा॑,1
यद्वा॑मदे॒व्यं,1
यद्वा॑य॒व्यं॑,1
यद्वा॒,1
यद्वा॒चः,1
यद्वा॒चो,1
यद्विश्वे॑,1
यद्विष्णो॑रेक॒मुत्त॑मम्,1
यद्वि॑ह॒व्य,1
यद्वि॒रोच॒ते,1
यद्वृष्टी॑,1
यद्वैदग्ध्यमुखेन,1
यद्व॒य,1
यद्‌गुरुणा,1
यद्‌गुरोः,1
यद॑ग्ने॒,1
यद॑न्वा॒रभे॑त,1
यद॑भिप्रतिगृणी॒याद्यथाय॑तया,1
यद॑भि॒क्रम्य॑,1
यद॑व॒द्येदति॒,1
यद॒ग्निरोष॑धीः॒,1
यद॒जा,1
यद॒नयो,1
यद॒न्तरि॑क्षं॒,1
यद॒न्तरि॑ख्षं,1
यद॒र्यो,1
यद॒र्य॑,1
यन्ता,1
यन्तु,1
यन्त्य॒न्यमप॑श्यन्तः,1
यन्त्य॒न्यम्,1
यन्त्रक्षयविधिज्ञस्य,1
यन्त्रप्रमाणं,1
यन्त्रलिङ्‌गं,1
यन्त्राणां,1
यन्त्राणाम्,1
यन्त्राणि,1
यन्त्रो,1
यन्न,1
यन्नरस्य,1
यन्नित्यं,1
यन्निर्दहति,1
यन्निष्ठकालनिरूपिताधेयतासामान्यं,1
यन्नृपतयः,1
यन्नो॒,1
यन्न॒स्तः,1
यन्मया,1
यन्मानसैश्वर्यमवैति,1
यन्मा॒,1
यन्मा॒तरं॑,1
यन्मुखे,1
यन्मे॒,1
यन्मे॒ऽद्य,1
यन्मोहात्करिष्यस्यवशोपि,1
यन्म॑,1
यन्म॒,1
यमकं,1
यमदंष्ट्रामिव,1
यमनियमपदार्थयोरसंकरः,1
यमब॑ध्नीत,1
यमयत्येष,1
यमस्वसा,1
यमादिकृत्,1
यमानभीक्ष्णं,1
यमार्चितः,1
यमा॒शिरा॒,1
यमुनाच्छर्दिरवचोहासरोदनम्,1
यमुनायाश्च,1
यमेन,1
यम्प्र॑थ॒मं,1
यम्याद्या,1
ययातिरिव,1
ययाविष्कृतम्,1
ययास्या,1
ययुः,1
ययोर्द्वयोर्मध्य,1
यवं॑,1
यवमध्यम,1
यवाचि॒तम॑च्छावा॒काया॑न॒ड्वाह॑म॒ग्नीधे॑,1
यवानीहयमारकम्,1
यवाभ्याम्,1
यवीयसी,1
यवीयस्यां,1
यव॑मन्तो॒,1
यव॑से,1
यव॒मयं॑,1
यशसश्रियः,1
यशस्यमायुष्यं,1
यशस्वती,1
यशस्विनि,1
यशस्विनौ,1
यशांशैर्विभाजयेत्,1
यशोवत्या,1
यशोहा,1
यशो॒,1
यश्चैतच्छृणुयान्नित्यं,1
यश्च॒न्द्रम॑स,1
यश्शृणोति,1
यश॑स्कामः,1
यश॑स्वतीरप॒स्युवो॒,1
यष्टव्यमित्यादौ,1
यष्टा॒हे,1
यस्तं,1
यस्तद्वेदोभयं,1
यस्तम्,1
यस्तात्,1
यस्तान्का॒मये॒तार्ति॒मार्च्छे॑यु॒रिति॑,1
यस्ति॒त्याज॑,1
यस्त्वनध्यवसायरूपः,1
यस्त॑,1
यस्माच्च,1
यस्मात्तस्माच्छिव,1
यस्मात्स,1
यस्मादपेक्षा,1
यस्मादेताः,1
यस्माद्भक्ति,1
यस्माद्विजऋषभः,1
यस्मिं,1
यस्मिन्थ्सप्त,1
यस्मिन्नभ्युदिते,1
यस्मिन्नस्य,1
यस्मि॒न्थ्सूर्या॒,1
यस्मै॑,1
यस्मै॒,1
यस्यांशोध्यते,1
यस्यानुकूलो,1
यस्याम्,1
यस्यायं,1
यस्याशुभावाच्च,1
यस्या॑,1
यस्या॑मि॒दम्प्र॒दिशि॒,1
यस्यैव,1
यस्यै॒,1
यस्यै॒तानि॑,1
यस्यै॒तानि॒,1
यस्यै॒ते,1
यस्यै॒व,1
यस्यै॒वं,1
यस्यै॒षा,1
यस्सदा,1
यस्सुहृन्नित्यं,1
यांश्च,1
यांस्त्वमावाहयिष्यसि,1
याः॒,1
याग,1
यागः,1
यागधम,1
याचते,1
याचत्यपः,1
याचने,1
याचिकाः,1
याचिकायां,1
याचिकायाः,1
याचेत,1
याच्ञया,1
याच्यमाहुरनीशस्य,1
याज्ञवल्क्यः,1
याज्ञवल्क्यादीनामयतीनामपि,1
याज्ञवल्क्येति,1
याज्ञिकः,1
याज्ञिकम्,1
याज्ञिकाश्च,1
याज्ञिको,1
याज्यानुवा॒क्ये॑,1
याडापः,1
यातः,1
याताः,1
याति॒,1
यातीति,1
यातुर्,1
यातु॒,1
यात्यस्तमस्तङ्गते,1
यात्रां,1
यात्रापेटिकाः,1
यात्राफलं,1
यात्राफलमवाप्नुयात्,1
यात्रामथापरम्,1
यात्रामात्रमलोलुपः,1
यात्रायाः,1
यात्रिकाः,1
यात्वर्थे,1
याथार्थ्यमेव,1
याथार्थ्यस्यैव,1
याधामसमयाद्यनुवर्तकम्,1
यानघट्टनेन,1
यानचालनं,1
यानचालनम्,1
यानतैलमप्याधिक्येनोपयुज्येत,1
यानपेटिका,1
यानानां,1
यानि॑,1
यानीच्छादिसिद्धौ,1
याने,1
यान्त्यनन्ताश्च,1
यान्प्रा॒चीन॑माग्रय॒णाद्ग्रहा,1
यान्यग्ने॒,1
यान्यस्य,1
यान्या,1
यान्युपक्रमादीनि,1
यान्येव,1
यान॒ग्नयो॒,1
यापयितुं,1
याभि॑र्मि॒त्रावरु॑णाव॒भ्यषि॑ञ्च॒न्॒,1
याभि॒रिन्द्र॒मन॑य॒न्नत्यरा॑तीः,1
याभि॒र्ददा॑सि,1
यामपि,1
यामहम्,1
यामि,1
यामिन्द्रादि,1
याम्य,1
याम्यशक्तिनिर्नर,1
याम्यां,1
याम्यायाव्यक्तकेशाय,1
याम्येऽथ,1
याम॒न्नम॑तिं,1
यायात्,1
यायास्ता,1
यायैः॑,1
यावंति,1
यावच्,1
यावता,1
यावत्पश्यति,1
यावत्पश्यामि,1
यावत्पारतन्त्र्यं,1
यावत्प्रातःसवनमथाजग्मुस्ते,1
यावत्सामर्थ्यमर्पयेत्,1
यावत्स्यादगुणवैषम्यं,1
यावत्स्यादिति,1
यावदस्यास्वतन्त्रत्वं,1
यावद्देहं,1
यावद्बुद्धो,1
यावद्भजति,1
यावद्वतालिङ्गपृष्ठेरेखयोस्तय्र्योगो,1
यावन्तः,1
यावल्लीलावतीनां,1
यावाकाश्चिन्मुक्तयः,1
यावा॑ने॒वाग्निः,1
याव॑च्च,1
याव॑ती,1
याव॑ती॒,1
याव॑त्ये॒व,1
याव॑दे॒ते,1
याव॑दे॒वास्ति॒,1
याव॑न्तो॒,1
याश्च,1
याश्चानाख्याता,1
याश्चान्याः,1
याश्च॑,1
यासां,1
यासामित्यर्पितं,1
यासा॑मृष॒भो,1
यास्ति॒स्रः,1
यास्तु,1
यास्ते॑,1
यास्यन्त्यनुत्तमाम्,1
यास्यामि,1
यास्याम्यहं,1
यास्ये,1
याहि,1
या॑तयाम्नो,1
या॑तय॒ते,1
या॑ति॒,1
या॑सि॒,1
या॑हि,1
या॑ह्य॒र्वाङ्,1
या॒ज्य॑या,1
या॒तया॑मानीव॒,1
या॒ति॒,1
या॒मा॒नि॒,1
या॒मि,1
या॒हि,1
युः,1
युक्ततमा,1
युक्ततामित्यर्थः,1
युक्तमित्याहुः,1
युक्तस्य,1
युक्तान्,1
युक्तामिति,1
युक्तायाम्,1
युक्तितः,1
युक्तिमानित्याह,1
युक्तिर्योग,1
युक्तिसंस्कृतौ,1
युक्तिसिद्धम्,1
युक्ते,1
युक्तेनातएवानन्य,1
युक्त्या,1
युगक्रमाद्भागद्वयस्य,1
युगन्धरो,1
युगपच्चित्त्वव्यक्तिकालेऽप्यणुर्विभुः,1
युगपच्चैकगृहगतांस्तांस्तांस्तानर्थान्,1
युगपत्,1
युगपत्कार्यानुत्पत्तिर्नाव्यापकत्वा,1
युगपत्संनिपातस्तदा,1
युगपत्स्थापनीयाः,1
युगपदनुत्पत्तेस्तस्याश्चाव्यापकत्वसिद्धिः,1
युगपद्विन्यसेत्,1
युगपद्विरुद्धाऽनन्तप्रतिपत्तिवैशसप्रसङ्गात्,1
युगपन्न,1
युगपन्मतिः,1
युगपन्मुक्तिः,1
युगम्,1
युगसहस्त्रं,1
युगेव,1
युग्मक्रमेण,1
युग्मायुग्मक्रमेण,1
युङ्ङ॑सि॒,1
युज्यः॒,1
युज्यादनन्तं,1
युञ्जाथाम्,1
युणैटड्,1
युतं,1
युतकं,1
युताः,1
युद्गलकारणभूताय,1
युद्धं,1
युद्धदुर्मदौ,1
युद्धाद्गरीयः,1
युद्धेषु,1
युद्ध्येत,1
युधां,1
युधिष्ठिरः,1
युध्यस्व,1
युनक्ति,1
युनज्मि,1
युयुधे,1
युयोपि॒म,1
युवतिर्नामन्त्रज्ञो,1
युवतीप्रवेशविषये,1
युवम्,1
युवाना,1
युवामेव,1
युवा॑,1
युवा॑नं,1
युवा॑न॒,1
युवा॑न॒म्परि॑,1
युव॒तयो॒,1
युष्माकं,1
युष्मान्,1
यु॑क्त्वाऽधि॒,1
यु॑ज्यते॒,1
यु॑नक्ति॒,1
यु॑नक्ती॒ध्मः,1
यु॒क्तग्रा॑वा॒,1
यु॒क्तग्रा॒वेन्द्रा॑य॒,1
यु॒क्तो,1
यु॒जेति॑यु॒जा,1
यु॒ञ्जा॒न,1
यु॒नज्मि॒,1
यु॒यो॒ध्य॑स्मज्जु॑हुरा॒णमेनः॑,1
यु॒वं,1
यु॒वमे॒तान्य॒स्मे,1
यु॒वयो॒र्यो,1
यु॒वा,1
यु॒वे॒ऽहं,1
यु॒ष्मा,1
यु॒ष्माभि॑र्भूयास,1
यूक्तोहं,1
यूनोरुदपादि,1
यूयं,1
यूयम्,1
यूयुधिरिवाश्वान्,1
यूरोप्,1
यू॒यं,1
यू॒यम्,1
यू॒यम्पा॑त,1
यू॒यम्भू॑या॒स्तेति॒,1
येकं,1
येचान्य,1
येतच्च,1
येतावर्कं,1
येति,1
येतेषां,1
येतेष्वपि,1
येनाहं,1
येने,1
येनेदं,1
येनेन्द्रा॑य,1
येनेह,1
येनैव,1
येनोत्पथगाः,1
येनोत्पन्नोऽनुभूयते,1
येषा,1
येषाम्,1
येषा॒,1
येषा॒मीशे,1
येषु,1
येऽत्र॒,1
येऽप्य॑य॒ज्वनः॑,1
ये॒,1
ये॒नेमे,1
यैर्व्याप्ता,1
यैस्तु,1
यैस्ते,1
यैस्त्वया,1
योः,1
योक्ता,1
योक्त॒व्य॑,1
योगं,1
योगक्षेमार्थम्,1
योगतः,1
योगदानं,1
योगदीक्षामाहा,1
योगदीक्षास्यच्छिवत्वेस्य,1
योगदीक्षास्याद्,1
योगदीक्षेति,1
योगपादं,1
योगपीठसंस्थिताय,1
योगबलान्मध्ये,1
योगमभ्यस्य,1
योगमाश्रित्य,1
योगमुभयात्मकम्,1
योगवित्,1
योगशास्त्रदिद्धाः,1
योगसूत्रम्,1
योगसूत्रस्य,1
योगस्,1
योगा,1
योगाक्रान्तप्रज्ञा,1
योगाधिपदये,1
योगाभ्यासादिना,1
योगिन,1
योगिनस्त्रयः,1
योगिनाम्,1
योगिनीहृदयं,1
योगिप्रत्यक्षगम्य,1
योगिवराः,1
योगिवृन्दापकारी,1
योगीन्द्रैरप्यलभ्यं,1
योगेनैवात्मनो,1
योगेऽपि,1
योगे॑न॒,1
योगे॒,1
योगैश्चव,1
योगो,1
योगोपदेशगम्या,1
योगोपदेशेन,1
योगोयोगी,1
योग्यः,1
योग्यतयैव,1
योच्चमानोपजीवति,1
योजनं,1
योजना,1
योजनां,1
योजनायाः,1
योजनायै,1
योजनेति,1
योजनैः,1
योजयितव्यः,1
योजयितुं,1
योजयेत्,1
योजयेथाः,1
योजितः,1
योज्य,1
योज्यः,1
योज्यम्,1
योज्यापि,1
योज्यो,1
योथ्स्य॑मान॒स्य,1
योद्धव्यं,1
योद्धुमनसामग्रीभूय,1
योधीः,1
योनय,1
योनयो,1
योनिं,1
योनिं॒,1
योनिमयि,1
योनिम्,1
योनिरिती,1
योनिवृन्दै,1
योनिषु,1
योनि॑रसि,1
योनि॑र॒स्यावि॑न्नो,1
योनि॒मनु॑,1
योनि॒मनु॒,1
योनि॒र्विश्वे,1
योने,1
योने॒श्च्यव॑ते,1
योनौ,1
योनौ॒,1
योन्यथा,1
योन्या,1
योयमेकांशो,1
योरावृ॑णीमहे,1
योरीशान,1
योर॒भीवृ॑तो॒,1
योषितामतिमदेन,1
योषिदपि,1
योषिदिच्चासु,1
योऽतिभ्रष्टोऽतिपापी,1
योऽध्यवसायात्मकः,1
योऽनुप्रपद्यते,1
योऽन्तरावेश्य,1
योऽन्यामिति,1
योऽयं,1
योऽसौ,1
योऽसौ॑,1
योऽस्मात्परस्माच्चपरं,1
योऽस्य,1
योऽस्यानुरञ्जकः,1
योऽहङ्कारमजीजनत्,1
यो॑,1
यो॑धि,1
यो॑षति,1
यो॑ष॒न्न,1
यो॑ऽपां,1
यो॑ऽप॒क्षीय॑ति,1
यो॑ऽमुष्य॒,1
यो॒,1
यौ,1
यौति॒,1
यौवने,1
यौवराज्ये,1
य्य्,1
य॑च्छतम्,1
य॑च्छति,1
य॑च्छन्ति,1
य॑जमान,1
य॑ज्ञमु॒ख,1
य॑ज्ञमु॒खं,1
य॑ज्ञमु॒खमे॒वर्द्धि॑म्पु॒रस्ता,1
य॑ज्ञ॒मुषः॑,1
य॑ज्ञ॒मुषः॒,1
य॑ज्ञ॒हनः॑,1
य॑था,1
य॑थादेव॒तं,1
य॑थाना॒म,1
य॑थाश॒क्ति,1
य॑थासव॒नम्प्र॑तिग॒रे,1
य॑दि,1
य॑न्ति,1
य॑न्ति॒,1
य॑मः,1
य॒क्ष्यमा॑णं,1
य॒च्छैक॑,1
य॒जेऽयक्षि॒,1
य॒ज्ञका॑माः,1
य॒ज्ञञ्जिन्व॑,1
य॒ज्ञन्त्व,1
य॒ज्ञप॑तये,1
य॒ज्ञप॑तिं,1
य॒ज्ञप॑तिम्,1
य॒ज्ञप॑तिम॒भि,1
य॒ज्ञप॑तिर्वा,1
य॒ज्ञप॑ति॒मिति॑,1
य॒ज्ञप॑ति॒मृष॑य॒,1
य॒ज्ञमनु॒,1
य॒ज्ञमि॒मम्,1
य॒ज्ञमि॒ष्ट्वा,1
य॒ज्ञमुप॑,1
य॒ज्ञमु॑प॒चर॒त्या,1
य॒ज्ञमेका॑दश,1
य॒ज्ञम्पि॑पृहि,1
य॒ज्ञम्प्राहान्वि॑तिरसि,1
य॒ज्ञम्प्राहौजो॑,1
य॒ज्ञम्प्राह॑,1
य॒ज्ञम्प्राह॒,1
य॒ज्ञम॑ग्नीषो॒मीयम्,1
य॒ज्ञम॑यजन्त,1
य॒ज्ञम॑शिषन्न॒स्मिन्थ्सु॑न्व॒ति,1
य॒ज्ञम॒न्ववा॑जिगा,1
य॒ज्ञवा॑हसः,1
य॒ज्ञश्च॑,1
य॒ज्ञश्छि॑द्यते॒,1
य॒ज्ञस्ततो॑,1
य॒ज्ञस्तेनै॒व,1
य॒ज्ञस्या॑ति॒रिच्य॑ते॒,1
य॒ज्ञान्नैति॑,1
य॒ज्ञियं॑,1
य॒ज्ञियः॑,1
य॒ज्ञिय॑म्भा॒गमे॑तु,1
य॒ज्ञिय॑स्य,1
य॒ज्ञेन॑,1
य॒ज्ञेय॑ज्ञे,1
य॒ज्ञैर्वि॑धेम॒,1
य॒ज्ञ॒हनो॒,1
य॒ज्वानो॒,1
य॒तर॑श्मय॒इति॑य॒तऽर॑श्मयः,1
य॒तर॑श्मय॒उप॑,1
य॒था,1
य॒था॒स्था॒नं,1
य॒दि,1
य॒दीतो॑,1
य॒द्धार॑यद्दे॒वः,1
य॒द्यो॒षिद्यत्प॑ति॒व्रता,1
य॒न्त्यापः॑,1
य॒न्त्व॒र्वाक्,1
य॒म,1
य॒मं,1
य॒मने,1
य॒मराज॑गान्,1
य॒माय॑,1
य॒मी,1
य॒मेन॒,1
य॒मेष्ट॑मसि,1
य॒मो,1
य॒वस॑मिच्छतु,1
य॒व्या,1
य॒शसं॑,1
य॒शसा॑,1
रंहसे,1
रकाय,1
रक्त,1
रक्तचन्दन,1
रक्तधानाद्वशं,1
रक्तधेनुमादित्याय,1
रक्तपित्ती,1
रक्तपुष्प,1
रक्तभावं,1
रक्तमञ्जरः,1
रक्तवर्णेन,1
रक्तष्ठीवनमम्लकः,1
रक्तसञ्चारः,1
रक्ताय,1
रक्तार्णवविवर्धिन्यै,1
रक्तेन,1
रक्षकस्य,1
रक्षकाधाराः,1
रक्षणं,1
रक्षती,1
रक्षन्ताम्,1
रक्षसां,1
रक्षार्थं,1
रक्षिता,1
रक्षितुम्,1
रक्ष्यः,1
रक्ष॑ण,1
रक्ष॑न्,1
रक्ष॑माणाः,1
रक्ष॑माणा॒,1
रक्ष॑सा॒मप॑हत्या॒,1
रख्षः॒,1
रख्षो,1
रख्षो॒हण॒स्ते,1
रख्ष॑,1
रख्ष॑सो,1
रघुनन्दनः,1
रघुवंशेऽतिनिर्मले,1
रघूत्तमं,1
रघूत्तमे,1
रघूत्तमेऽविद्या,1
रङ्गम्,1
रङ्गस्य,1
रङ्गात्,1
रचनं,1
रचनां,1
रचनाकाल,1
रचयन्तम्,1
रचयेत्,1
रचितः,1
रचितम्,1
रचितवान्,1
रचिताः,1
रजं,1
रजः,1
रजतं,1
रजततया,1
रजतत्वप्रकारकत्वावगाहि,1
रजतत्वप्रकारकत्वासंसर्गाग्रहादयं,1
रजतशृङ्खलीभूतां,1
रजताः,1
रजसः,1
रजसा,1
रजस्,1
रजस्तमःप्रकृतीनां,1
रजस्तमतो,1
रजस्तमश्चेति,1
रजांसि,1
रजाः,1
रज्जुः,1
रज्ज्वादिपर्युदासादिति,1
रज्ज्वादिभिन्नानामप्राणिजातिवाचकानामपि,1
रज्ज्वादिसदृशानामुवर्णान्तानामेव,1
रज॑सा॒,1
रज॑सो,1
रञ्जकं,1
रञ्जकत्वेन,1
रञ्जकमस्त्विति,1
रञ्जनगोगोय्,1
रञ्ञे,1
रडार्,1
रणधीराणां,1
रणश्लाघी,1
रणेऽन्ये,1
रणोत्कटौ,1
रतः,1
रतस्य,1
रता,1
रताम्,1
रतिप्रियाय,1
रतिभूमयः,1
रत्नं,1
रत्नगर्भस्तथागत,1
रत्नगर्भो,1
रत्नजे,1
रत्ननिर्मिताम्,1
रत्नपीठे,1
रत्नमय,1
रत्नहस्तो,1
रत्नाकरसुतापतिः,1
रत्नानि,1
रत्ना॑नि,1
रत्ना॒,1
रत्न॒धात॑मम्,1
रत्या,1
रथ,1
रथंत॒रं,1
रथंत॒रम्,1
रथंत॒रेण॒,1
रथः॒,1
रथकूश्माण्डं,1
रथगतं,1
रथध्वानः,1
रथन्त॒र,1
रथप्रभू,1
रथबन्धं,1
रथमु॒ख,1
रथव्रजान्,1
रथशकटादि,1
रथश्रेष्ठे,1
रथाः॒,1
रथाद्गतो,1
रथारथैर्निरुध्यन्ते,1
रथे॑नोदक॒वर्त्म॑ना,1
रथे॒ना,1
रथैर्विमथितैर्भल्लैरश्वैश्चान्यैः,1
रथोत्सवकारक,1
रथ॒,1
रदाभ्याम्,1
रद्भिः,1
रद॑त्प॒थो,1
रध्य॒,1
रनुशासननिर्बन्धान्न्यवृत्सन्त,1
रन्त,1
रन्ध्र,1
रन्ध्रं,1
रन्ध्रकम्,1
रन्ध्रषीषु,1
रन्ध्रस्य,1
रन्ध्रस्यैव,1
रपरत्वे,1
रपू,1
रभामहे,1
रभेदेन,1
रमणस्य,1
रमन्,1
रमन्ते॒,1
रमादिवैकुण्ठनिवासिनीनां,1
रमाबाई,1
रमेत,1
रम्भा,1
रम्भाया,1
रम्ये,1
रयः,1
रयिः,1
रयिपते,1
रयि॒ष्ठा,1
रयि॒ष्ठेत्या॑है॒ष्वे॑वैनां,1
रयी॒णां,1
ररा॑णा,1
ररा॑णा॒,1
ररीध्व॒म्प्र,1
रवकृते,1
रविकुले,1
रविमुक्तो,1
रविमुद्यन्तमीक्षती,1
रविर्यथा,1
रविवत्,1
रविवर्मा,1
रविवारो,1
रविसंख्यकम्,1
रवीन्द्रनाथ,1
रवेरुदयवेलायां,1
रवेर्वंशे,1
रवौ,1
रशद्धातवः,1
रशनया,1
रश्मयश्च,1
रश्मयो,1
रश्मी॒नाम्प्रा॑ण॒पाः,1
रश्मी॒नाम॑पान॒पा,1
रस,1
रसं,1
रसं॑,1
रसः॒,1
रसतन्मातृतत्वधिपाय,1
रसतन्मातृतत्वाय,1
रसतन्मात्रं,1
रसतन्मात्रगोभवः,1
रसनग्राहकत्वं,1
रसनया,1
रसप्रस्थक्षीरप्रस्थममन्वितम्,1
रसमञ्जरीयम्,1
रसम्भावितदेहाभिमानः,1
रसरूपस्य,1
रसविद्धं,1
रसव्द्धताम्रस्य,1
रसाङ्कुशीम्,1
रसात्सा,1
रसादि,1
रसादिभिः,1
रसादींश्च,1
रसाद्यनुचिते,1
रसाधिपत्वमस्य,1
रसाधिपाय,1
रसाय,1
रसा॑य॒,1
रसिन,1
रसे,1
रसे॒नाव॑,1
रसोगन्धश्च,1
रसोऽम्भस्सु,1
रस्योपघातायोपपद्यन्ते,1
रस॑स्य॒,1
रस॒मुद॑य,1
रहसि,1
रहस्य,1
रहस्यकथया,1
रहस्यमपि,1
रहस्यसैनिकसन्नाह,1
रहस्यान्वेषण,1
रहस्यान्वेषणसंस्थाभ्यः,1
रहाने,1
रहित,1
रहितं,1
रहितः,1
रहितस्य,1
रहिता,1
रहिम्,1
रहोनुशासकगतस्य,1
रहोनुशासकञ्चेति,1
रहोनुशासकम्,1
रहोनुशासकार्थं,1
रांविलास,1
राअक्षसा,1
राअस्स,1
राका,1
राके,1
राक्षसं,1
राक्षसभोजनम्,1
राक्षसमनुष्यस्य,1
राक्षसा,1
राक्षसाः,1
राक्षसाधिपः,1
राक्षसास्तमथाब्रुवन्,1
राक्षसै,1
रागतः,1
रागतत्त्वं,1
रागतत्वाधिपत्वमस्य,1
रागद्वेषमोहचरितानां,1
रागद्वेषमोहसभागचित्तानामव्यवस्थितकुशलाकुशलाशयानां,1
रागनिबन्धनाऽऽसक्तिरिष्यते,1
रागपूरणं,1
रागबन्धप्रवालम्,1
रागमात्रानुलिप्ताङ्गाद्,1
रागमुदङ्नरः,1
रागमै,1
रागलेशानुरञ्जितात्,1
रागविद्यागर्भे,1
रागविद्यासहिते,1
रागविद्ये,1
रागविहीनाय,1
रागश्च,1
रागस्त्ववैराग्याख्यं,1
रागस्य,1
रागादि,1
रागान्ताक्ष्माम्बुकालान्तं,1
रागान्तारागतत्वपर्यन्ता,1
रागेण,1
रागेऽभ्युपगम्यमानेऽपि,1
रागोऽन्यः,1
रागोऽभ्युपगन्तव्य,1
रागोऽभ्युपगन्तव्यः,1
रागोऽस्त्वत,1
रागौद्धत्यकरं,1
राघवः,1
राघवादन्यः,1
राघवो,1
राज,1
राजंस्तेजोवीर्यसमन्वितः,1
राजंस्त्वद्विप्रयोगजम्,1
राजः,1
राजकुलतो,1
राजञ्छिलाशितान्,1
राजतं,1
राजतन्ताम्रं,1
राजतम्,1
राजताम्,1
राजते,1
राजदोषांश्चतुर्दश,1
राजधानी,1
राजधानीम्,1
राजधान्यां,1
राजनियमाऽभावे,1
राजनिर्घण्टः,1
राजन्कष्टा,1
राजन्कुशप्रस्तरशायिनी,1
राजन्घोरो,1
राजन्नति,1
राजन्नश्वैश्चापि,1
राजन्नितस्तूर्णं,1
राजन्प्रवरत्रयसंयुताः,1
राजन्मुनिशिष्यशतावृतम्,1
राजन्यथाऽहं,1
राजन्शरणं,1
राजन्सततं,1
राजन्सहस्रचरणाय,1
राजन्सुपर्णश्च,1
राजपक्सेन,1
राजपुत्रमभाषत,1
राजप्रतिग्रहः,1
राजप्रासादात्,1
राजभिश्च,1
राजमार्गस्य,1
राजरत्नम्,1
राजराजेश्वरस्य,1
राजरूपस्यार्थस्य,1
राजरूपो,1
राजर्षिप्रवरं,1
राजर्षेस्ततो,1
राजवल्लभम्,1
राजशार्दूल,1
राजसत्तमाः,1
राजसम्,1
राजसहीनात्,1
राजसूययज्ञावसरे,1
राजसेनेषत्सम्पृक्ताद्,1
राजसेनेषद्युक्तात्,1
राजसौ,1
राजस्थानराज्यस्य,1
राजस्य,1
राजस्यपि,1
राजानः,1
राजानमधिविश्रये॑ममि॒ति,1
राजानमनुयन्ति,1
राजानमानयन्तु,1
राजानश्च,1
राजाभिलाषभोज्यमानबहुभुजि,1
राजार्हं,1
राजार्होन्नतासनयुक्तामिति,1
राजाशोको,1
राजासनयुक्ताम्,1
राजाह,1
राजा॑न॒,1
राजिका,1
राजिनि,1
राजिलानां,1
राजीवलोचन,1
राजेन्द्रो,1
राजेन्द्र॑स्य,1
राज्ञश्चापि,1
राज्ञस्,1
राज्ञस्तु,1
राज्ञस्सर्वं,1
राज्ञा,1
राज्ञां,1
राज्ञाशोकेन,1
राज्य,1
राज्यतः,1
राज्यतोऽधिकम्,1
राज्यदानं,1
राज्यपालनविधानम्,1
राज्यपालस्य,1
राज्यपालेन,1
राज्यमकरोत्,1
राज्यमाहारमिव,1
राज्यम्,1
राज्ययोः,1
राज्यरक्षां,1
राज्यविश्वविद्यालयं,1
राज्यवैपाक्यं,1
राज्यस्तरीयस्पर्धायां,1
राज्यस्थं,1
राज्यहरणं,1
राज्यायागमिष्यतीति,1
राज॒न्य॑स्य,1
राज॒न्वि,1
रात्मनो,1
रात्रि,1
रात्रिं,1
रात्रिश्च,1
रात्रिस्तदवलुम्पतु,1
रात्रीः,1
रात्री॑,1
रात्री॑णाम्भा॒गो,1
रात्र्यहानि,1
रात्र्यान्तु,1
राथ्येया,1
राधां,1
राधाविनोदपाल,1
राधिका,1
रानन्द,1
रान्ते,1
राप्या॑यते,1
रामगृहं,1
रामचन्द्रस्य,1
रामतत्त्वम्,1
रामनाडुराजा,1
रामपादावुपस्पृशन्,1
रामपूर्वतापिन्युपनिषदि,1
रामप्रतिनिवृत्तिरूपं,1
राममहं,1
राममोहन,1
रामलक्ष्मणौ,1
रामश्चिरस्याद्य,1
रामस्याश्रमजं,1
रामहृदयाय,1
रामागमनगतया,1
रामानुजभाष्यम्,1
रामानुजार्यः,1
रामाभिषेचनम्,1
रामाय,1
रामायणं,1
रामायणव्याक्रियां,1
रामायणे,1
रामावतारमाहात्म्यं,1
रामेश्वरमन्दिरम्,1
रामेऽस्मिन्निर्विकारेऽखिलात्मनि,1
रामोपाख्यानमुत्तमम्,1
रायः॑,1
रायस्पोषं,1
रायो॒,1
रालपल्लि,1
रालपल्लेः,1
रावणं,1
रावणः,1
रावणान्तकाय,1
रावणो,1
राशीनामंशको,1
राश्मिजायुः,1
राष्ट्रपतिं,1
राष्ट्रपतिपदस्य,1
राष्ट्रपतेः,1
राष्ट्रभावः,1
राष्ट्रभृ॒त्त्वन्ततो॑,1
राष्ट्रभृ॒त्त्वन्ते,1
राष्ट्रस्थ,1
राष्ट्राभ्यां,1
राष्ट्रियभावनायाः,1
राष्ट्रियस्वयंसेवकसङ्घस्य,1
राष्ट्र॒दाः,1
राष्ट्र॒भृद्भी॑,1
राष्‍ट्रं,1
रासं,1
रासेश्वरीं,1
राहुजे,1
राहुश्चैव,1
राहोश्छागं,1
रा॑ज॒न्नोष॑धी॒भ्यो,1
रा॒काप॑रप॒क्षः,1
रा॒काम॒ह,1
रा॒कायै॑,1
रा॒जा॒धि॒रा॒जाय॑,1
रा॒ज्यम॑धायि॒,1
रा॒ज्याय॒,1
रा॒तं,1
रा॒तिर॒स्त्विति॑,1
रा॒त्री,1
रा॒त्रेर्व॒थ्सः,1
रा॒य,1
रा॒यस्पोषं॑,1
रा॒यस्पोषा॑य,1
रा॒यस्पोषा॑य॒,1
रा॒यस्पोषा॒,1
रा॒यस्पोषे॑णेन्द्रि॒यं,1
रा॒यस्पोष॑स्य,1
रा॒यस्पोष॒,1
रा॒या,1
रा॒ये,1
रा॒र॒हा॒णआ॑सां,1
रा॒ष्ट्रका॑माय,1
रा॒ष्ट्रमनु॑,1
रा॒ष्ट्रमा,1
रा॒ष्ट्रमे॒व,1
रा॒ष्ट्रमे॒वास्मै॑,1
रा॒ष्ट्रम्प॒शवो॑,1
रा॒ष्ट्रम॒मुष्मै॑,1
रा॒ष्ट्रादप॑भूतः॒,1
रा॒ष्ट्रेणै॒व,1
रा॒ष्ट्र॒दाः,1
रा॒सभा,1
रिःफे,1
रिक्तहस्तेन,1
रित्यत्र,1
रित्यस्य,1
रित्य॒ज्यम्,1
रिवर्तो,1
रिव्यु,1
रिष्टिवृष्ट्या,1
रिष्यसि॒,1
रि॒ष्यति॑,1
रीतिरिति,1
रुक्का॑म॒श्छन्दा,1
रुक्छन्दो॑भिरे॒वास्मि॒न्रुचं॑,1
रुक्मिणीम्,1
रुगर्दनम्,1
रुचिरकर्णि,1
रुचिरस्ते,1
रुचिरा,1
रुचिराय,1
रुचो॑,1
रुचो॒,1
रुच॑मे॒वास्मि॑,1
रुच॑मे॒वास्मि॑न्दधति,1
रुजम्,1
रुदन्क्वापि,1
रुदि॑तं,1
रुद्रकोटी,1
रुद्रखण्डतृतीयन्तु,1
रुद्रत्वं,1
रुद्रपद,1
रुद्रपदप्रापक,1
रुद्रपदप्राप्तिरीश्वरपद,1
रुद्रभक्तो,1
रुद्रमुमापतिम्,1
रुद्रलोके,1
रुद्रशतं,1
रुद्रश्चैव,1
रुद्रसंख्यायां,1
रुद्रस्तत्रैव,1
रुद्रस्तु,1
रुद्रस्थानेषु,1
रुद्रस्य,1
रुद्रस्यानुचरैः,1
रुद्रस्यास्त्वा,1
रुद्रस्स,1
रुद्राणामादित्याना,1
रुद्रादयोऽनले,1
रुद्राधिकपराक्रमः,1
रुद्रान्,1
रुद्राम्शोच्च,1
रुद्राह्यावाचकं,1
रुद्रेण,1
रुद्रेभ्ये,1
रुद्रोपेन्द्रेन्द्रविक्रमः,1
रुद्र॒गणः,1
रुन्द्ध॒,1
रुन्धन्,1
रुन्धयत्ययम्,1
रुन्ध्यात्,1
रुपस्कृतं,1
रुपो,1
रुप्यकस्य,1
रुरुसिद्धान्तसंसिद्धौ,1
रुरोद,1
रुशमे,1
रुषा,1
रुहः॑,1
रुहा॑णास्तरता॒,1
रु॒क्म,1
रु॒क्मः,1
रु॒चो,1
रु॒जन्तः॑,1
रु॒द्रम॑दिम॒ह्यव॑,1
रु॒द्रव॑द्गणस्य,1
रु॒द्रस्य॑,1
रु॒द्रस्य॒,1
रु॒द्रादे॒व,1
रु॒द्राव॑सृष्टासि,1
रु॒द्रासि॑,1
रु॒द्रास्त्वा॒,1
रु॒द्रियम्,1
रु॒द्रेभ्य॑,1
रु॒द्रैः,1
रु॒ध्यै॒,1
रु॒न्द्धे॒,1
रु॒न्ध॒,1
रु॒रुद॑क्ष,1
रूक्षविमर्शः,1
रूपग्राहकत्वं,1
रूपतन्मातृतत्वाय,1
रूपतन्मात्रं,1
रूपतन्मात्र्टत्वाधिपाय,1
रूपत्वात्,1
रूपत्वाद्भुवनाऽऽधारत्वाऽयोगादित्यागमविदः,1
रूपपरिज्ञानाभावे,1
रूपमहं,1
रूपमायारं,1
रूपमास्थितः,1
रूपमिमं,1
रूपमेतदिति,1
रूपया,1
रूपयौवनशालिनी,1
रूपवान्धन्य,1
रूपशिवत्वप्रात्मन्,1
रूपसज्जता,1
रूपसञ्ज्ञो,1
रूपसिद्धेरजयदिति,1
रूपस्य,1
रूपाख्य,1
रूपाख्यस्तद्भवो,1
रूपादयोऽपि,1
रूपादिदर्शनान्यथानुपपत्त्या,1
रूपाधिपत्वमस्य,1
रूपाधिपाय,1
रूपाय,1
रूपीकरणं,1
रूपीकरणमेलने,1
रूपेणासदृशी,1
रूपेणोत्पद्यते,1
रूपेणोत्पादायोगात्,1
रूपेष्विति,1
रूपेस्थितः,1
रूपैर्नानाविधैर्विभोः,1
रूपैर्विश्वं,1
रूपौदार्यगुणा,1
रूप॒शः,1
रू॑पाः॒,1
रू॒पमे॒व,1
रू॒पाणां॒,1
रू॒पाणि॒,1
रू॒पेणै॒व,1
रू॒पैरु॒परि॑ष्टा॒दुप॑,1
रे,1
रेखा,1
रेखाचित्रम्,1
रेखानुरूपविस्तारगाम्भीर्ययुक्तरेखया,1
रेखान्तर्विस्तारो,1
रेचकेन,1
रेजत,1
रेडियो,1
रेड्,1
रेतः॒,1
रेता,1
रेतो,1
रेतोऽथ,1
रेतोऽधत्त,1
रेधिरे,1
रेभन्न्॑,1
रेल्,1
रेवतस्यैव,1
रेशी॑षु॒,1
रे॑जन्ते॒,1
रे॒जती॑,1
रे॒वती॑नाम्,1
रे॒वद॒स्योष॑धीभ्य॒स्त्वौष॑धीर्जि॒न्वेत्या॒हौष॑धीष्वे॒व,1
रे॒वैना॒मधि॑,1
रैंसम,1
रैभ्या,1
रैभ्यापुनन्तस्मादुत,1
रोक्षहेमयो,1
रोगकुलान्तकम्,1
रोगनुत्,1
रोगबाधया,1
रोगस्य,1
रोगिणि,1
रोचनः,1
रोचिका,1
रोच॒नाव॑त्,1
रोजर्स,1
रोत्राधिपाय,1
रोदनाश्रुमलक्षारं,1
रोदने,1
रोदमानः,1
रोदसी,1
रोदस्योन्त॑र्दे,1
रोद॒सी,1
रोधक,1
रोधिकाः,1
रोधिनींशान्तिम्,1
रोध्यान्,1
रोपणं,1
रोमदेशं,1
रोमहर्षणे,1
रोरुवत्,1
रोषाः,1
रोषो,1
रोहन्ति,1
रोहिणिकोत्तर,1
रोहित,1
रोहित्,1
रोहि॑ता,1
रोह॑न्ति,1
रो॒च॒से॒,1
रो॒हेत्या॒त्मन्थ्स॒मारो॑हयते॒,1
रो॒हो॑,1
रौक्ष्यं,1
रौद्रं,1
रौद्रमूर्ती,1
रौद्रा,1
रौद्री,1
रौद्रे,1
रौद्रैर्मम,1
रौप्याणां,1
रौरवानुसारेणैव,1
रौरवे,1
रौहिणो,1
र्ऋचो,1
र्ग्व्,1
र्ग्स्,1
र्घृ॒तस्य॑,1
र्चिन्त्,1
र्चिश्चे॒ति,1
र्चूम्,1
र्जयति,1
र्जा॒तवे॑दा॒,1
र्जितास्य,1
र्णमा॒सं,1
र्णमा॒सी,1
र्णमा॒सीम्पूर्वा॑मा॒लभे॑त,1
र्णमा॒स्यनु॑मतिश्च॒न्द्रमा॑,1
र्णमा॒स्यै,1
र्णाः,1
र्णा॒,1
र्त,1
र्त्यै॒,1
र्थं,1
र्थः,1
र्थभावेन,1
र्दनः,1
र्दे॒वैः,1
र्ध्यत॒,1
र्पयति,1
र्बा॒हु,1
र्बुधं,1
र्ब्राह्म॒णाश्चतु॑र्वि,1
र्भू॒तं,1
र्मि॒त्रस्य॒,1
र्मृ॒त्युर्ग॑न्ध॒र्वस्तस्य॒,1
र्यजू,1
र्यव॒र्चाः,1
र्यानि॒ति,1
र्यैरे॒व,1
र्यो,1
र्य॒मा,1
र्लोका,1
र्वप॒क्षो,1
र्वसुः,1
र्विय॒त्योर्वागव॑द॒त्तस्मा,1
र्वोक्तचरुभिर्ब्राह्मणान्भोजयित्वा,1
र्व्ख्,1
र्व॒पेयम्,1
र्ष्णीं॒,1
र्स्ध्य्,1
र॑क्षतादि॒मम्,1
र॑क्षतु,1
र॑क्षस्व,1
र॑थंत॒र,1
र॑थंत॒रमप॑रिमितम्बृ॒हत्परि॑मिताच्चै॒वैन॒मप॑रि,1
र॑थंत॒रम्भ॑वि॒ष्यद्बृ॒हद्भू॒ताच्चै॒वैन॑म्भविष्य॒तश्चा॒न्तरे॑ति॒,1
र॑थंत॒रम॒सौ,1
र॑भत,1
र॑राध,1
र॑रा॒णः,1
र॒क्षसा॑नन्वि॒ताश्च॑,1
र॒क्ष॒स्व॒,1
र॒ख्षसो॑,1
र॒ण्वया॑,1
र॒थं,1
र॒थे,1
र॒यिः,1
र॒यिमक्षी॑यमाणम्,1
र॒यिमा,1
र॒यिमीशा॑नो॒,1
र॒यिम्,1
र॒यिम्प्राचीं,1
र॒यिम॑श्नव॒त्पोष॑मे॒व,1
र॒र॒हा॒णइति॑र॒र॒हा॒ण,1
र॒श्मयः॑,1
र॒श्मयो॒,1
र॒श्मिभि॑र्दि॒वो,1
र॒श्मिर॑सि॒,1
र॒श्मीननु॒,1
ल,1
लः,1
लके,1
लक्षणग्रन्थाः,1
लक्षणपरतया,1
लक्षणमपि,1
लक्षणमलक्षयति,1
लक्षणमिति,1
लक्षणमुत्तरत्र,1
लक्षणयो्नम्,1
लक्षणा,1
लक्षणाद्धमारभ्य,1
लक्षणानां,1
लक्षणानि,1
लक्षणान्तरमाह,1
लक्षणामभिप्रेत्याह,1
लक्षणेज्ञतम्,1
लक्षणेन,1
लक्षणेऽभूद्विपर्ययः,1
लक्षणो,1
लक्षणोक्तिपरादपि,1
लक्षणोक्तिभिर्,1
लक्षणोद्धार,1
लक्षणोद्धारणं,1
लक्षणोद्धारमुक्त्वा,1
लक्षणोद्धारश्चतुर्धा,1
लक्षणोद्वारं,1
लक्षणोपवारवृत्ती,1
लक्षण्द्धारं,1
लक्षन,1
लक्षनत्वं,1
लक्षमलक्षणमाजलाश्रयम्,1
लक्षये,1
लक्षाधिकाः,1
लक्षितं,1
लक्ष्णीः,1
लक्ष्णोद्धारमभियाम्यमयं,1
लक्ष्मणं,1
लक्ष्मणंरामः,1
लक्ष्मणदर्शयित्वा,1
लक्ष्मणोद्धारः,1
लक्ष्मपीठकम्,1
लक्ष्मपीठगं,1
लक्ष्मभोगमोक्षार्थमिच्छता,1
लक्ष्मलक्ष्मणम्,1
लक्ष्मलम्बयेदाजलाश्रयम्,1
लक्ष्मलिखेद्विद्वान्,1
लक्ष्मविधेयं,1
लक्ष्मविस्तारमानेन,1
लक्ष्मविस्तृति,1
लक्ष्मविस्त्र्तिः,1
लक्ष्मसन्तति,1
लक्ष्मार्द्धात्,1
लक्ष्मार्धात्,1
लक्ष्मी,1
लक्ष्मीरा,1
लक्ष्मीरीश्वरगोचरे,1
लक्ष्मीशः,1
लक्ष्मेर्थं,1
लक्ष्यकन्दुकं,1
लक्ष्यकन्दुकविन्यासेन,1
लक्ष्यते,1
लक्ष्यस्यैकव्यक्तित्वादिति,1
लक्ष्यीकृतं,1
लक्ष्ये,1
लक्ष॒णे,1
लघावेव,1
लघु,1
लघुकणेषु,1
लघुचित्रपराक्रमम्,1
लघुतमः,1
लघुपतनकौ,1
लघुपरकत्वादभ्यासस्य,1
लघुपरकत्वाऽभावान्न,1
लघुपरकत्वाऽभावेन,1
लघुपरतया,1
लघुसिद्धान्तकौमुद्याः,1
लघूनीति,1
लघो,1
लघौ,1
लङि,1
लङ्काधिपतिः,1
लङ्कायां,1
लङ्कायाश्च,1
लज्जया,1
लज्जयाऽऽविष्टा,1
लज्जा,1
लज्जितः,1
लट,1
लट्,1
लडहचन्द्रस्य,1
लत्वम्,1
लन्क्,1
लब्द्ध्वा,1
लब्धवान्,1
लब्धानां,1
लब्धुम्,1
लभतां,1
लभिष्यन्ति,1
लभेत,1
लभेत्तु,1
लभेद्यः,1
लभेद्येन,1
लम्बयेत्,1
लम्बायना,1
लयं,1
लयभोगविदा,1
लयापरपर्यायं,1
लयेऽपि,1
ललाटफलकेन,1
ललाटान्ते,1
ललाटेऽग्रे,1
ललित,1
लवः,1
लवणैः,1
लवणो,1
लवितुम्,1
लस,1
लसदसितवलीभङ्गभास्वत्तरङ्गे,1
लहरि,1
ला,1
लाक्ष्मणेया,1
लाघवञ्चानुसृत्य,1
लाघवम्,1
लाङ्गलाकारनासः,1
लाजानिति,1
लान्टर्,1
लान्ट्,1
लान्वितं,1
लाभम्,1
लाभराशिस्थे,1
लाभा,1
लाभाय,1
लाभार्थं,1
लाभे,1
लारि,1
लालयः,1
लालित्यपूर्णेन,1
लाली,1
लावण्याम्भोधिमध्यस्थशङ्खसन्निभकन्धरायै,1
लासवमुत्पद्ममानं,1
लिखितमपि,1
लिखितवान्,1
लिखिता,1
लिख्यते,1
लिङ्ग,1
लिङ्गगतं,1
लिङ्गचैतन्यं,1
लिङ्गज्ञानार्थं,1
लिङ्गतारं,1
लिङ्गत्रयं,1
लिङ्गत्रयमनुत्तमम्,1
लिङ्गत्वमभ्युपेतं,1
लिङ्गदैर्ध्ये,1
लिङ्गधारणात्,1
लिङ्गपिण्डिकाप्रासादादि,1
लिङ्गपिण्डिकायो,1
लिङ्गपीठ,1
लिङ्गपीठात्मकत्वं,1
लिङ्गभूताः,1
लिङ्गभूताश्च,1
लिङ्गमधस्ताच्छुद्धविद्यात्मकं,1
लिङ्गमध्याद्वरारोहे,1
लिङ्गमस्य,1
लिङ्गमस्यार्चयन्ति,1
लिङ्गमुत्तमम्,1
लिङ्गमुमाशिवस्तदनयोर्योगः,1
लिङ्गमूलशिलान्यासो,1
लिङ्गम्,1
लिङ्गयोः,1
लिङ्गलक्ष्मण,1
लिङ्गवाक्ये,1
लिङ्गव्याप्तिव्याख्यान,1
लिङ्गशब्दः,1
लिङ्गस्यास्य,1
लिङ्गाइवत्यर्थः,1
लिङ्गाग्रं,1
लिङ्गातिदेशकथनम्,1
लिङ्गादिति,1
लिङ्गादीनां,1
लिङ्गानां,1
लिङ्गायामे,1
लिङ्गायामेजिनांशे,1
लिङ्गाश्रमविवर्जितम्,1
लिङ्गिनीनां,1
लिङ्गीनां,1
लिङ्गेकविष्णवीशांशके,1
लिङ्गेन,1
लिङ्गोद्भवं,1
लिङ्‌गमाध्यात्मिकं,1
लिङ्‌गमुत्तमम्,1
लिङ्‌गमेव,1
लिङ्‌गादौ,1
लिङ्‌गानां,1
लिङ्‌गान्यङ्‌गानि,1
लिङ्‌गे,1
लिपिम्,1
लिपेत्,1
लिप्तपुटे,1
लिप्तमात्मनि,1
लिप्यते,1
लिप्यानयैव,1
लिल्,1
लिह्यात्तैलमधुप्लुतम्,1
ली,1
लीना,1
लीला,1
लीलाचतुराम्,1
लीलामन्योन्यं,1
लीलामात्राङ्गीकृतेन,1
लीलावत्या,1
लुङि,1
लुट्,1
लुण्ठ्यमानमिव,1
लुप्ततृतीयान्तं,1
लुप्सु,1
लुम्पन्त्यन॒,1
लू,1
लूयी,1
लृवर्णस्य,1
लेपं,1
लेपयेत्,1
लेपवत्,1
लेपैर्व्रणैरनुबध्यतेऽनुषङ्गी,1
लेपो,1
लेभिरे,1
लेशतः,1
लेशतो,1
लेशात्,1
लेशोक्तो,1
लो,1
लोअक्षणमाहा,1
लोक,1
लोकं,1
लोकतोऽर्थप्रयुक्ते,1
लोकत्रयङ्करम्,1
लोकधर्मण्योः,1
लोकधर्मिण्या,1
लोकधर्मिण्याख्या,1
लोकधातुः,1
लोकधातुकोटिं,1
लोकधातुकोटीशतं,1
लोकधातुर्भविष्यति,1
लोकधीगुरुशास्त्रेभ्यो,1
लोकनाथं,1
लोकनाथम्,1
लोकपाला,1
लोकपालायुधास्त्राग्रं,1
लोकप्रसिद्धसामान्यपरिस्पन्दाद्विशेषतः,1
लोकभृक्भ्यो,1
लोकमहायुद्‌धानन्तरम्,1
लोकमाक्रान्तवन्तं,1
लोकमोहिनी,1
लोकविदुनां,1
लोकविमोहिनी,1
लोकवेदशिवाग्निभिः,1
लोकशास्त्रव्यवहारातिक्रमे,1
लोकशास्त्रव्यवहारातिक्रमेण,1
लोकसङ्ग्रहार्थं,1
लोकसत्तमाः,1
लोकसम्प्राप्तिस्तत्सदा,1
लोकसिद्धा,1
लोका,1
लोकाअला,1
लोकाग्निजमथो,1
लोकानल्पेन,1
लोकानामभये,1
लोकानामाधिपत्ये॑,1
लोकानाम्,1
लोकानुग्रहाय,1
लोकानेकेन,1
लोकान्तरप्रस्थितम्,1
लोकान्विपुलान्दिव्यानादित्यानामुपाश्नुते,1
लोकायतैकदेशाः,1
लोकास्समाकुलाः,1
लोकेशं,1
लोकेशु,1
लोकैगुसंशक्तिमयं,1
लोचनम्,1
लोट्,1
लोद्भवम्,1
लोपः,1
लोपो,1
लोभं,1
लोभाहताः,1
लोमकूपेषु,1
लोल,1
लोश्च,1
लोष्टं,1
लोहजे,1
लोहरत्नयादौ,1
लोहवर्यास्ततः,1
लोहिताभ्रेण,1
लोहितोऽक्ष्णि,1
लोहि॑नी,1
लो॒क,1
लो॒कः,1
लो॒कङ्ग॑मयति॒,1
लो॒कमे॑ति॒,1
लो॒कमे॒त्यप॒,1
लो॒कम्प्र॒त्यव॑रोहन्ति॒,1
लो॒कस्य॒,1
लो॒कां,1
लो॒काना॑म॒भिजि॑त्यै,1
लो॒कान्,1
लो॒कान्म॑नु॒ष्या॑,1
लो॒कास्तस्मा॒द,1
लो॒केभ्यो॑,1
लो॒केषु॒,1
लो॒केष्वा॑सत,1
लो॒को,1
लौ,1
लौकिकमानसाविषयतया,1
लौकिकानामाभाणकः,1
लौकिकैः,1
लौकीकी,1
लौहलेख्यत्वं,1
लौहलेख्या,1
लौहवस्तूनि,1
लौहेनापिरत्मजे,1
ल्,1
ल्पगुणस्तत्र,1
ल्भ्,1
ल॑भत,1
ल॑भत॒,1
ल॑भेत,1
ल॑भेता॒मुम॑प॒क्षीय॑माण॒मन्वप॑,1
वं,1
वंदितस्तेन,1
वअणस्स,1
वकारं,1
वकारः,1
वकारान्ता,1
वकीलांचा,1
वकील्,1
वक्तर्यायत्ते,1
वक्तव्य,1
वक्तव्यः,1
वक्तव्यात्,1
वक्तव्ये,1
वक्ता,1
वक्तासि,1
वक्तासे,1
वक्तुकामस्विष्टदेव,1
वक्तुमेवं,1
वक्त्रदन्तजिह्वासु,1
वक्त्रां,1
वक्त्राणि,1
वक्त्रारविन्द्रे,1
वक्त्रेण,1
वक्रतनुच्छदौ,1
वक्षते,1
वक्षदानु॒षक्,1
वक्षसि,1
वक्षीष्‍ट,1
वक्ष्यन्ते,1
वक्ष्यमाणं,1
वक्ष्यमाणचाक्षुषादयः,1
वक्ष्यमाणत्वात्,1
वक्ष्यमाणन्यायेनेति,1
वक्ष्यमाणमदादयो,1
वक्ष्यमाणमलमाया,1
वक्ष्यमाणरीत्या,1
वक्ष्यमाणवत्,1
वक्ष्यमाणवदविशुद्धत्वादावृत,1
वक्ष्यमाणानेकप्रकारा,1
वक्ष्यमाणेन,1
वक्ष्या॒मः,1
वक्ष्येऽहं,1
वचः॑,1
वचनकविताप्रकियां,1
वचनम्,1
वचनादपीति,1
वचनेनाध्यायसमये,1
वचनैरकरणे,1
वचसा,1
वचस्तस्या,1
वचस्य,1
वचा,1
वचो॒,1
वच्चलान्येव,1
वच्छिन्नाकाशसम्बद्धतया,1
वच्मीति,1
वच्मीत्यनेनैव,1
वज्रं,1
वज्रखचितकिरीटानि,1
वज्रदंष्ट्रश्च,1
वज्रदंष्ट्रिणौ,1
वज्रधरे,1
वज्रस्य,1
वज्राभरणानि,1
वज्रिणः,1
वज्रिन्थ्स॒हस्र॒,1
वज्री,1
वज्रेभ्यो,1
वज्रे॑णापर॒जानिन्द्रे॑ण,1
वज्रे॑णै॒व,1
वज्रे॑ण॒,1
वज्रो,1
वज्र॑म॒न्तर्ध॑त्त,1
वज्र॑म॒न्तर्ध॑त्ते॒,1
वटादिभिः,1
वटारग्वधबिल्वकान्,1
वटिका,1
वट्टियूरकाव्,1
वड॑बा॒,1
वणिक्सुतस्याथ,1
वतानि,1
वतान्तरम्,1
वत्,1
वत्तुं,1
वत्संसुमना,1
वत्सगोत्रे,1
वत्सविवृद्धिनिमित्तं,1
वत्सोऽन्तिकस्थोऽपि,1
वत्स्यामीति,1
वदंतो,1
वदत,1
वदत्सु,1
वदना,1
वदनाग्रतः,1
वदनाद्गुरोर्ज्ञेयं,1
वदन्तिः,1
वदन्त्येके,1
वदन्त्येनं,1
वदामः,1
वदामसि,1
वदाम्यहमशेषतः,1
वदिष्यतीति,1
वदिष्यामि॒,1
वदि॑तोः॒,1
वदे,1
वदे॒द्वाग्वै,1
वद्विषय,1
वद॑ति,1
वद॑न्तो,1
वधं,1
वधः,1
वधबन्धनागारसामन्तेन,1
वधाद्विप्रं,1
वध्यमानेष्वस्त्रेषु,1
वध्वा,1
वनं,1
वनन्ति,1
वनपादपपर्णवत्,1
वनप्रदेशः,1
वनम्,1
वनरूपो,1
वनवासं,1
वनस्पतीनां,1
वनस्पतीन्,1
वनाद्गृहाद्वा,1
वनाभावे,1
वनामहे,1
वनिघ्,1
वनिता,1
वनिनां,1
वनेऽलं,1
वन्दनमादौ,1
वन्दित्वैकान्ते,1
वन्दिष्यते,1
वन्द॑ते॒,1
वन्यमालाललितजलदनीलाभमायाकिशोर,1
वन्यस्य,1
वन्याशनप्रियाय,1
वन्वा॒ना,1
वन॒स्पतिः॑,1
वन॒स्पति॑भ्यः॒,1
वन॒स्पती॑ना,1
वन॒स्पत॑ये,1
वन॒स्पत॑ये॒,1
वपति॒,1
वपुः,1
वपुरस्य,1
वपुरिदं,1
वपु॑षे,1
वपूंषि,1
वमत्यथ,1
वम्,1
वम्प्स्म्,1
वम्रि॑रूपे॒ण,1
वयःप्रकाश्यमानेन,1
वयः॑,1
वयन्तु,1
वयमित्यमरः,1
वयूनाय,1
वयो॑,1
वयो॒,1
वयो॒धाः,1
वय॒,1
वरं॑,1
वरगोष्ठेषु,1
वरणं,1
वरदराजः,1
वरदानं,1
वरदे,1
वरदो,1
वरदौ,1
वरनिम्,1
वरप्रद,1
वरयेद्‌बुधः,1
वरवर्णिनि,1
वरव्याजेन,1
वरस्तव,1
वरा,1
वराकीयं,1
वरान्स,1
वराभरणैः,1
वरायुधाभरणकिरीटवर्मभिः,1
वरारोहा,1
वरार्थं,1
वरास्ते,1
वराहस्यामितात्मनः,1
वरिषज्ञानविमलीतचेताः,1
वरिष्ठमेतत्,1
वरिष्ठानां,1
वरि॑वः,1
वरुणनिलयमापगेव,1
वरुणपद्धतिव्याख्यानम्,1
वरुणप्रघा॒सान्माध्यं॑दिन॒,1
वरुणश्च,1
वरुणश्चानुप्रेयतुराञ्जन,1
वरुणाभिधानो,1
वरुणाय,1
वरुणायारुणायेति,1
वरुणालये,1
वरुणोऽग्निः,1
वरुण्पद्धति,1
वरु॑णः॒,1
वरु॑णनेत्रा,1
वरु॑णन्देवासु॒रा,1
वरु॑णमाश्वि॒नमिन्द्रं॑,1
वरु॑णराजभ्यो॒,1
वरु॑णश्च,1
वरु॑णस्ति॒रोद॑धे,1
वरु॑णस्य,1
वरु॑णस्याभूव॒न्वि,1
वरु॑णस्या॒ग्नेः,1
वरु॑णस्य॒,1
वरु॑ण॒स्याश्वि॑नोर॒ग्नेः,1
वरे,1
वरेण्यम्,1
वरेण्या॒,1
वरेतितम्,1
वरो॒,1
वर्ग,1
वर्गद्वयविलक्षणः,1
वर्गस्यापायेन,1
वर्गाद्,1
वर्गे,1
वर्गो,1
वर्गोऽन्योनः,1
वर्चः॒,1
वर्चो॒दाः,1
वर्चो॒दौ,1
वर्च॑सा,1
वर्च॑सा॒,1
वर्च॒सेन्द्र॑स्येन्द्रि॒येण॑,1
वर्च॒स्तेना॒हं,1
वर्जयस्येतान्,1
वर्जयित्वाष्टदिगीश्वरेषु,1
वर्जितं,1
वर्णः,1
वर्णद्वयं,1
वर्णनं,1
वर्णनद्वारैव,1
वर्णयन्ति,1
वर्णयुतुं,1
वर्णरूपविनाशिनीम्,1
वर्णवत्,1
वर्णव्यत्ययतः,1
वर्णसङ्घात,1
वर्णाः,1
वर्णाध्वानमाह,1
वर्णाध्वायं,1
वर्णान्,1
वर्णान्धाः,1
वर्णाश्च,1
वर्णाश्चटातिहान्ता,1
वर्णाश्रमाचारामनसाधि,1
वर्णास्तु,1
वर्णास्ते,1
वर्णास्थप्त,1
वर्णितमिति,1
वर्णीतमित्यनेन,1
वर्णे,1
वर्णेषु,1
वर्णे॑न,1
वर्णैः,1
वर्णोच्चारमनन्तरम्,1
वर्णोऽनुनासिकसंज्ञः,1
वर्तमान,1
वर्तमानपदेनाढ्यं,1
वर्तमानम्,1
वर्तमानात्,1
वर्तमानोऽनन्तशिष्यः,1
वर्तयत्य॒ष्टौ,1
वर्तयिष्यति,1
वर्तय॒,1
वर्तिका,1
वर्तितायाः,1
वर्तिभुवनान्याह,1
वर्तेतात्मन्युपरतमतिर्निर्गुणं,1
वर्तेते,1
वर्त्तते,1
वर्त॑मानो,1
वर्त॒येत्या॑ह,1
वर्त॒येन्द्र॑,1
वर्द्धते,1
वर्धतां॒,1
वर्धति,1
वर्धनम्,1
वर्धनाय,1
वर्धन्ति,1
वर्धमानं,1
वर्धयन्तो,1
वर्धयस्व॒,1
वर्धयेत्,1
वर्धितः,1
वर्धितम्,1
वर्पस,1
वर्मगुण्ठितां,1
वर्माणि,1
वर्म॑,1
वर्येण,1
वर्ष,1
वर्षणं,1
वर्षत्यथौषधयो,1
वर्षमेकं,1
वर्षलक्षाणि,1
वर्षशतं,1
वर्षशतान्य्,1
वर्षसहस्रान्ते,1
वर्षाणि,1
वर्षानन्तरं,1
वर्षानुगुणम्,1
वर्षान्ताय,1
वर्षाभूवालया,1
वर्षाभ्यस्,1
वर्षास्वाकाशशयना,1
वर्षिकपौषचैत्रा,1
वर्षीयोद्घाटनं,1
वर्षॆ,1
वर्षेभ्यः,1
वर्ष्म॑,1
वर्ष्म॑णै॒वैनं॒,1
वर्ष्म॑न्क्ष॒त्रस्य॑,1
वर्ष्या॑,1
वलायनस्या,1
वलिः,1
वलिकांक्षिणं,1
वलिवल्गुदलोदरः,1
वलेखला,1
वल्कलचीरवासाः,1
वल्मीकः,1
वल्मीकमिव,1
वल्मीकाद्युद्‌भवे,1
वल्यं,1
वल्लभानाम्,1
वल्लवानां,1
वल्लस्,1
ववन्दे,1
ववार,1
ववौ,1
वशः,1
वशकान्तविति,1
वशकान्तौ,1
वशन्तैरलूता,1
वशवर्तिनी,1
वशात्,1
वशा॒,1
वशित्व,1
वशीकर्ता,1
वशीकृतं,1
वशीकृतम्,1
वशीकृत्याधितिष्ठति,1
वशे,1
वशो॑,1
वश्यकत्वं,1
वश्याकर्षीणादि,1
वश्यानां,1
वषट्करणं,1
वषट्कादीनां,1
वषट्कारः,1
वषट्का॒रस्ता,1
वष्टिप्रकाशत,1
वष॑ट्करोति,1
वस,1
वसंतोऽभय,1
वसत्यर्थमाचाराणि,1
वसन्तं,1
वसन्तः,1
वसन्ताय,1
वसवः,1
वसव्यः,1
वसव्यस्य,1
वसव्यैः,1
वसाम्यहम्,1
वसा॑ना॒,1
वसिष्ठ,1
वसिष्ठगोत्रसम्भूतं,1
वसिष्ठस्याभिपूज्य,1
वसिष्ठाद्यैर्महात्मभिः,1
वसि॑ष्ठपुरोहिताः,1
वसि॑ष्ठस्येन्द्रि॒यं,1
वसि॑ष्ठा,1
वसि॑ष्ठेनास्पर्धेता॒,1
वसि॑ष्ठो,1
वसीत,1
वसी॑यान्भवत्याग्ने॒य्यर्चाग्नी,1
वसी॑यो,1
वसु,1
वसुः,1
वसुधादिकलाप्रान्ता,1
वसुधादिषु,1
वसुधाद्यस्तत्वगणः,1
वसुधेयस्य,1
वसुनिष्कप्रमाणतः,1
वसुन्धरा,1
वसुन्धराम्,1
वसुन्धरे,1
वसुभिः,1
वसुशब्दात्,1
वसुशब्दादपि,1
वसु॑भिरे॒वाह्ये॒वेति॑,1
वसु॑भ्यस्त्वा॒,1
वसु॑मद्गणस्य,1
वसु॑र्वि॒दद्व॑सुश्चक्षु॒ष्पाश्चक्षु॑र्मे,1
वसु॒को॑,1
वसु॒वित्त॑मम्,1
वसूनामादित्याना,1
वसू॑नां॒,1
वसू॑नाम्,1
वसू॑नि॒,1
वसेत्,1
वसेत्प्राज्ञः,1
वसेन्नित्यं,1
वसोः,1
वस्तुजातम्,1
वस्तुतः,1
वस्तुतस्तु,1
वस्तुतो,1
वस्तुनां,1
वस्तुनो,1
वस्तुभूतानित्या,1
वस्तुरूपा,1
वस्तुसङ्ग्रहालयाः,1
वस्तून,1
वस्तूनि,1
वस्त्रं,1
वस्त्रदानम्,1
वस्त्रपरिवर्तनम्,1
वस्त्रा,1
वस्त्राच्छादनं,1
वस्त्रादीनां,1
वस्त्रापदो,1
वस्त्राभरणकुण्डलाद्यैरलङ्कृत्य,1
वस्त्रेण,1
वस्त्रैराभरणैर्भूष्य,1
वस्त्रैश्च,1
वस्त्वन्तरे,1
वस्त॒,1
वस्थातुं,1
वस्य,1
वस्य॑ष्टिर॒सीत्या॑ह॒,1
वस्य॑सः॒,1
वस्य॒,1
वस्वथ॒,1
वस्वी,1
वस्व्य॑सि,1
वस॑न्तं॒,1
वस॑वः,1
वस॑वो॒,1
वस॑व॒,1
वहन्तः,1
वहामि,1
वहुत्वेन,1
वहूविधा,1
वहे,1
वहेथेइति,1
वह्निं,1
वह्निः,1
वह्निदग्धा,1
वह्निनाशे,1
वह्निभक्ते,1
वह्निरोमणम्,1
वह्निर्भयसमन्वितः,1
वह्निर्वायौ,1
वह्निव्याप्यो,1
वह्निश्शरीरं,1
वह्नेश्चापि,1
वह्नौ,1
वह्न्यादेरपि,1
वह्न॑य,1
वह॑न्तीरि॒वोद्ग॑तीरि॒व,1
वह॑न्तीर्गृह्णाति,1
वह॑सि॒,1
वांस्तदानीन्तनकालावच्छेदेन,1
वां॒,1
वाक्किलान्तर्हिताब्रवीत्,1
वाक्च,1
वाक्तत्वाधिपाय,1
वाक्तत्वाय,1
वाक्ताम्,1
वाक्परिमिता,1
वाक्प्रबुद्धो,1
वाक्प्रवचनेन,1
वाक्यकारः,1
वाक्यन्धर्म,1
वाक्यमज्ञानसंशयादिकुर्वदप्रमाणमित्युक्तं,1
वाक्यमब्रवीत्,1
वाक्यमानन्दकन्दम्,1
वाक्यमेतदुवाच,1
वाक्यसन्दर्भस्योपक्रान्तार्थविष्णुतात्पर्यकत्वरूप,1
वाक्यान्तरम्,1
वाक्यार्थः,1
वाक्येषु,1
वाक्यैर्वेदांतगोचरैः,1
वाक्ष॒सत्प्र,1
वाक्ष॒सद॑सि,1
वागधिपत्वमस्य,1
वागधिपायाग्नये,1
वागनपायिनी,1
वागभिमानिनीमुमां,1
वागुवाचाशरीरिणी,1
वाग्,1
वाग्गृहीतं,1
वाग्नौ,1
वाग्भटः,1
वाग्भटस्य,1
वाग्भटाख्यः,1
वाग्भटालङ्कारकृतोऽन्य,1
वाग्भटालङ्कारसंज्ञको,1
वाग्भटालङ्कारस्य,1
वाग्भवे,1
वाग्रीतिनामित्यर्थ,1
वाग्विसर्जनं,1
वाङ्न,1
वाङ्मनःकर्म्मभिः,1
वाङ्मयस्,1
वाचः,1
वाचकमेव,1
वाचकाना,1
वाचकी,1
वाचकीमाह,1
वाचमुपास॑तामि॒ति,1
वाचयित्वान्ते,1
वाचस्तस्य,1
वाचस्पत्युक्तवचनं,1
वाचां,1
वाचिकी,1
वाचिकीमातसीइ,1
वाचे,1
वाचो॑,1
वाच्यं,1
वाच्यमिति,1
वाच्यमित्याह,1
वाच्यावाचकयोरभेदात्,1
वाच्ये,1
वाच॑मुद्यास,1
वाच॑मुश॒ती,1
वाच॑मे॒व,1
वाच॒,1
वाजसनेये,1
वाजिनीवति,1
वाजि॑ना॒,1
वाजे॑भिर्वा॒जिनी॑वती,1
वाजे॑वाजे,1
वाज॑कर्मभिः,1
वाज॑म॒स्मे,1
वाज॑स्य,1
वाञ्छितं,1
वाणिज्य,1
वाणिज्यमन्त्रीणां,1
वाणिज्यवाहनानि,1
वाणीमतिर्वाणीविशारदः,1
वातः,1
वातकत्वेन,1
वातकस्तरः,1
वातपित्तश्लेष्मजन्या,1
वातपित्तश्लेष्माणः,1
वातपित्तादिरपथ्यं,1
वातपित्तादिरसानां,1
वातवर्धकः,1
वातव॑तां,1
वातस्य,1
वाता,1
वाताद्विष्णोर्ब॑लमा॒हुः,1
वातापिसञ्ज्ञकम्,1
वातायनानि,1
वातावरण,1
वाता॑पिभ्यः,1
वातिनास्तिक्यं,1
वाते,1
वातोक्षर,1
वातो॑,1
वात्तिकं,1
वात्तिककारस्यैकं,1
वात्तिकनिर्माणं,1
वात्तिकस्वरूपटीकायाः,1
वात्र,1
वात्रक,1
वात्सी,1
वात॑स्य॒,1
वात॑स्वनं,1
वाथा,1
वाथ्स्या॒यनः,1
वाद,1
वादनतः,1
वादिन,1
वादिनः,1
वादिना,1
वादिप्रयुक्ताग्निशब्दस्य,1
वादिसाधनस्य,1
वादी,1
वाद्यनभिमतार्थान्तरमादाय,1
वाद्ययन्त्रस्य,1
वानप्रस्थाय,1
वानप्रस्थाश्रमस्थाय,1
वानरैरित्यादि,1
वानरो,1
वानिज्ये,1
वानु,1
वापय॒त्यन्वे॒वास्मा॒,1
वाप्यामेव,1
वाभ्यवहरति,1
वामके,1
वामज्येष्टा,1
वामदेवके,1
वामदेवब्रह्माधिष्ठतमुदीच्याम्,1
वामदेवश्च,1
वामदेवादयस्त्रयोदश,1
वामदेवो,1
वामदेवोद्भवोल्च्चैव,1
वामदेव्यं,1
वामदे॒व्येन॒,1
वामपन्थीनः,1
वाममघोरं,1
वामस्तथा,1
वामा,1
वामाङ्कसंस्था,1
वामादिस्थानमालिका,1
वामादीनां,1
वामामुख्य,1
वामारभ,1
वामाष्टौ,1
वामे,1
वामो,1
वाम्,1
वाम॒नो,1
वायवधिपाय,1
वायवे॑,1
वायव्यत्वेनाऽभ्युपगतं,1
वायव्ये,1
वायसवाशितम्,1
वायुगोचरे,1
वायुजलादीनामपि,1
वायुतत्वाधिपायमातरिश्विने,1
वायुतत्वाय,1
वायुतत्वे,1
वायुना,1
वायुपूरणं,1
वायुप्रकोपात्,1
वायुभक्षस्ततो,1
वायुमण्डलमुच्यते,1
वायुमूर्तिरीश्वर,1
वायुमेवान्तःकरणमाहुः,1
वायुरन्यां,1
वायुराकाशे,1
वायुरीश्वरपर्यन्तः,1
वायुर्वोमबुध्यन्तमश्मनि,1
वायुश्च,1
वायुसञ्चारवर्जितं,1
वायुसहितानि,1
वायुसारेण,1
वायुसेनायानानि,1
वायुस्तत्पुरुषब्रह्माधिष्ठितः,1
वायो,1
वायोरेकादशपुरुषस्यैका,1
वायोरेकादशपुरुषस्यैकादश॑स्त्रीक॒स्य,1
वायोर्जीवनाय,1
वायोर्भवताऽभ्युपगतेति,1
वायोस्तद्‌रूपगुणमुच्यते,1
वायो॒,1
वाय॑वश्चै॒व,1
वाय॒व्यं॑,1
वाय॒व्या,1
वाय॒व्य॑या,1
वाय॒व्य॑यो॒पाक॑रोति,1
वारं,1
वारणः,1
वारणेंद्रमतिदुःखपीडितम्,1
वारयध्वं,1
वारयितुं,1
वारवधि,1
वारव॒न्तीय॑मग्निष्टोमसा॒म,1
वाराणस्यादिषु,1
वारादं,1
वाराह,1
वाराहि,1
वारि,1
वारिजाक्ष,1
वारिणा,1
वारितेजसओः,1
वारिधरोदबिन्दून्,1
वारिधिस्,1
वारुणी,1
वारुणे,1
वारु॒णीमा॒मिख्षां,1
वारे॑ण॒,1
वार्कय,1
वार्ता,1
वार्तामात्रस्यापि,1
वार्ताया,1
वार्तिक,1
वार्तिकं,1
वार्तिकानां,1
वार्तेयं,1
वार्त्र॑घ्न॒स्तेन॑,1
वार्त्र॑घ्न॒स्त्वया॒,1
वार्त्र॑घ्न॒स्त्वया॒यं,1
वार्धके,1
वार्धक्य,1
वार्या॑णाम्,1
वार्य॑स्य,1
वार्षिकवृष्टिपातः,1
वार्षिकाकृतिः,1
वालयेत्तु,1
वालाः,1
वालिनश्च,1
वाल्मीकिना,1
वाल्मीकीये,1
वावनत्,1
वाव॑दतः,1
वाव॑दतो,1
वाशब्दाद्,1
वाशाः,1
वाशी॑षु,1
वाश्रेव,1
वाषिङ्टण्,1
वासः,1
वासः॑,1
वासकन,1
वासनात्वेन,1
वासनावस्थायामपि,1
वासनावृद्धौ,1
वासवः,1
वासवदत्ता,1
वासवस्तत्र,1
वासवा,1
वासवो,1
वाससः,1
वाससाऽऽच्छाद्य,1
वाससी,1
वाससेति,1
वासा,1
वासात्या॑,1
वासिष्टो,1
वासुकः,1
वासुकिदूतोऽसि,1
वासुकिवैद्युताना,1
वासुकिवैद्युतीना,1
वासुदेवम्,1
वासुदेवाख्यः,1
वासुदेवे,1
वासुदेवोऽस्मि,1
वासु॑किवै॒द्युताः,1
वासो॒,1
वास्ता॒वाहु॑तिं,1
वास्तुवो,1
वास्तु॒,1
वास्तोष्प॒तीय,1
वास्तोष्प॒तीयं॑,1
वास्तोष्प॒तीय॑म्प्रया॒याद्रु॒द्र,1
वास्यादिवदतः,1
वास्यादीनामिव,1
वास॑श्च,1
वास॑सी,1
वाहङ्कारस्यैव,1
वाहनघट्टनं,1
वाहनसम्मर्दोऽधिकतरः,1
वाहनानां,1
वाहीकग्रामलक्षणौ,1
वाऽधि॒तिष्ठे,1
वाऽन्यतरस्यापि,1
वाऽपि,1
वाऽशक्यमेव,1
वाऽस्य,1
वा॑मा॒स्ये॑,1
वा॑म॒न्यत्,1
वा॑म॒न्यद्य॑ज॒तं,1
वा॑य॒व्या॑मा,1
वा॑य॒व्य॑मस्य,1
वा॑य॒व्य॑मस्य॒,1
वा॑रु॒णं,1
वा॑लखि॒ल्याः,1
वा॑वृधे,1
वा॑स॒वाः,1
वा॒क्पा,1
वा॒घतः॑,1
वा॒च,1
वा॒चस्पत॑ये,1
वा॒चस्पत॑ये॒,1
वा॒चा,1
वा॒च्यपि॑,1
वा॒च्याय॑या,1
वा॒जिनम्,1
वा॒जिनी॑वान्,1
वा॒जिनी॑वान्त्स॒द्यः,1
वा॒जिन॒मुथ्सं॑,1
वा॒जी,1
वा॒ट्॒,1
वा॒तध्रा॑जिग॒तिं,1
वा॒तव॑न्तो,1
वा॒दह॑नं,1
वा॒म,1
वा॒मम॑श्नुता॒मरि॑ष्टो॒,1
वा॒मम॑श्नु॒तः,1
वा॒मीरनु॑,1
वा॒मीरन्व॒ग्निस्ते,1
वा॒मुप॑,1
वा॒मेकं॑,1
वा॒मेका॑दश,1
वा॒म्परि॑,1
वा॒यवे॒,1
वा॒युमे॒व,1
वा॒युम॒न्तरि॑क्षेण,1
वा॒युरा,1
वा॒युरुद॑तिष्ठत्,1
वा॒युरु॑पश्रो॒ता,1
वा॒युर्,1
वा॒युर्मा॒,1
वा॒युर्वा,1
वा॒युर्व्यवा॒त्तस्मा,1
वा॒युर्व्य॑वा॒त्ते,1
वा॒युर॒न्तरि॑क्षस्य॒,1
वा॒युर॒न्तरि॑क्षात्,1
वा॒युर॒न्तरि॑क्षा॒द्यज॑मानो॒,1
वा॒युर॒न्तरि॑क्षे,1
वा॒युस्ता,1
वा॒योरा॒यत॑नं॒,1
वा॒योरा॒यत॑नम्,1
वा॒योरे॒वैना॑मव॒रुध्या,1
वा॒योश्च॑,1
वा॒य॒व्य॑माग्ने॒यीङ्कृ॑ष्णग्री॒वीम॒सावा॑दि॒त्यो,1
वा॒र॒व॒न्तीयं॑,1
विंशतिः,1
विंशतिकोट्यस्,1
विंशत्यधिकशततमोऽध्यायः,1
विंशत्या,1
विंशत्येकं,1
विंशत्येकत्रैव,1
विंशशतकस्य,1
विककरान्,1
विकटश्चैव,1
विकरणभेदं,1
विकर्षणे,1
विकल्पः,1
विकल्पतः,1
विकल्पस्रक्ष्यमाणान्यरुचितांशसहिष्णुनः,1
विकल्प्यमानेऽर्थे,1
विकसितवदनाः,1
विकारजा,1
विकारयोगेन,1
विकारश्च,1
विकारस्थमेव,1
विकारापगमे,1
विकारित्वप्रसङ्गादित्युक्तम्,1
विकारित्वादनित्यश्चेत्,1
विकारित्वादिधर्म्यात्मा,1
विकारित्वे,1
विकासस्य,1
विकिरणपटुखनिजाः,1
विकुण्डश्च,1
विकृतिः,1
विकृ॑तानि,1
विक्रं,1
विक्रमादित्यः,1
विक्रम्,1
विक्रयणमूल्यं,1
विक्रियाः,1
विक्रीयतामयम्,1
विक्लि॑धः,1
विक्लेदयतीत्यर्थः,1
विक्षिप्ताः,1
विक्षिप्योक्तम्,1
विक्षेपणदिनाङ्कः,1
विक्षेपणम्,1
विक्षेप्तुमर्हा,1
विक्षोभमभिव्यञ्जनरूपं,1
विक॑ङ्कत॒,1
विख्यातनगरे,1
विख्यातो,1
विगतनिद्र,1
विगतभैक्षके,1
विगतमायमचिन्त्यमूर्तिम्,1
विगतसुखेतर,1
विगम,1
विगुणाः,1
विगुणानिलेन,1
विगृह्यमाणवेलायां,1
विग्रहः,1
विग्रहे,1
विघातः,1
विघातश्च,1
विघ्नराजश्च,1
विघ्नराजादि,1
विघ्नराट्,1
विघ्नशमनं,1
विघ्नान्ना,1
विघ्नेश,1
विघ्नेशं,1
विघ्नेशयजनं,1
विघ्नेशानलषड्वक्त्राः,1
विचक्षणं,1
विचचार,1
विचरेत्,1
विचष्टे,1
विचारः,1
विचारणा,1
विचारितवन्तौ,1
विचार्यत,1
विचार्यते,1
विचित्तचामरग्राहिणि,1
विचित्य,1
विचित्रकं,1
विचित्रकम्,1
विचित्रकर्मराशिसूचनार्थः,1
विचित्रकूटं,1
विचित्रभुवनाद्याकारास्तत्,1
विचित्रस्वभावाश्च,1
विचित्राणि,1
विचित्रानन्तकार्यशक्तिसमाहारात्मिकाऽसौ,1
विचित्राऽनन्तकार्याणां,1
विचित्राऽनन्तकार्योत्पत्तिदर्शनाद्,1
विचित्रोदाररूपाश्च,1
विचिन्तयत्,1
विचिन्त्याथ,1
विचेतसः,1
विचेष्टमानम्,1
विचेष्टितानि,1
विच्छिन्नोदाररूपा,1
विच्छि॑द्येतोपया॒मगृ॑हीतो,1
विच्छेदनेन,1
विच्छेदस्तु,1
विच्युतास्तहा,1
विच॑र्,1
विजयः,1
विजयकिरीटं,1
विजयस्येष्टास्तथैव,1
विजयाय,1
विजयायेह,1
विजयावहम्,1
विजयिनः,1
विजयिष्यसि,1
विजयेन,1
विजयो,1
विजहार,1
विजातिर्विगुणः,1
विजानन्ति,1
विजानीयामिति,1
विजानीहि,1
विजामानः,1
विजितेन्द्रियः,1
विजित्येमां,1
विजि॑त्या,1
विजृम्भणे,1
विजृम्भितः,1
विजेता,1
विजेष्यति,1
विज्ञप्तिवाक्यात्,1
विज्ञप्यमस्ति,1
विज्ञाकलव्यतिरिक्तयोद्वयोरपि,1
विज्ञातप्रलया,1
विज्ञातव्यं,1
विज्ञानकलप्रलयाकलस,1
विज्ञानकेवलिनां,1
विज्ञानकैवल्ये,1
विज्ञानप्रलयाकलान्,1
विज्ञानमयः,1
विज्ञानमात्रं,1
विज्ञानमादाय,1
विज्ञानम्,1
विज्ञानयोगसन्यासैर्भोगाद्वा,1
विज्ञानरूपे,1
विज्ञानवादविरोधाद्विष्णोः,1
विज्ञानसुनिश्चितार्थाः,1
विज्ञानाकलः,1
विज्ञानाकलप्रलयाकलयोः,1
विज्ञानाकलान्,1
विज्ञानाकलेषु,1
विज्ञानाख्यात,1
विज्ञानादौ,1
विज्ञान्दीक्षया,1
विज्ञापयिष्यते,1
विज्ञा॑तं,1
विज्ञेयाः,1
विज्ञेयास्ते,1
विज्वलन्नास्ते,1
विटपकुटिलदंष्ट्रारुणेक्षणाटोपातिभयानक,1
विट्स्रंसः,1
विड्द्रवि॑ण॒मुदी॑ची॒मा,1
विड॑श्व॒त्थो,1
विण्मा॑रु॒तो,1
विण्म॒रुतो,1
विततः,1
विततिर्बोधजलधेः,1
वितरती,1
वितरिष्यति,1
वितरीतुं,1
वितानेशे,1
वितामहम्,1
वितु॒दये॑,1
वितेनिरे,1
वित्तम्,1
वित्ताभावे,1
वित्रस्तमनसोऽभवन्,1
वित॑तं॒,1
वित॑तावजू॒र्यौ,1
वित॑न्वन्तम्,1
वित॒रं,1
वित॒स्थुः,1
विथौ,1
विदग्धस्तु,1
विदधदात्मनः,1
विदधातोरर्थभेदे,1
विदधान,1
विदधानो,1
विदधाम्यहम्,1
विदां,1
विदा॑नस्त्वे॒षो,1
विदिततत्त्वमहं,1
विदितेस्मिन्,1
विदित्वा,1
विदीर्यन्ते,1
विदुरं,1
विदुर्बुधाः,1
विदुर्ब्राह्मणा,1
विदुर्ब्राह्मणां,1
विदुषाऽऽचार्या,1
विदेशात्,1
विदेशेषु,1
विद्धः,1
विद्धात्मनोपि,1
विद्धि॑,1
विद्धुक्तो,1
विद्ब्रा॒ह्मणः,1
विद्मः,1
विद्मस्सर्वे,1
विद्म॒नाप॑सम॒स्मिन्,1
विद्यतेइत्यादिश्लोकेन,1
विद्यमान,1
विद्यमानत्वादिति,1
विद्यमानभेदा,1
विद्यमानस्य,1
विद्यमानायाः,1
विद्यमाने,1
विद्यां,1
विद्याकलायां,1
विद्याकलावर्ति,1
विद्याख्येन,1
विद्यातत्व,1
विद्यातत्वपर्यन्ता,1
विद्यातत्वादिपत्वम्,1
विद्यातत्वाय,1
विद्यात्प्रदक्षिणं,1
विद्यादणिमाद्यष्टसिद्धिदम्,1
विद्यादनन्तादिपदस्थिति,1
विद्यादि,1
विद्याधरः,1
विद्याधराख्येन,1
विद्याधराद्या,1
विद्याधराहि,1
विद्याधिपतिरष्टमः,1
विद्याधिपादयः,1
विद्याधिपेशौ,1
विद्यान्त,1
विद्यान्तं,1
विद्यान्तः,1
विद्यान्तश्च,1
विद्यान्नरं,1
विद्यापि,1
विद्याभिषेकेण,1
विद्याभिषेकेणाचार्य,1
विद्याभ्यासं,1
विद्यामपान्तरतमाय,1
विद्याया,1
विद्यायामस्यां,1
विद्यायामेव,1
विद्यारागप्रकृतयो,1
विद्यारागाव्यक्तानामुद्भव,1
विद्यार्थिभिः,1
विद्यालय,1
विद्यालयं,1
विद्यालयतः,1
विद्यालयाः,1
विद्यालयान्,1
विद्यालयीय,1
विद्याविनय,1
विद्याशक्ति,1
विद्याशक्तिशिवप्रोक्तं,1
विद्याशान्तिः,1
विद्याशान्तिश्च,1
विद्याशान्तिस्तथैव,1
विद्यासिद्धिः,1
विद्यास्तेन,1
विद्यास्त्नानमप्यस्य,1
विद्युतः,1
विद्युता,1
विद्युद्भ्योऽफ्सरोभ्य,1
विद्युद्वधमेवाहं,1
विद्युन्मालिन,1
विद्ये,1
विद्येति,1
विद्येशत्वं,1
विद्येशत्वादि,1
विद्येशश्च,1
विद्येशानां,1
विद्येशानाह,1
विद्येशानुक्त्वा,1
विद्येशानेन,1
विद्येश्वर,1
विद्येश्वरः,1
विद्येश्वरत्वेन,1
विद्येश्वरशक्तय,1
विद्येश्वरसंहिता,1
विद्येश्वरसंहितायां,1
विद्येश्वरा,1
विद्येश्वराणामवस्थितिमाह,1
विद्येश्वराश्च,1
विद्य॑ते,1
विद्रुते,1
विद्रुमलिङ्गं,1
विद्वद्भिर्गुरु,1
विद्वन्मध्यमा,1
विद्वान्न,1
विद्वान्योत्स्यमानोऽस्मि,1
विद्वेश्वरे,1
विधं,1
विधत्तेः,1
विधयेऽष्टविध,1
विधयो,1
विधर्मिता,1
विधा,1
विधाः,1
विधातव्या,1
विधातुः,1
विधानतः,1
विधानमंडलः,1
विधानम्,1
विधानस्योत्कर्ष,1
विधानेन,1
विधावेतत्,1
विधि,1
विधिं,1
विधिदृष्टानि,1
विधिदृष्टेन,1
विधिनिर्णयः,1
विधिनिर्णयस्य,1
विधिम्,1
विधिर्ज्ञेयः,1
विधिवत्पश्चाज्जुहुयात्प्रत्यहं,1
विधिवत्सम्भृतं,1
विधिवत्सहदेवजः,1
विधिवद्,1
विधिसद्भावादित्यस्य,1
विधिस्,1
विधिस्नानफलं,1
विधीनपि,1
विधीयन्त,1
विधूयमानःपत्रान्तलग्नतुहिनानि,1
विधृ॑ते,1
विधे,1
विधेमान्यत्रास्मदघविषा,1
विधेयानि,1
विधेयीकृतं,1
विधेरवन्ध्ये,1
विधेशत्वेन,1
विधौ,1
विध्यतस्ततोऽल्परस्मिन्,1
विध्यां,1
विध्वस्तः,1
विध॑र्मण,1
विध॑र्मण॒,1
विनतां,1
विनद्य,1
विननाद,1
विनमनमङ्गानां,1
विनयप्राकृते,1
विनयात्,1
विनयावनतः,1
विनष्टदृष्टेर्भ्रमतीव,1
विनात्मनो,1
विनादो,1
विनाधिकरणेनान्यत्,1
विनाप्यनुपदमेव,1
विनाप्य्,1
विनायः,1
विनाशहेतुकानि,1
विनाशाद्,1
विनाशिता,1
विनाशित्वं,1
विनाशी,1
विनाशेन,1
विनाऽनभिव्यक्तेरनादिना,1
विनाऽनुत्पत्तेः,1
विनाऽप्यनुमानेनाऽनुमीयत,1
विनाऽऽत्मनां,1
विनिक्षिप्य,1
विनिमयगतिवर्धनाय,1
विनिमयङ्कर्तुं,1
विनिमातव्यानीती,1
विनियुज्य,1
विनियोग,1
विनियोगं,1
विनियोगभेदश्च,1
विनियोगोऽभिधीयते,1
विनिर्गतम्,1
विनिर्दहेत्,1
विनिर्भीद्या,1
विनिवारयितुं,1
विनिवृत्तये,1
विनिवृत्त्यै,1
विनिष्कान्तं,1
विनिष्कासय,1
विनिष्क्रान्तं,1
विनेति,1
विन्,1
विन्दति,1
विन्यसेदित्यर्थः,1
विन्यसेदेवतान्,1
विन्यसेद्गुरुः,1
विन्यसेद्यथा,1
विन्यसेद्विग्रहे,1
विन्यसेद्विद्यामायां,1
विन्यस्ता,1
विन्यस्तानि,1
विन्यस्याथ,1
विन्यास,1
विन्सू,1
विन॑नादा॒भिधा॑वः,1
विपक्वः,1
विपक्षीयानां,1
विपक्षे,1
विपचेदायसे,1
विपणं,1
विपणिजीविनः,1
विपद्भिः,1
विपद्यते,1
विपरिमोहिता,1
विपरीत,1
विपरीतानि,1
विपरीते,1
विपर्ययरूपो,1
विपर्ययस्तमोमोहमहामोहतामिस्रान्धतामिस्र,1
विपर्ययात्,1
विपर्यासाद्,1
विपाककालालाभाच्चिरमवस्थानम्,1
विपाशां,1
विपुलतरोद्गतश्रमार्तौ,1
विपुलान्या,1
विप्रः,1
विप्रकारः,1
विप्रकृष्टं,1
विप्रणश्यति,1
विप्रत्वं,1
विप्रथयन्तु,1
विप्रनष्टां,1
विप्रप्रसादाद्धरणीधरोऽहंविप्रप्रसादादसुराञ्जयामि,1
विप्रयुक्ता,1
विप्रर्षिरवोचत्कुशिकं,1
विप्रर्षे,1
विप्रस्ततोऽहं,1
विप्रस्तु,1
विप्रा,1
विप्राणां,1
विप्रायासुरये,1
विप्रा॒,1
विप्रीणानार्था,1
विप्रेभ्यो,1
विप्रे॑ण॒,1
विप्रैर्,1
विप्रो,1
विप्रो॑,1
विप्रो॒,1
विप्र॑हर॒न्ति,1
विबद्धं,1
विबुधश्रेष्ठ,1
विबुधास्तं,1
विबुध्यते,1
विभक्तिवि॑परी॒ताः,1
विभजति,1
विभज्योच्यत,1
विभागः,1
विभागश्च,1
विभागस्य,1
विभागोऽयं,1
विभाजनं,1
विभाजिते,1
विभाति,1
विभावयितुं,1
विभावसुम्,1
विभावेवं,1
विभाव्यः,1
विभासस्य,1
विभास्वत्,1
विभा॒सः,1
विभिन्न,1
विभिन्नानाम्,1
विभिन्नेभ्यः,1
विभीषणम्,1
विभीषणे,1
विभुतैव,1
विभुत्वमायाति,1
विभुत्वात्कर्मभिस्तथा,1
विभुत्वे,1
विभुम्,1
विभुर्ऋषयस्तत्प्रचोदिताः,1
विभुर्नित्य,1
विभुस्स,1
विभूतिगुणानाञ्च,1
विभूतिद्वादशीव्रतं,1
विभूतिभूषिताङ्गौ,1
विभूतिरव्ययः,1
विभूतिरूपः,1
विभूतिर्,1
विभूतिस्त्रिविधां,1
विभूतीनां,1
विभूत्याभ्यर्चनं,1
विभूषितम्,1
विभूषिताम्,1
विभू॑मन,1
विभू॑मन॒,1
विभू॑मा॒न्तरि॑क्षमे॒वाभि,1
विभेत्तुमर्हस्यमलोक्तिभिस्त्वम्,1
विभोः,1
विभ्यतस्ततोऽप्यु,1
विभ्रमभरं,1
विभ्रश्चान्द्री,1
विमथ्ना॒ना,1
विमर्शः,1
विमर्शने,1
विमर्शविधुराणां,1
विमर्शात्मकः,1
विमर्शाभ्यां,1
विमलं,1
विमला,1
विमलात्मना,1
विमलायां,1
विमलेशोट्टहासश्च,1
विमानात्,1
विमानादचिरादिव,1
विमाने,1
विमिश्रितम्,1
विमुक्तः,1
विमुक्तकेशं,1
विमुक्तदेहाद्यात्मभाव,1
विमुक्तये,1
विमुक्ति,1
विमुक्तिरित्युच्यते,1
विमुखेभ्यः,1
विमुच्यते,1
विमुञ्चति,1
विमुञ्चन्ती,1
विमुह्यति,1
विमु॒ञ्च,1
विमूढचित्ताः,1
विमोक्तुम्,1
विमोक्षणम्,1
विमोक्षरञ्च,1
विमोक्षाय,1
विमोक्षितौ,1
विमोचनाय,1
विमोहाचारतिरपज्वरामता,1
वियुक्ताः,1
वियुग्भिर्वायविह,1
वियोक्ता,1
वियोगः,1
वियोगस्य,1
वियोजितश्,1
विरचित,1
विरचितवरुण,1
विरचितवान्,1
विरचिता,1
विरज्यताम्,1
विरमन्ति,1
विरमेत्पक्षिणीं,1
विरलं,1
विरसः,1
विरहम्मि,1
विरहविहितमरणेन,1
विराध,1
विराधवध,1
विरामः,1
विरुद्धतामुद्भावयन्,1
विरुद्धतोद्भावनेनैव,1
विरुद्धहे,1
विरुद्धानि,1
विरुद्धानैकान्तिकयोः,1
विरूक्षणार्थं,1
विरूपाक्षं,1
विरूपाक्षो,1
विरू॑पाः॒,1
विरेचयेत्,1
विरोचते,1
विरोधकमित्यर्थः,1
विरोधकम्,1
विरोधश्च,1
विरोधात्,1
विरोधाभावात्,1
विरोधार्थत्वम्,1
विरोधित्वेन,1
विरोधी,1
विरोधे,1
विरोधेन,1
विरो॒के,1
विलक्षणम्,1
विलक्षणाः,1
विलक्षवैद्योपदिश्यमानपथ्याहरणावहितपौरोगवे,1
विलङ्घनदोषेण,1
विलङ्घनात्,1
विलपन्,1
विलपन्ति,1
विलपन्तीं,1
विलपन्त्यां,1
विलम्बनम्,1
विललापेति,1
विलसिद्धयः,1
विलापः,1
विलीनाः,1
विलीने,1
विलुण्डकाय,1
विलुप्तकान्तिमहिमा,1
विलेपनैश्च,1
विलोक्य,1
विलोक्यत,1
विलोचन,1
विलोचनमिदं,1
विलोचनाख्यानेदीक्षा,1
विलोमता,1
विलोमताः,1
विल॒बम्,1
विवक्षितः,1
विवक्षितत्वात्,1
विवक्षिताः,1
विवरं,1
विवरणानि,1
विवरणेन,1
विवर्जितः,1
विवर्जितम्,1
विवर्जिता,1
विवर्णा,1
विवर्णाः,1
विवर्तते,1
विवर्ती,1
विवस्थिताः,1
विवस्वा,1
विवाहं,1
विवाहश्च,1
विवाहहेतोस्तस्याथ,1
विवाहादौ,1
विवाहार्थं,1
विविक्तः,1
विविक्तदृग्भिस्तदु,1
विविक्तम्,1
विविक्ता,1
विविक्ताकारेण,1
विविक्ताऽतो,1
विविधकक्ष्याः,1
विविधगुरुत्वबलानि,1
विविधप्रबन्धान्,1
विविधभागेषु,1
विविधलोहानां,1
विविधशक्ति,1
विविधस्तराणां,1
विविधाकारा,1
विविधाकारेषु,1
विविधान्,1
विविधोष्णाः,1
विविधौषधिधूलिधूसरितशरीरया,1
विविशुः,1
विवि॑चि,1
विवृक्णशीर्ष्णां,1
विवृतागमौ,1
विवृतिस्तासामियं,1
विवेकजं,1
विवेकज्ञानात्,1
विवेकज्ञानाऽभ्यासरूपो,1
विवेकतः,1
विवेकम्,1
विवेकश्च,1
विवेकानन्दः,1
विवेकाभावप्रसङ्गाच्च,1
विवेकेन,1
विवेको,1
विवेज्ञानलकर्मादिमनोव्यापारमात्रता,1
विव्याच,1
विव्रियते,1
विव॑धीत्,1
विश,1
विशतिश्च,1
विशतिसेश्वरम्,1
विशद,1
विशदकदम्बतले,1
विशदा,1
विशदीकृतम्,1
विशन्ति,1
विशब्दनं,1
विशब्दनपर्युदासो,1
विशब्दनार्थकत्वान्नेण्निषेध,1
विशरणामाशु,1
विशारदान्,1
विशालः,1
विशालपीठं,1
विशालाक्ष,1
विशालाक्षं,1
विशाली,1
विशालेऽस्मिन्,1
विशिखाः,1
विशिष्ट,1
विशिष्टः,1
विशिष्टगुणयोगिनां,1
विशिष्टज्ञानं,1
विशिष्टधर्मसंस्कारसमुद्दीपितचेतसाम्,1
विशिष्टप्रतीतिनियामकत्वम्,1
विशिष्टरूपत्वाद्विज्ञानमिति,1
विशिष्टव्याख्यास्य,1
विशिष्टशिल्पनिपुणैः,1
विशिष्टस्वरूपाभिव्यक्तिमात्र,1
विशिष्टात्मगुणप्रायम्,1
विशिष्टो,1
विशी,1
विशुक्रो,1
विशुद्धविज्ञानघने,1
विशुद्धात्मा,1
विशुद्धाय,1
विशुद्धिस्तु,1
विशुद्धे,1
विशुष्यते,1
विशेषं,1
विशेषघटना,1
विशेषज्ञं,1
विशेषज्ञो,1
विशेषण,1
विशेषणं,1
विशेषणतयोपस्थितो,1
विशेषणत्वमेवेन्याहुः,1
विशेषणप्रयोजनं,1
विशेषणमप्रधानम्,1
विशेषणम्,1
विशेषणविशेष्यत्वव्यपदेशस्य,1
विशेषणविशेष्यरूपाणां,1
विशेषणाच्च,1
विशेषणात्,1
विशेषणेन,1
विशेषपूजाम्,1
विशेषयितुं,1
विशेषरूपैर्गन्धादिभिर्गुणैरगृहीतैर्विशेष्यायां,1
विशेषवचनेनात्मप्रसादात्तरतीत्यर्थपरतया,1
विशेषस्य,1
विशेषा,1
विशेषाच्छुक्रवीक्षितः,1
विशेषादेव,1
विशेषाधिष्ठानादित्यविरोधः,1
विशेषानधिकरणं,1
विशेषेणाभिधाय,1
विशेषेणेति,1
विशेषोक्तिस्तरतिशोकमित्यादि,1
विशेषोदीत्याह,1
विशेषोपादानार्थं,1
विशेष्यतासंबन्धेनेदंत्वावच्छिन्नविशेष्यताकबोधः,1
विशेष्यत्वदाकमेवेति,1
विशे॒षणम्,1
विशोधिते,1
विशो॒,1
विश्प॑ते,1
विश्प॑ते॒,1
विश्येषाख्यमनुग्रहं,1
विश्रमायाऽवतिष्ठते,1
विश्रमार्थं,1
विश्रवसः,1
विश्रान्तः,1
विश्रान्तमभून्मनः,1
विश्रान्तिस्थानम्,1
विश्रुतः,1
विश्रुताम्,1
विश्लेषं,1
विश्व,1
विश्वकर्मकृत्,1
विश्वकर्मणा,1
विश्वकर्म॒न्,1
विश्वगोऽव्ययः,1
विश्वचर्,1
विश्वटेस्ट्,1
विश्वटेस्ट्क्रिकेट्,1
विश्वतरणिः,1
विश्वदा॒वस्य॑,1
विश्वदेव्य,1
विश्वनाथकृतिषु,1
विश्वनाथसत्यनारायणम्,1
विश्वमहा,1
विश्वमिन्व॒,1
विश्वमूर्त्ते,1
विश्वराष्ट्राणां,1
विश्ववरेण्यव्यक्तीनां,1
विश्ववार,1
विश्ववारे,1
विश्वविद्यालय,1
विश्वविद्यालयः,1
विश्वविद्यालयानाम्,1
विश्वविद्यालयेभ्यः,1
विश्वविद्यालयेषु,1
विश्वविश्वेश्वरं,1
विश्वसम्मेलनस्य,1
विश्वस्तरीय,1
विश्वस्तानां,1
विश्वस्यते,1
विश्वहिङ्गूनां,1
विश्वाः,1
विश्वात्मा,1
विश्वात्मानं,1
विश्वानर्थान्यस्वेन,1
विश्वानि,1
विश्वान्,1
विश्वामित्रजमद॒ग्नी,1
विश्वामित्रसहायत्वं,1
विश्वामित्रस्य,1
विश्वास,1
विश्वासभूमिं,1
विश्वासमतदानं,1
विश्वासाभावात्,1
विश्वा॑नि,1
विश्वा॑नि॒,1
विश्वा॑वतो॒,1
विश्वा॒साहं॒,1
विश्वेश्वरं,1
विश्वे॑भिः,1
विश्वे॑भिर्दे॒वेभिः॒,1
विश्वे॑षु॒,1
विश्वै,1
विश्वैर्गणैः,1
विश्वो,1
विश्वोद्भवस्थितिलयादिषु,1
विश्वोपाक्षनात्मनका,1
विश्वोपादानयोनिरपि,1
विश्व॑मप्स॒रसो॒,1
विश्व॑लोप,1
विश्व॑स्मि॒न्भरे॒,1
विश्व॑स्मै,1
विश्व॑स्य॒,1
विश्व॒भृतः॑,1
विश्व॒भृथ्सु॒,1
विश्व॒म्भुव॑नं,1
विश॒न्त्वम्,1
विषक्षयवदिति,1
विषग्रन्धेर्मारकत्व,1
विषणाय,1
विषनिर्हरं,1
विषमं,1
विषमेषु,1
विषमो,1
विषयक,1
विषयतां,1
विषयतायाः,1
विषयतृष्णां,1
विषयत्वमधिकरणत्वं,1
विषयत्वादिति,1
विषयत्वेन,1
विषयत्वेनोपस्थापयति,1
विषयत्वेनोपस्थापयन्तीत्यर्थः,1
विषयदोषादेव,1
विषयनियमसिद्धिरिति,1
विषयनियमस्य,1
विषयनियमे,1
विषयनियमेऽभ्युपगम्यमाने,1
विषयभेदमाह,1
विषयभेदादाह,1
विषयभेदेन,1
विषयमुक्त्वा,1
विषयरूपेण,1
विषयवचनमिति,1
विषयविशेषावधारणोपायत्वेनेत्यर्थः,1
विषयविशेषेति,1
विषयसंवेदनात्मनोऽनुभवस्य,1
विषयसङ्गिनां,1
विषयसङ्गिनाम्,1
विषयाकारमात्मानमविविक्ता,1
विषयाकारो,1
विषयाध्यवसायरूपत्वाद्,1
विषयाध्यवसायहेतुत्वात्,1
विषयानुबन्धमन्तरेणानिर्णयात्,1
विषयानुभवप्रकारः,1
विषयानुभवप्रकारमाह,1
विषयान्,1
विषयाभिलाषपीडिताः,1
विषयाल्लोकान्,1
विषयित्वं,1
विषयित्वमलच्छन्नसर्वज्ञानक्रियो,1
विषयित्वस्य,1
विषयित्वाख्यभोक्तृत्वस्य,1
विषयित्वाख्येन,1
विषयीकरणादचेतन,1
विषयीकृतं,1
विषयीक्रियमाणाः,1
विषयेकरभ्यतां,1
विषयेतेन्यथा,1
विषयेष्वनुरञ्जकम्,1
विषयेस्मिन्,1
विषयैरापूर्य,1
विषयोपपादकत्वं,1
विषयोपपादकत्वरूपं,1
विषयोपरागोऽप्यस्य,1
विषयोपस्थापकत्वेनोपयोगात्,1
विषा,1
विषाणाय,1
विषादः,1
विषादनः,1
विषादेन,1
विषापहारं,1
विषा॑दी,1
विषि॑तं॒,1
विषीदः,1
विषुवायनग्रहणयोर्दीक्षा,1
विषू॑ची॒ममी॑वा॒,1
विषे,1
विषोष्मणा,1
विष्कम्भशैलांस्तद्वच्च,1
विष्टम्यधाम्ना,1
विष्टस्याहितुण्डिका,1
विष्टितो,1
विष्ट॑भि॒तोऽय॑ज्वनः,1
विष्ट॒म्भाय॒,1
विष्ट॒म्भो॑,1
विष्णवीशांशके,1
विष्णुः॑,1
विष्णुः॒,1
विष्णुदैवत्यं,1
विष्णुनोक्तं,1
विष्णुपादसम्बन्धि,1
विष्णुपुराणेऽपि,1
विष्णुभक्तेभ्यो,1
विष्णुभागे,1
विष्णुमावाह्य,1
विष्णुरत्र,1
विष्णुरिन्द्रं,1
विष्णुरिन्द्रमभाषत,1
विष्णुरूपयो,1
विष्णुर्बालभावेन,1
विष्णुर्वै,1
विष्णुलोकस्याप्युपरि,1
विष्णुलोकान्न,1
विष्णुश्च,1
विष्णुसोमसमायुतम्,1
विष्णुस्तस्मात्सदस्यृक्षामाभ्यां,1
विष्णु॑रुरुगा॒यो,1
विष्णु॑र्य॒ज्ञमे॒वाक॒र्विष्णो॒,1
विष्णु॑र्य॒ज्ञमे॒वारभ्य॒,1
विष्णु॑र्य॒ज्ञेनै॒व,1
विष्णु॒स्त्वानु॒,1
विष्णु॒स्त्वाम्,1
विष्णोरित्यस्यान्यार्थतावर्णनादिति,1
विष्णोरिन्द्रादीनां,1
विष्णोर्द्सशावतारमूर्तयः,1
विष्णो॒,1
विष्णो॒रिन्द्र॑स्य॒,1
विष्णो॒र्,1
विष्ण॑वुरुक्रमै॒ष,1
विष्ण॑वे,1
विष्ण॑वे॒ते,1
विष्वक्पथस्थः,1
विष्वक्सेनः,1
विष्वक्सेनो,1
विष्वावसंभवश्चेत्यर्थः,1
विष्व॑ञ्चो॒,1
विष्व॒ग्वात॑जूतासो,1
विसं,1
विसञ्ज्ञा,1
विसण्ण,1
विसर्गं,1
विसर्गपर्यन्तं,1
विसर्गाद्वा,1
विसर्गानन्द,1
विसर्गान्मेघा,1
विसर्जितास्मि,1
विसर्पिण,1
विसर्पेवाऽष्ट॑मोऽग्नी॒नाम्,1
विसर्पोऽनुसर्पति,1
विसा॒रे,1
विसूचिश्च,1
विसृज्येह,1
विसृष्टिं,1
विस्क्तोभयसंसारादुपादेयमपेक्ष्यते,1
विस्तरं,1
विस्तरतो,1
विस्तरत्वात्,1
विस्तरेणाभिहितः,1
विस्तरेणावसेयं,1
विस्तरेणास्माभिर्मृगेन्द्रवृत्तिदीपिकायां,1
विस्तारं,1
विस्तारः,1
विस्तारगणनोज्झितः,1
विस्तारम्,1
विस्तारार्धेन,1
विस्तारेण,1
विस्तारो,1
विस्तृतेः,1
विस्तृतेनवमांशतः,1
विस्मयः,1
विस्मितः,1
विस्मिताऽभवम्,1
विस्मृतमेतत्पूर्वपक्षदशायामस्माभिः,1
विस्स्द्,1
विस॑र्पी,1
विहन्यसे,1
विहरतां,1
विहरन्ति,1
विहस्ततया,1
विहित,1
विहितः,1
विहितगरिमभरे,1
विहितमेवायं,1
विहितया,1
विहिताः,1
विहितेनैव,1
विहि॑तानि,1
विहीनश्च,1
विहीनस्तु,1
विह्वलं,1
वि॑चिन्व॒तीमा॑कि॒रन्ती॑मप्स॒रां,1
वि॑जानी॒यात्,1
वि॑जा॒नाथ्स॑वि॒तुः,1
वि॑दित्वै॒व,1
वि॑धृते॒,1
वि॑धेमे॒ति,1
वि॑भो,1
वि॑मथ्नी॒रन्,1
वि॑श,1
वि॑श्वकर्मन्न्,1
वि॑षू॒वर्णैः,1
वि॑ष्पुलिङ्ग॒का,1
वि॒घातु॑को,1
वि॒चा॒कश॑च्च॒न्द्रमा॒,1
वि॒च्छिद्य॑मानमध्व॒र्योः,1
वि॒ज्ञानं॑,1
वि॒ज्ञाने॑न,1
वि॒दथा॑,1
वि॒दुः,1
वि॒दुषो॒,1
वि॒देर्गौ॑प॒त्य,1
वि॒द्म,1
वि॒द्यादित्य॑मावा॒स्या॑या,1
वि॒द्युतो,1
वि॒द्युतो॑॑ऽफ्स॒रसो॒,1
वि॒द्युत्,1
वि॒द्युथ्सूर्ये॑,1
वि॒द्युदिति॑,1
वि॒द्युन्मि॑माति,1
वि॒द्युन्म॑हसो॒,1
वि॒द्वा,1
वि॒द्वानथ॑,1
वि॒द्वान्थ्सोमे॑न॒,1
वि॒द्वान्थ्स॑म॒रे,1
वि॒द्वान्दे॑वासु॒रानु॑भ॒यान्,1
वि॒द्वान्प्र॑तिगृ॒णात्य॑न्ना॒द,1
वि॒द्वान्म॒न्थिनः॑,1
वि॒द्वाम॑क्र॒न्तस्मा॒त्तेषा॒,1
वि॒धान्या॑मेकाष्ट॒काया॑मपू॒पं,1
वि॒धाय॒,1
वि॒न्दते॒,1
वि॒परा॑पतन्न्,1
वि॒पश्यन्न्॑,1
वि॒पां,1
वि॒पृचः॒,1
वि॒प्रस॑न्ने,1
वि॒प्रुड्भ्यो॒,1
वि॒प्रुषो॑,1
वि॒भुर्वि॒भावा॑,1
वि॒भ्राज॑माना॒,1
वि॒यन्ति॑,1
वि॒यूय॑,1
वि॒राजम्,1
वि॒राज॒मा,1
वि॒राट्,1
वि॒राट्छन्दो,1
वि॒राडन्नं॑,1
वि॒राड्वि॒राज्ये॒वान्नाद्ये॒,1
वि॒राड्वि॒राज॑मे॒वाप्त्वेष्ट॑कां,1
वि॒वस॑नः,1
वि॒वेशा॑ऽप॒राजि॑ता,1
वि॒शः,1
वि॒शा,1
वि॒शाम॒ग्नि,1
वि॒शि॒खासः॑,1
वि॒शेष॑णम्,1
वि॒शे॒ष॒णं,1
वि॒श्पत्नि॑यै,1
वि॒श्य॑स्मिन्,1
वि॒श्वकृ॑ष्टयः,1
वि॒श्वक॑र्मणे॒,1
वि॒श्वच॑र्षणिम्,1
वि॒श्वत॒स्परीन्द्रं॒,1
वि॒श्वदे॑वाय॒,1
वि॒श्वदे॑वेभ्यस्त्वा॒,1
वि॒श्वदे॑व॒,1
वि॒श्वद॑र्शतं,1
वि॒श्वद॑र्शतः,1
वि॒श्वरू॑पा॒,1
वि॒श्वरू॑पैरि॒हाऽऽग॑ताम्,1
वि॒श्वरू॑प॒मुप॑,1
वि॒श्ववे॑दा॒,1
वि॒श्वव्य॑चा॒,1
वि॒श्वव॑सु॒मिति॑वि॒श्वऽव॑सुं,1
वि॒श्वश॑म्भूः,1
वि॒श्वसा॑मा॒,1
वि॒श्वस्य॑,1
वि॒श्वाव॑सुंसोम,1
वि॒श्व॒रू॒पाणि॑,1
वि॒षस्य॒,1
वि॒ष्णुना॑,1
वि॒हाय॑साम्,1
वीऌउ,1
वीक्षणीयस्थलानि,1
वीक्षते,1
वीक्षमाणाः,1
वीक्ष्यजन्तून्,1
वीगतिव्याप्तिप्रजन,1
वीजम्,1
वीजयन्त्या,1
वीणा॑पणव॒लासि॑तम्,1
वीणिनौ,1
वीततपसाऽघोरादिना,1
वीतये,1
वीतरागतः,1
वीतरागा,1
वीतरागाभावप्रसङ्ग,1
वीत॒,1
वीथीनां,1
वीथीमध्यात्,1
वीधातो,1
वीरं,1
वीरः,1
वीरकर्म,1
वीरकाः,1
वीरकुलं,1
वीरबीभत्सयाऽपि,1
वीरभद्रः,1
वीरभद्रो,1
वीरशेखरो,1
वीरस्तदा,1
वीरस्थाननिवासिनम्,1
वीरा,1
वीराणां,1
वीरासने,1
वीरासनेन,1
वीरास्त्वदीयाः,1
वीरो,1
वीर्यं,1
वीर्यम्,1
वीर्यवतां,1
वीर्यस्य,1
वीर्यात्त्रिभिर्दन्तैः,1
वीर्येति,1
वीर्योपपन्नानि,1
वीहि॒,1
वी॒तं,1
वी॒तस्य॒,1
वी॒थो,1
वी॒रः,1
वी॒रव॑त्तमम्,1
वी॒रव॑न्तो,1
वी॒रान्,1
वी॒रान्मा,1
वी॒रैः,1
वी॒रो,1
वी॒र्यम्,1
वी॒र्या॑णि,1
वी॒र्या॑येति॑,1
वी॒र्या॑य॒,1
वी॒र्या॑वता,1
वी॒र्ये॑ण,1
वी॒र्ये॑ण॒,1
वी॒र्य॑मवृङ्क्त॒,1
वी॒र्य॑मा,1
वी॒र्य॑मा॒दाय॒,1
वी॒र्य॑म्मा॒,1
वी॒र्य॑स्य,1
वी॒र्य॑स्यानि॑र्घाताय॒,1
वूसि,1
वृंदावनखण्ड,1
वृकदैत्यं,1
वृकोदरं,1
वृकोदराग्नेर्गुरुतेजसाऽऽपुः,1
वृक्षः,1
वृक्षनारीगवादीनां,1
वृक्षमुत्पाटयामास,1
वृक्षाः,1
वृक्षादि,1
वृक्षाय,1
वृक्षैरावृतकायाय,1
वृङ्क्ते,1
वृङ्क्त॒,1
वृच्छिरः,1
वृञ्जन्ति॒,1
वृताः,1
वृतायामनधिगतपशव,1
वृतोयः,1
वृत्तं,1
वृत्तचतुरश्रादिसंस्थानग्रहणपुरस्सरमेव,1
वृत्तम्,1
वृत्तयस्तु,1
वृत्तयस्त्विमाः,1
वृत्तयोऽतो,1
वृत्तित्वेनेष्टाः,1
वृत्तिभेदानाह,1
वृत्तिरित्याह,1
वृत्तिर्मतेर्मता,1
वृत्तिर्मनसि,1
वृत्तिषु,1
वृत्ते,1
वृत्तोऽर्धकोणास्र,1
वृत्त्यनुत्पत्तेः,1
वृत्त्यर्थे,1
वृत्त्यसम्भवात्,1
वृत्रमतरन्,1
वृत्रम्,1
वृत्र॒हा,1
वृद्धाजरातुरास्त्रियो,1
वृद्धादकेकान्त,1
वृद्धानामास्तिकानां,1
वृद्धावस्थायां,1
वृद्धे,1
वृद्धौ,1
वृधा,1
वृन्दाह,1
वृश्चन्ति,1
वृश्चाग्निं,1
वृश्चानिति,1
वृश्चामि,1
वृश्च्यते॒,1
वृश्च्येत॒,1
वृष,1
वृषः,1
वृषणश्व॑स्य,1
वृषदर्पं,1
वृषधरोनन्तः,1
वृषध्वजम्,1
वृषनाभं,1
वृषपतिं,1
वृषभं,1
वृषभस्थो,1
वृषभूतं,1
वृषभेक्षणम्,1
वृषभोदारं,1
वृषर्षभम्,1
वृषलराजपणिः,1
वृषलानां,1
वृषशरं,1
वृषशृङ्गं,1
वृषाकपिमुद्धृत्य,1
वृषाङ्कं,1
वृषाङ्कः,1
वृषादयस्त्वयो,1
वृषायुधं,1
वृषावर्तं,1
वृषा॑णौ॒,1
वृषो,1
वृष्टिं॑,1
वृष्टिं॒,1
वृष्टिः॑,1
वृष्टिम्,1
वृष्टि॑कामश्चिन्वीत,1
वृष्टि॑भिरि॒ति,1
वृष्टि॒सनी॑रुप॒दधा॑ति॒,1
वृष्टि॒सनी॒रुप॑,1
वृष्ट्या॑,1
वृष्ट्यै,1
वृष्णि॑यम्,1
वृष्णि॑यावतः,1
वृष्णि॑यावतस्त्रि॒,1
वृष्णे॑,1
वृष्णे॒,1
वृष्णो॒,1
वृष॑णे॒,1
वृष॒णा,1
वृष॒भः,1
वृष॒भमोष॑धीनाम्,1
वृष॒भस्य॑,1
वृष॒भो,1
वृ॑ङ्क्ते॒,1
वृ॑णीमहे,1
वृ॑श्चति,1
वृ॑श्च्येते,1
वृ॑षभ,1
वृ॑ष्टिं,1
वृ॑ष्टिरीर्ते,1
वृ॑हतं॒,1
वृ॑हन्तु,1
वृ॒क्षं,1
वृ॒त्रंसु॑दानवः,1
वृ॒त्रमह॑न्नमे॒ध्यं,1
वृ॒त्रश्च॑,1
वृ॒त्रस्यो॒ष्मा,1
वृ॒त्राण्य॑प्र॒ति,1
वृ॒त्र॒हण॑म्पुरंद॒रम्,1
वृ॒द्धश्र॑वा॒,1
वृ॒द्धौ,1
वृ॒श्चन्ति॒,1
वृ॒ष्टिम्म॑रुतो,1
वृ॒ष्टिरस॑र्जि,1
वृ॒ष्ट्या,1
वेगः,1
वेगवतः,1
वेङक्टराम,1
वेच्छाशक्तेरप्यन्तर्भावः,1
वेटत्यण्यन्तात्,1
वेड्कल,1
वेतनतो,1
वेतसे,1
वेत्ता,1
वेत्तृणाम्,1
वेत्यदिशति,1
वेत्यर्थ,1
वेत्यर्थः,1
वेत्रवत्याश्चलोर्मि,1
वेदधर्मप्रवीणस्त्वं,1
वेदनाभिः,1
वेदपाठः,1
वेदभागो,1
वेदमिमं,1
वेदयन्ते,1
वेदविदांवरः,1
वेदव्यासमकल्मषम्,1
वेदसिद्धं,1
वेदस्य,1
वेदांश्,1
वेदाग्निजं,1
वेदाथो॒,1
वेदादिकं,1
वेदाद्यै,1
वेदाध्ययने,1
वेदानीत्यथापः,1
वेदान्तज्ञाश्च,1
वेदान्तविदस्तत्राऽऽह,1
वेदान्तविद्याकरं,1
वेदान्ताखण्डैकरसचैतन्यस्वरूपप्रतिपादनेन,1
वेदान्तानि,1
वेदान्तिना,1
वेदान्तोपनिषद्,1
वेदावृत्त्या,1
वेदाश्चकितचकितं,1
वेदिं॒,1
वेदिकामध्यतो,1
वेदितव्यः,1
वेदिबद्धं,1
वेदिर्विहरणं,1
वेदि॑र्भवति,1
वेदि॒षदति॑थिर्दुरोण॒सत्,1
वेदेनोच्यत,1
वेदेऽस्मिन्वै,1
वेदैक,1
वेदैश्च,1
वेदै॒ष,1
वेदोपै॑नं,1
वेदोऽपि,1
वेद॑ना,1
वेद॒यिते,1
वेधसे,1
वेपथुश्चास्पृशद्भृशम्,1
वेपन्ति,1
वेपन्तीं,1
वेपमाना,1
वेब्सैट्,1
वेरु॒,1
वेरे,1
वेवरमतं,1
वेशं,1
वेश्मभूतोऽस्य,1
वेश्ममृतिहोरासु,1
वेषार्थत्वा,1
वेषैश्च,1
वेषो॑,1
वेष्टयन्ति॒,1
वेष्टितपटगतचित्ररूपवत्,1
वेष्टिते,1
वेष॑श्रिरसि॒,1
वेहतं,1
वे॑दय,1
वे॑वीर॒ञ्छो,1
वे॒दीं,1
वे॒धसे,1
वे॒वि॒दा॒म॒,1
वैकल्पयोगतः,1
वैकल्यान्न,1
वैकारिकाख्यादहङ्कारस्कन्धात्,1
वैका॒न्नवि,1
वैकृताद्,1
वैकृतैः,1
वैक॑ङ्कती,1
वैखर्यपि,1
वैखर्य्यन्चतस्रो,1
वैखानसैस्,1
वैचारिकता,1
वैचित्री,1
वैचित्र्यं,1
वैजयन्ती,1
वैज्ञानिकः,1
वैज्ञानिकानां,1
वैणवं,1
वैतदिति,1
वैताल,1
वैत्वङ्मा॒,1
वैदल्य,1
वैदल्यो,1
वैदिकाशशब्दाः,1
वैदिकैर्मन्त्रैस्तीर्थानावाहयेत्ततः,1
वैदेशिकविश्वविद्यालयानाम्,1
वैदेशिकविश्वविद्यालयेभ्यः,1
वैदेहीं,1
वैदे॒हः,1
वैद्यः,1
वैद्यविज्ञानेन,1
वैद्यव्यपारेणेवात्म,1
वैद्यस्य,1
वैद्युत,1
वैद्युताना,1
वैद्युतीना,1
वैद्युतो॑,1
वैद्यु॒तश्च॑,1
वैधेय,1
वैध्यी,1
वैनतेया,1
वैनयिकाः,1
वैनयिकेभ्यः,1
वैपरीत्यस्यापि,1
वैप्लविकान्दोलननिमित्तम्,1
वैफल्यस्य,1
वैफै,1
वैमनस्यस्य,1
वैयाकरण,1
वैयात्यं,1
वैय्यधिकरन्यापातात्,1
वैरवा,1
वैरागे,1
वैराग्यमनन्तजन्ममरण,1
वैराग्यमिति,1
वैराग्यलक्षणं,1
वैराग्यलक्षणा,1
वैराग्यलक्षा,1
वैराग्यवताम्,1
वैराग्यादकृतार्थस्यापि,1
वैराग्येण,1
वैरा॒ज,1
वैरू॒प,1
वैरेण,1
वैर्मुण्ड्याः,1
वैलक्षण्यं,1
वैवक्षिकम्,1
वैवर्ण्यदौर्गन्ध्यमुपेक्षया,1
वैवर्ण्येन,1
वैवाह्येषु,1
वैशम्पायनः,1
वैशस,1
वैशेषिकप्रभृति,1
वैशेषिकादिभिराश्रयादन्यत्रो,1
वैशेषिस्त्व,1
वैश्यः,1
वैश्यवृत्तिं,1
वैश्या,1
वैश्याः,1
वैश्याया,1
वैश्रवणस्य,1
वैश्रव॒णः,1
वैश्रव॒णाय॑,1
वैश्वदेवं,1
वैश्वदेवः,1
वैश्वदे॒वम्प्रा॑तःसव॒नम॑कुर्वत,1
वैश्वदे॒वीमा॒मिख्षां,1
वैश्वानर,1
वैश्वानरयागप्ररोचनार्था,1
वैश्वानरस्यापरदिश्यस्य,1
वैश्वानरो,1
वैश्वान॒रम्पृश्नि॑यै,1
वैषम्यं,1
वैषम्येण,1
वैष्णव,1
वैष्णवं,1
वैष्णवतोषिणी,1
वैष्णवाः,1
वैष्णवानां,1
वैष्णवि,1
वैष्णवीं,1
वैष्णवो,1
वैस्याद्योमव्यापिने,1
वै॑खान॒साः,1
वै॑शम्पा॒यनः,1
वै॒तद्वा,1
वै॒द्युतो॑,1
वै॒द्युत॑,1
वै॒द्यु॒तस्य॑,1
वै॒व,1
वोचत्तां,1
वोच॒द्ब्रह्मा॑णि॒,1
वोदान्तार्थस्यैव,1
वोपसादितमल्पं,1
वोल्ड्,1
वोऽस्माकं,1
वो॑च॒,1
वो॒न्नीय॑,1
व्,1
व्प्रेन्द्रो,1
व्म्व्,1
व्यकाशन्त,1
व्यक्त,1
व्यक्तं,1
व्यक्तः,1
व्यक्तचेतनम्,1
व्यक्तमपि,1
व्यक्तमेतद्दशमे,1
व्यक्तम्,1
व्यक्तये,1
व्यक्तस्य,1
व्यक्तान्तराद्,1
व्यक्ताव्यक्तज्ञसम्बुद्धिः,1
व्यक्ताव्यक्तविषये,1
व्यक्ति,1
व्यक्तिकर्त्रनपेक्षस्य,1
व्यक्तित्वं,1
व्यक्तित्वम्,1
व्यक्तिस्थानत्वाद्,1
व्यग्रे,1
व्यङ्गारे,1
व्यङ्ग्यस्याऽऽत्मनः,1
व्यचेष्टन्त,1
व्यजयद्राजन्न,1
व्यज्ञापयत्,1
व्यज्यन्त,1
व्यञ्जकदीपाद्यभावादेव,1
व्यञ्जकापेक्षा,1
व्यञ्जकाभावादेव,1
व्यञ्जनार्थं,1
व्यञ्जयतीति,1
व्यतिकरमिममधृतिकरमशरणकृपणबहुयुवतिमरणमतिकरुणमत्रभवते,1
व्यतिरेकाभ्यां,1
व्यतिरेकेण,1
व्यतीते,1
व्यतीपाते,1
व्यत्ययेन,1
व्यत्यासं,1
व्यत्यासः,1
व्यत्यासात्,1
व्यथया,1
व्यथ॑यन्नि॒व,1
व्यदधात्पञ्चबीजां,1
व्यधात्,1
व्यनक्त्यस्य,1
व्यनदन्सुभैरवम्,1
व्यपोह्याग्रे,1
व्यभिचारज्ञानाऽभावसहितं,1
व्यभिचारनिराकृतिः,1
व्यभिचारशङ्कया,1
व्यभिचारो,1
व्यभिचारोऽत,1
व्ययं,1
व्ययेन,1
व्यर्थ,1
व्यर्थं,1
व्यर्थः,1
व्यर्थमित्यत,1
व्यर्थया,1
व्यवच्छेदयन्त्रेण,1
व्यवदाताना,1
व्यवदातीना,1
व्यवधानात्ततः,1
व्यवधानादिड्विकल्पस्य,1
व्यवरोपयति,1
व्यवसायात्मकम्,1
व्यवसायो,1
व्यवसा॒यया,1
व्यवसितं,1
व्यवसितम्,1
व्यवसि॑ता,1
व्यवस्थां,1
व्यवस्थानः,1
व्यवस्थाप्य,1
व्यवस्थायाः,1
व्यवस्थितम्,1
व्यवस्थितविषयत्वं,1
व्यवस्थितविषयत्वम्,1
व्यवस्थितौतयोश्चन्द्रसूर्ययोश्च,1
व्यवहरति,1
व्यवहरन्ति,1
व्यवहार,1
व्यवहारपदम्,1
व्यवहारमात्रमिति,1
व्यवहारो,1
व्यवहारोपयोग्यतया,1
व्यवहितः,1
व्यवहितत्वेन,1
व्यशीर्यन्त,1
व्यस्ताभ्याम्,1
व्यस्यन्न्॑,1
व्याकरण,1
व्याकरणप्रयोजनाभिप्रायं,1
व्याकरणशास्त्रस्य,1
व्याकुलत्वमेव,1
व्याख्यातः,1
व्याख्यातमघोर,1
व्याख्यातमाचार्यैः,1
व्याख्यातमिति,1
व्याख्यातव्य,1
व्याख्यातव्यः,1
व्याख्याताः,1
व्याख्यातुमाह,1
व्याख्यान,1
व्याख्यानमीरिता,1
व्याख्यानादिति,1
व्याख्यारूपं,1
व्याख्यास्यामः,1
व्याख्यास्ये,1
व्याघ्रचर्मांबरौ,1
व्याघ्रपादपदञ्जल्योर्नयनान्,1
व्याघ्रादयो,1
व्याघ्रायणा,1
व्याजेन,1
व्याधितात्मनः,1
व्याधिना,1
व्याधिर्हि,1
व्याधेर्मूलं,1
व्यान,1
व्यानस्य,1
व्यानेऽजोहवीत्,1
व्यापक,1
व्यापकत्वं,1
व्यापकत्वमवश्यमभ्युपेयम्,1
व्यापकत्वाच्चेतनत्वेन,1
व्यापकत्वात्,1
व्यापकत्वाऽसिद्धेरित्यभिप्रायेणाह,1
व्यापकत्वेनाभिव्यक्तिः,1
व्यापकभावेन,1
व्यापकस्य,1
व्यापकस्यात्मनो,1
व्यापकानि,1
व्यापकोऽभ्युपगन्तव्य,1
व्यापन्नचित्तो,1
व्यापारदं,1
व्यापारप्रदर्शनेन,1
व्यापारा,1
व्यापारो,1
व्यापारोऽस्मिन्,1
व्यापि,1
व्यापिका,1
व्यापिन्नित्यतिः,1
व्यापिन्यापिन्य्त,1
व्यापी,1
व्याप्त,1
व्याप्तः,1
व्याप्तवान्,1
व्याप्ता,1
व्याप्तां,1
व्याप्तानि,1
व्याप्तानिहकलमक्रमत्,1
व्याप्तान्तरं,1
व्याप्तास्तत्वैर्व्याप्तानि,1
व्याप्ति,1
व्याप्तिक्रमं,1
व्याप्तिक्रममाह,1
व्याप्तिग्रहजनकमिति,1
व्याप्तिग्रहात्मकस्याऽभावात्,1
व्याप्तिज्ञानजनकं,1
व्याप्तितो,1
व्याप्तिपक्षधर्मते,1
व्याप्तिप्रकाशे,1
व्याप्तिभेदक्रमेणैव,1
व्याप्तिर्भावनीयेति,1
व्याप्तिर्यथा,1
व्याप्तिर्लिङ्गवदीरिता,1
व्याप्तिर्लिङ्गेन,1
व्याप्तिस्तत्वत्रिखण्डगातत्र,1
व्याप्तिस्तत्वादितः,1
व्याप्नुवते,1
व्याप्नोति,1
व्याप्नोत्,1
व्याप्यत्वापत्या,1
व्याप्यव्यापकभावगा,1
व्यायामङ्कुर्यां,1
व्यायामङ्कृत्वा,1
व्यायामात्पूर्वं,1
व्यायामादुपजायते,1
व्यालाहारस्य,1
व्यावर्तने,1
व्यावर्ते,1
व्यावसायिकीसंरचनायाः,1
व्यावृ॑त्त्या,1
व्यावृ॑त्त्यै,1
व्यास,1
व्यासं,1
व्यासभाष्यम्,1
व्यासस्तु,1
व्यासेन,1
व्यासो,1
व्यासोऽवततार,1
व्याहरन्त्या,1
व्याहृतिभिः,1
व्या॑यन्,1
व्या॒नं,1
व्युत्थाय,1
व्युषिताश्व,1
व्युषिताश्वस्ततो,1
व्युषिताश्वस्य,1
व्यु॑,1
व्यु॑त्ते,1
व्यु॑नत्ति॒,1
व्यूढवक्षा,1
व्यूहोऽवकाशदानं,1
व्यूहोऽवयवघटनं,1
व्यृ॑द्धं,1
व्यृ॑द्धं॒,1
व्यृ॑द्धेन॒,1
व्यृ॑द्ध॒मपि॑,1
व्ये,1
व्ये॑ति॒,1
व्योमग्नि,1
व्योमधराय,1
व्योमनी,1
व्योमपदं,1
व्योमपीठगम्,1
व्योमयानं,1
व्योमरूपाय,1
व्योमरूपिणी,1
व्योमलिङ्गकं,1
व्योमवर्गे,1
व्योमस्थितैर्देवैर्ब्रह्माद्यैर्नतमस्तकैः,1
व्योमाता,1
व्योमान्तानां,1
व्यो॑मन्नि॒ति,1
व्यो॑मन॒,1
व्यो॑मे॒मामे॒वाभि,1
व्य॑क्राम॒न्थ्सो,1
व्य॑नित्य॒मृतं॒,1
व्य॑भज॒थ्स,1
व्य॑यन्तां॒,1
व्य॑र्धयति॒,1
व्य॑वदा॒ताः,1
व्य॑ष्टभ्ना॒द्रोद॑सी॒,1
व्य॑स्यामोष॑धयो,1
व्य॒थते,1
व्रज,1
व्रजं,1
व्रजकः,1
व्रजन्त्यमी,1
व्रजादीनां,1
व्रजेत,1
व्रज॒ख्षितः॑,1
व्रणपीडितः,1
व्रतचर्यारतस्य,1
व्रतञ्चरेत्,1
व्रतदेहाः,1
व्रतपरायणा,1
व्रतपूर्णत्वसिद्धये,1
व्रतपूर्वकं,1
व्रतम्,1
व्रतानां,1
व्रतानि,1
व्रतान्विताम्,1
व्रता॒स्ते॑ऽप,1
व्रतोक्तां,1
व्रत्या॑,1
व्रन्,1
व्रस्काय॒,1
व्रात,1
व्राताः॒,1
व्राता॒,1
व्रीहिधान्यं,1
व्रीही॒णा,1
व्रीही॒णां,1
व्री॑ही॒णा,1
व्र्र्स्,1
व्र॑तहो॒माः,1
व्र॒ज,1
व्र॒तमु॑प॒तिष्ठ॑न्त॒,1
व्र॒तम्प॒शवो॒,1
व्र॒तम॑कुर्वत॒,1
व्र॒तानि॑,1
व्र॒ते,1
व्र॒तेन॑,1
व्स्,1
व॑क्रिया॒न्तम्,1
व॑च॒स्वी,1
व॑थ्सत॒री,1
व॑थ्सस्य॒,1
व॑दति,1
व॑धीः,1
व॑धीर्,1
व॑ध्याच्छत्रु॒बाध॑नाः,1
व॑ध्यान्मि॒त्रावरु॑णयोस्त्वा,1
व॑ध्यान्मैत्राबार्,1
व॑य॒सम्बृ॒हन्त॑म॒पां,1
व॑य॒स्या॑,1
व॑रीवर्त्ति,1
व॑रुणो॒,1
व॑रुण॒,1
व॑र्तते॒,1
व॑र्तया॒,1
व॑र्तय॒त्युक्थ॑शा॒,1
व॑र्तय॒न्त्यथ॒,1
व॑र्धये॒म,1
व॑शी,1
व॑षट्का॒र,1
व॑षट्का॒रः,1
व॑षट्का॒रो॑,1
व॒,1
व॒त्सां,1
व॒त्सो,1
व॒थ्सं,1
व॒थ्सः,1
व॒थ्साना॒म्पति॑रघ्नि॒याना॒मथो॑,1
व॒थ्साव॑होरा॒त्रे,1
व॒थ्सो,1
व॒थ्स॒रस॑,1
व॒द॒त्यु॒त,1
व॒धं,1
व॒पया॑,1
व॒पाम॒भि,1
व॒पे॒द्यं,1
व॒पे॒द्यम्,1
व॒पे॒द्रुक्का॑मः,1
व॒यज॑नमसि,1
व॒युना॑नि,1
व॒राहवः॑,1
व॒र्चिनः॑,1
व॒र्तिः,1
व॒र्त॒ते॒वां॒,1
व॒र्त॒येत्या॑ह,1
व॒लस्य॑,1
व॒ल्गाः,1
व॒शां,1
व॒शासि॑,1
व॒शासीत्या॑ह,1
व॒शी,1
व॒ष॒ट्का॒रो,1
व॒स्नेव॒,1
व॒स॒न्तो,1
व॒हिनी॑,1
व॒ह॒न्तु॒य॒तर॑श्मयः,1
शंकरं,1
शंतनु॒त्वाय॑,1
शंभुना,1
शंयोर्बार्‌ह॑स्पत्य॒स्य,1
शकशकादिर्वायौ,1
शका,1
शकृद्वा,1
शक्तः,1
शक्तत्वमेव,1
शक्तयः,1
शक्तयो,1
शक्तवान्,1
शक्तस्तानि,1
शक्ताः,1
शक्तानां,1
शक्तिकं,1
शक्तिक्रियात्मिकाम्,1
शक्तिक्ष्मादि,1
शक्तितः,1
शक्तितत्वमन्तो,1
शक्तितत्वस्य,1
शक्तितत्वात्मकमित्येवं,1
शक्तितत्वाधिपाय,1
शक्तितत्वाय,1
शक्तिनन्दन,1
शक्तिनिपाततारतम्यकाल,1
शक्तिनिपाततारतम्येन,1
शक्तिनिपाततारतम्येनैव,1
शक्तिनिपातनात्,1
शक्तिनिपातानात्,1
शक्तिनिपाताभावे,1
शक्तिनिपातोपि,1
शक्तिपतत्य,1
शक्तिपाद,1
शक्तिबीजकलान्तगः,1
शक्तिभिः,1
शक्तिमत्यसौ,1
शक्तिमयं,1
शक्तिमयत्वात्,1
शक्तिमात्रके,1
शक्तिरत्नादि,1
शक्तिरमृतं,1
शक्तिरापेति,1
शक्तिरिच्छाज्ञानक्रियात्मिका,1
शक्तिरूपत्वाच्छक्तेश्च,1
शक्तिरूपेण,1
शक्तिर्न,1
शक्तिर्नव्यञ्जयति,1
शक्तिर्निरधिकरण,1
शक्तिर्विवक्षिता,1
शक्तिविहीनः,1
शक्तिसमाहारात्मकतामेवाऽस्याः,1
शक्तिस्,1
शक्तीकृतानि,1
शक्तीकृत्य,1
शक्तीर्नान्यो,1
शक्तेः,1
शक्तेरनुग्रहो,1
शक्तेरेकत्वाज्ज्ञानक्रियाशक्तिर्वक्ष्यमाणवद्,1
शक्तेर्विभुत्वेन,1
शक्त्यतगमः,1
शक्त्यन्तरकल्पनाऽनुपपत्तेः,1
शक्त्या,1
शक्त्यानु,1
शक्नुयाद्वित्तमुदस्येत्ततो,1
शक्नोम्येष,1
शक्यधिकारस्य,1
शक्यमिति,1
शक्यम्,1
शक्यां,1
शक्यानुत्पत्तिकैर्,1
शक्यो,1
शक्योज्झयितुं,1
शक्रः,1
शक्रगौतमचेष्टितम्,1
शक्रचापनिभे,1
शक्रस्य,1
शक्रादेशं,1
शक्राद्यास्तत्तदाऽमृतम्,1
शक्राय,1
शक्रे,1
शक्रेश्वरसमन्वितम्,1
शक्रो,1
शक्लृ,1
शक्व॑रीः,1
शक्व॑रीश्च॒,1
शक्व॑रीषु,1
शक्व॑रीष्व॒ग्नेर्बृह॒स्पतिः॒,1
शङ्करगिरौ,1
शङ्करभट्टस्य,1
शङ्कानास्पदं,1
शङ्कामकृत्वा,1
शङ्काया,1
शङ्कायां,1
शङ्काशूक,1
शङ्काशूकविषयत्वं,1
शङ्कृ॑तोऽवसन्,1
शङ्केति,1
शङ्खचक्रगदाधरः,1
शङ्खचक्रगदाधारी,1
शङ्खचूडः,1
शङ्खपुष्पी,1
शङ्खमुत्पलं,1
शङ्खम्,1
शङ्खाब्जहस्तांवरमभयधरामेक,1
शङ्खिनी,1
शच्या॒,1
शठाय,1
शण्डि॒लाः,1
शतः,1
शतकं,1
शतक्रतविन्द्र,1
शतक्रतो,1
शतक्रत॑वित्ये॒ते,1
शतजन्मानि,1
शतत्रयम्,1
शतद्वयम्,1
शतधा,1
शतनिष्केण,1
शतपुष्पं,1
शतमः,1
शतमभवत्,1
शतमष्टोत्तरं,1
शतमित्यु,1
शतमेव,1
शतरत्नसङ्ग्रह,1
शतरुद्रविभुश्चापि,1
शतरुद्रामष्टौ,1
शतरुद्रियं,1
शतरुद्रियमुत्तमम्,1
शतरुद्रियम्,1
शतरुद्रीयं,1
शतरूपा,1
शतशेषु,1
शतशोऽथ,1
शतशोऽविध्यदुत्तमास्त्राणि,1
शतसङ्ख्यानां,1
शतसहस्रधा,1
शतस्य,1
शता,1
शतानन्दः,1
शतानन्दश्च,1
शतानन्दस्तु,1
शतानन्देश्वरमाहात्म्यवर्णनन्नामाष्टोत्तरद्विशततमोऽध्यायः,1
शतावरी,1
शतावरीरसप्रस्थं,1
शतावर्या,1
शतिदक्षिणस्य,1
शत्रत्रयीम्,1
शत्रवः,1
शत्रवो,1
शत्रुं,1
शत्रुः,1
शत्रुघ्नम्भरतन्तथा,1
शत्रुपहिता,1
शत्रू॒ञ्ज्येष्ठ॑स्ते॒,1
शत्रोर्गोः,1
शत॒ग्विनम्,1
शनिवासरे,1
शने,1
शनैः,1
शनैर्श्चराय,1
शन्तमेत्योषधी॑राल॒भते,1
शन्दपर्यन्ता,1
शन्दान्ताः,1
शन्द्रे,1
शपति,1
शपथग्रहणाय,1
शपी,1
शपूर्णमा॒सावप॑,1
शपूर्णमा॒सावा,1
शपूर्णमा॒सावाल॑भेत॒,1
शपूर्णमा॒सावा॒लभ॑मान,1
शप्तस्त्वां,1
शप्तांश,1
शबरा,1
शबरिगिरिदेवालये,1
शबर्याः,1
शब्दः,1
शब्दकारणं,1
शब्दगतया,1
शब्दग्रहणकरणभूते,1
शब्दग्रहणनियमे,1
शब्दग्रहणादयः,1
शब्दग्राहकत्वं,1
शब्दग्राहकत्वनियमे,1
शब्दग्राहके,1
शब्दतत्त्वं,1
शब्दतत्वान्तं,1
शब्दतन्मातृ,1
शब्दतन्मातृतत्वाय,1
शब्दतन्मात्रमाकाशस्योपादानम्,1
शब्दतन्मात्रमूर्ध्नी,1
शब्दतन्मात्रमूर्ध्वि,1
शब्दतन्मात्रान्तमयं,1
शब्दतन्मात्रे,1
शब्दधातुराविष्कारे,1
शब्दधातुर्णिचं,1
शब्दनान्वादेशः,1
शब्दब्रह्मस्वप्रतिष्ठतया,1
शब्दभोगस्य,1
शब्दमूलत्वात्,1
शब्दरत्नावली,1
शब्दश्,1
शब्दसामर्थ्येनार्थाभिधानेन,1
शब्दस्तद्द्रव्यजनितः,1
शब्दस्पर्शमात्रस्वरूपं,1
शब्दस्पर्शरूपरसात्मकं,1
शब्दस्पर्शरूपात्मकं,1
शब्दाः,1
शब्दात्,1
शब्दादनुमास्यते,1
शब्दादिगन्धान्तपञ्चगुणरूपं,1
शब्दादिग्रहणनियामका,1
शब्दादिग्रहणस्यापि,1
शब्दादिग्रहणान्यथानुपपत्त्या,1
शब्दादिग्रहणे,1
शब्दादिज्ञानमुत्पद्यत,1
शब्दादितन्मात्राः,1
शब्दादिबाह्याकारसदृशमान्तरमाकारमध्यवसायिन्या,1
शब्दादिबाह्यार्थबुद्धयो,1
शब्दादिसन्निधौ,1
शब्दाद्याधाराकाशादिभूतजन्यानि,1
शब्दाद्यालोचनं,1
शब्दाद्येकोत्तराधिक्या,1
शब्दाद्येकोत्तराधिक्याः,1
शब्दाधिपत्वमस्याकाश,1
शब्दाधिपाय,1
शब्दानां,1
शब्दानुवेधेन,1
शब्दान्तं,1
शब्दान्ता,1
शब्दान्तानां,1
शब्दाय,1
शब्दावद्योतकेऽभ्युपगम्य,1
शब्दाश्रय,1
शब्दे,1
शब्दैकग्राहकं,1
शब्दोऽयं,1
शब्विकरणे,1
शब॒लोद॑रम्,1
शमदमतपः,1
शमयति,1
शमयत्यभि॒चर॑ता,1
शमयन्तम्,1
शमर्व॑ते॒,1
शमीहोमश्च,1
शम्नया,1
शम्ब॑रस्य॒,1
शम्भुर्यथा,1
शम्भुर्विभुर्गणाध्यक्ष,1
शम्भुश्च,1
शम्भुसत्रमिति,1
शम्भुस्तत्र,1
शम्भोर्गुह्यमन्त्र,1
शम्यश्वत्थपलाशान्वा,1
शम्या॑या,1
शम॑यितो॒र्यर्,1
शयनं,1
शयनम्,1
शयनासन,1
शयने,1
शया॑नस्योप॒शुष्य॑ति॒,1
शये,1
शयो,1
शरणगमने,1
शरणम्,1
शरणागतम्,1
शरणागतवत्सलतां,1
शरणागतेषु,1
शरण्यं,1
शरण्यः,1
शरव्यप्रक्षेपणं,1
शरशक्तिगदाभिस्ते,1
शरी,1
शरीरके,1
शरीरकैः,1
शरीरगुणाः,1
शरीरच्छिद्रेषूपदेहाः,1
शरीरत्रयकर्मभ्यां,1
शरीरधारणार्थं,1
शरीरपरिणामेन,1
शरीरपात,1
शरीरपातानन्तरं,1
शरीरप्रवेश,1
शरीरमुद्वहन्तम्,1
शरीरमेतत्त्वं,1
शरीरयोगं,1
शरीरव्यतिरिक्तानामिन्द्रियाणामेव,1
शरीरस्थिति,1
शरीरस्यापि,1
शरीरस्याप्यन्तः,1
शरीरस्याबाधकराः,1
शरीरस्यासकृत्परिणामेऽपि,1
शरीराढयो,1
शरीराढ्य,1
शरीराणि,1
शरीराण्याविशन्ति,1
शरीरात्,1
शरीरादिकर्तृत्वं,1
शरीरादियोगं,1
शरीरादियोगस्याऽपि,1
शरीरादियोगेन,1
शरीरादिसम्बन्धात्मनाऽपि,1
शरीरादेरेव,1
शरीराद्यर्थकं,1
शरीरावयवाः,1
शरीरावस्थानेन,1
शरीराऽऽत्मवादो,1
शरीरैकदेशवृत्तीनि,1
शरीरैस्तत्तत्कर्मातुगुणैराढ्यः,1
शरी॑रं,1
शरी॑रमधूनुत,1
शरी॑रे,1
शरी॑रैः,1
शरी॑र॒ग्ं॒,1
शरेण,1
शरैर्विदारयन्तो,1
शरोत्तमम्,1
शर्मणॆ,1
शर्मा॑सि॒,1
शर्म॒,1
शर्वगुर्वादिगीर्वाणसंस्थानदः,1
शर्ववत्,1
शर्वादि,1
शर्वादिनामवस्थितिर्गण्डादिषु,1
शर्वाय,1
शर्वो,1
शलाकासंतर्दनेन,1
शल्यकः,1
शल्यद्वारा,1
शल्यमग्निं,1
शल्याकृष्टिकरो,1
शवं,1
शवः,1
शवचाण्डालपतितस्पर्शादन्तर्गृहे,1
शवशरीरे,1
शवसाक्रन्त,1
शविकरणे,1
शविति,1
शवेन,1
शव॑सा॒,1
शशंस,1
शशक,1
शशकं,1
शशतनुं,1
शशपोरिति,1
शशमा॒नं,1
शशाङ्कमुकुटः,1
शशिकलाभास्वत्किरीटोज्ज्वलम्,1
शशिशुक्रयोरन्वाहार्येऽङ्गारकराह्वोर्गार्हपत्येऽसितकेत्वोरावसथ्ये,1
शश्रीराढ्यस्य,1
शश्व॑ता॒,1
शस्ति,1
शस्त्रसेनानां,1
शस्त्वजो,1
शांकर्या,1
शाक,1
शाकधियो,1
शाकम्भर्याः,1
शाकल्यस्य,1
शाकादि,1
शाकैश्च,1
शाकोहयाः,1
शाक्तदधिकारानुरोधेन,1
शाक्ता,1
शाक्वररैव॒ते,1
शाक्व॒राः,1
शाक्व॒रो,1
शाखा॑यै,1
शाङ्करी,1
शाङ्गीश्वरं,1
शात्रवान्निघ्नंस्त्वया,1
शात्रवान्निघ्नञ्शरौघैर्विमलैरहम्,1
शात्रवान्बहून्,1
शात्रवान्सर्वान्रुद्रलोके,1
शादयस्त्वादि,1
शानचि,1
शाननिति,1
शानन्प्रत्यय,1
शान्ततमा,1
शान्तस्,1
शान्तस्त्रिदण्डी,1
शान्ताकारेण,1
शान्ताय,1
शान्ति,1
शान्तिकलायां,1
शान्तिकाकर्षपौर्विके,1
शान्तिपर्वणि,1
शान्तिमान्,1
शान्तिमाप्नोति,1
शान्तिम्,1
शान्तियज्ञं,1
शान्तियज्ञमिमं,1
शान्तिसूक्तोक्तिपूर्वकम्,1
शान्तिस्तत्पदं,1
शान्तिस्तथा,1
शान्ति॒र्मनु॑र्भव,1
शान्तोऽप्यन्ते,1
शान्त्यतीत,1
शान्त्यतीतकलायां,1
शान्त्यतीता,1
शान्त्यतीतेत्यताः,1
शान्त्यतीतेन्धिका,1
शान्त्यतीतोच्यते,1
शान्त्यर्थे,1
शान्त्या॑,1
शान्त्यै,1
शान्त्यै॒,1
शापः,1
शापत्रयम्,1
शापदोषेण,1
शापभयाद्विप्रमवोचं,1
शापादनपकारिणम्,1
शापान्तं,1
शाप्त,1
शामित्रगणपालकः,1
शामिनीदिग्विहारोऽथ,1
शाम्ब॒रः,1
शाम्भ,1
शाम्भवी,1
शाम्यति,1
शारदा,1
शारदानाम,1
शारीरमग्निञ्च,1
शारीराः,1
शारीरिकं,1
शार्ङ्गपिनाकयोः,1
शार्वन्नयति,1
शाल,1
शालिगोधूमपौरुषम्,1
शालिमंजरीं,1
शाल्मलीम्,1
शाल्यन्नेन,1
शाश्वतं,1
शाश्वतम्,1
शाश्वताय,1
शासकः,1
शासन,1
शासनम्,1
शासनात्परमेष्ठिनः,1
शासने,1
शास्त्रगर्तेषु,1
शास्त्रज्ञानवतां,1
शास्त्रज्ञाश्चैव,1
शास्त्रतो,1
शास्त्रदीक्षा,1
शास्त्रदृष्टविरोधात्,1
शास्त्रबलादुपनयनाख्य,1
शास्त्रमपि,1
शास्त्रसाङ्केतिकगवेषणं,1
शास्त्रस्द्धमेव,1
शास्त्रस्यत्वं,1
शास्त्रस्यैदंपर्यमित्यर्थः,1
शास्त्रा,1
शास्त्राणि,1
शास्त्राण्यधीत्यापि,1
शास्त्रान्तर,1
शास्त्रान्तरसिद्धानां,1
शास्त्रान्तरेण,1
शास्त्रीमाह,1
शास्त्रे,1
शास्त्रेषूच्यते,1
शास्त्रेष्विह,1
शास्त्रैद्विधा,1
शास्रदीक्षा,1
शा॑य॒,1
शा॑रशी॒र्ष्णिः,1
शा॒म्यत॑श्चास्य॒,1
शा॒हम्भू॑यासमुत्त॒मः,1
शिअत्वमस्यमस्तिति,1
शिकारं,1
शिक्व॑सः,1
शिक्षाकरणीया,1
शिक्षाकाराः,1
शिक्षापदेषु,1
शिक्षापदैः,1
शिक्ष॑ति,1
शिखण्डिनम्,1
शिखण्डिशैनेययमाः,1
शिखण्डी,1
शिखण्ड्याख्येन,1
शिखरं,1
शिखां,1
शिखाच्चेदो,1
शिखाच्छेदः,1
शिखाच्छेदस्य,1
शिखाच्छेदाभवात्,1
शिखाच्छेदो,1
शिखाच्छेदोन,1
शिखाधरजवाससः,1
शिखाया,1
शिखावर्मा,1
शिखाश्छेदं,1
शिखिनं,1
शिखिन्युष्णस्पर्शोऽयं,1
शिखिवक्त्राय,1
शिखोदश्च,1
शिखोपवीतवद्धार्यमूर्ध्वपुण्ड्रं,1
शितपर्वभिः,1
शितिकण्ठदत्तशक्तिसारो,1
शितिकण्ठाय,1
शितैः,1
शिथि॑लमि॒वाऽध्रुव॑मिवाभवत्,1
शिथि॒रे,1
शिथि॒रेव॑,1
शिपिवि॒ष्टाय॑,1
शिपिवि॒ष्टो,1
शिप्रे॒,1
शिबिकानां,1
शिबिकोद्वाहिनरवत्,1
शिबिकोद्वाहिनरवदेकापायेन,1
शिबिकोद्वाहिनोर्मध्यादेकस्यापाये,1
शिबिराः,1
शिबिरे,1
शिमला,1
शिरः॑,1
शिरः॒,1
शिरश्च,1
शिरश्चैव,1
शिरसो,1
शिरांसि,1
शिरास्नायुगताश्च,1
शिरोभ्यंगावशिष्टेन,1
शिरोमतम्,1
शिरोरोगप्रतिषेधोनाम,1
शिरोवधि,1
शिरोवर्तनमपि,1
शिरोवामश्च,1
शिर॒,1
शिलयोमूर्ति,1
शिलयोरप्युपलक्षणं,1
शिलाखण्डादयाः,1
शिलापाकसागरः,1
शिलाप्रकोष्टात्,1
शिलाम्,1
शिलायाम्,1
शिलायाश्च,1
शिलालिङ्‌गं,1
शिलालेखे,1
शिलासु,1
शिलेयं,1
शिल्पं॑,1
शिल्पकलातज्ञः,1
शिल्पयोगे,1
शिल्पित्रिकोटिभिः,1
शिल्पिना,1
शिवकामप्रिया,1
शिवकुंभे,1
शिवकृत,1
शिवकोणके,1
शिवक्रिअय,1
शिवक्रिया,1
शिवक्षेत्रवासादि,1
शिवक्षेत्रशिवागारसमीपे,1
शिवचिन्तया,1
शिवच्छाया,1
शिवतत्व,1
शिवतत्वकमिति,1
शिवतत्वपदानुगाम्,1
शिवतत्वपर्यन्ता,1
शिवतत्वमेवं,1
शिवतत्वस्य,1
शिवतत्वादधस्तान,1
शिवतत्वादवस्तेषां,1
शिवतत्वाद्भिव्यक्ति,1
शिवतत्वाधिपाय,1
शिवतत्वाय,1
शिवतत्वावधि,1
शिवतत्वेति,1
शिवतनुवर्णतपटले,1
शिवतपः,1
शिवतेजसा,1
शिवत्वप्राप्ति,1
शिवत्वभुक्तिदानात्,1
शिवत्वमन्नादि,1
शिवत्वस्य,1
शिवत्वाधस्तन,1
शिवत्वाभिव्यक्तिः,1
शिवत्वाभिव्यक्तिमपि,1
शिवत्वाभिव्यक्तिरिति,1
शिवत्वाभिव्यर्त्युपफ्तैः,1
शिवत्वे,1
शिवदर्मिणीती,1
शिवदीक्षा,1
शिवदृष्टं,1
शिवधर्मः,1
शिवधर्मणी,1
शिवधर्मफलश्रियः,1
शिवधर्मात्मकं,1
शिवधर्मिणीति,1
शिवधर्मिणो,1
शिवधर्मिण्यणोर्मूलं,1
शिवधर्मित्व,1
शिवधर्मे,1
शिवधर्मेषु,1
शिवध्यानतत्पराय,1
शिवध्यानमुत्तरोत्तरमभ्यसेत्,1
शिवनेरी,1
शिवनैवेद्यं,1
शिवपदगं,1
शिवपदप्राप्ति,1
शिवपदप्राप्तौ,1
शिवपदयोगः,1
शिवपदे,1
शिवपदैश्वर्य,1
शिवपुत्रः,1
शिवपूजापरो,1
शिवपूजाफलं,1
शिवपूजाया,1
शिवप्पनायकस्य,1
शिवप्रणीतत्वात्,1
शिवप्रतिपातकम्,1
शिवप्रतिमास्वपि,1
शिवप्रदक्षिणं,1
शिवप्रदक्षिणात्सर्वं,1
शिवप्रसादलाभार्थं,1
शिवप्रसादात्कर्माद्यं,1
शिवप्रसादार्थं,1
शिवप्रसादेन,1
शिवप्रान्तं,1
शिवप्रेरणेन,1
शिवभक्तानां,1
शिवभक्तिर्दृढाऽस्तु,1
शिवभक्तिविवर्धनम्,1
शिवभक्तेषु,1
शिवभक्तो,1
शिवभेदपटलं,1
शिवमतसिद्धान्तवेदिनाचार्येण,1
शिवमनुध्यात्वा,1
शिवमन्त्रं,1
शिवमन्त्रजपः,1
शिवमन्त्रस्य,1
शिवमन्त्रेण,1
शिवमहोदयेन,1
शिवमायार्पितद्वन्द्वं,1
शिवमायार्पितद्वन्द्वो,1
शिवमायासमर्पितम्,1
शिवमाहात्म्यमेव,1
शिवमिच्छन्मनुष्याणां,1
शिवमुद्दिश्य,1
शिवमूर्तिविशेषत्वात्,1
शिवमेव,1
शिवमेवं,1
शिवम्,1
शिवयुते,1
शिवयोगिनः,1
शिवयोरपि,1
शिवरात्रिकृते,1
शिवरूप,1
शिवरूपं,1
शिवरूपा,1
शिवरूपाचार्य,1
शिवलिङ्गप्रतिष्ठायां,1
शिवलिङ्गमाहात्म्यं,1
शिवलिङ्‌गं,1
शिवलिङ्‌गमहिमावर्णनं,1
शिवलोके,1
शिववदज्ञत्वं,1
शिववदनावृतः,1
शिववदेव,1
शिववीक्षितं,1
शिववेस्थितमिति,1
शिवव्रतैकनिष्ठस्य,1
शिवशक्तिमनीषान्तं,1
शिवशक्तिरधिष्ठितम्,1
शिवशक्त्या,1
शिवशङ्करपबुंहित,1
शिवशत्यैव,1
शिवशास्त्र,1
शिवशास्त्रश्रवणमपि,1
शिवशास्त्रश्रवणाधिकारा,1
शिवशास्त्रस्योपदेश,1
शिवशास्त्राभ्या,1
शिवशास्त्रोक्त,1
शिवशिष्यं,1
शिवसंस्कार,1
शिवसंस्कारयुक्तस्य,1
शिवसद्भावपटले,1
शिवसान्निध्यमित्येतत्क्रियादीनां,1
शिवसायुज्यमायुधाद्यैः,1
शिवसासन,1
शिवसेना,1
शिवस्तथा,1
शिवस्तश्चत्,1
शिवस्तात,1
शिवस्तुतिः,1
शिवस्थले,1
शिवस्मृतः,1
शिवस्यपरमात्मनः,1
शिवस्याज्ञां,1
शिवस्यातिप्रियं,1
शिवस्यानादिमुक्तत्वेन,1
शिवस्यानुग्रह,1
शिवस्यानुग्रहाच्छक्तिनिपाता,1
शिवस्यानुग्रहाद्दीक्षा,1
शिवस्यानुग्रहो,1
शिवस्यान्ते,1
शिवस्यामूर्तत्वादेवज्ञानक्रिये,1
शिवस्याऽपि,1
शिवस्यैव,1
शिवस्योक्ताक्षराणां,1
शिवस्वरूपमित्येवं,1
शिवस्सोऽग्निस्सर्वस्सर्वकृत्,1
शिवस्स्मृतः,1
शिवहस्तालम्भनसाद्या,1
शिवां,1
शिवाख्य,1
शिवाख्यानि,1
शिवागमचतुष्पादसिद्धान्ततत्वपरिज्ञानमपि,1
शिवागमरहस्य,1
शिवाग्निना,1
शिवाग्निरिति,1
शिवाचारो,1
शिवाचार्यैः,1
शिवाजी,1
शिवात्,1
शिवात्मकं,1
शिवात्मकम्,1
शिवात्मिकाम्,1
शिवात्मैक्य,1
शिवात्मैक्यानु,1
शिवादिकारणत्व,1
शिवादिमन्त्रेण,1
शिवाद्,1
शिवाधिष्ठितं,1
शिवाध्वरैरिति,1
शिवानुग्रहकरणं,1
शिवानुग्रहविषयः,1
शिवानुग्रहस्य,1
शिवानुग्रहाख्ये,1
शिवाम्भसा,1
शिवायेति,1
शिवार्चनं,1
शिवार्चनाय,1
शिवालयम्,1
शिवालिङ्गस्य,1
शिवाश्रमीति,1
शिवास्त्रयः,1
शिवास्त्राग्रं,1
शिवेतराणि,1
शिवेतिद्यक्षरं,1
शिवेदिभ्यक्षरं,1
शिवेनानन्तादिद्वारेण,1
शिवेनाऽनधिष्ठितस्य,1
शिवेन्दुकिरणाहतमिति,1
शिवेरिता,1
शिवेरितेति,1
शिवैकगम्यत्वादिति,1
शिवैकपरमो,1
शिवैश्वर्यं,1
शिवोक्तमेन,1
शिवोच्छिष्टजलमन्नादि,1
शिवोद्देशकृतं,1
शिवोद्देशकृतो,1
शिवोपि,1
शिवोभिन्नं,1
शिव्,1
शिशाति,1
शिशिरात्यये,1
शिशिरौषधरसचूर्णावकीर्णस्फटिकशुक्तिशङ्खसञ्चये,1
शिशि॑रः,1
शिशुं॑,1
शिशुः॑,1
शिशुकेन्द्रीकृतं,1
शिशुपालपौण्ड्रसाल्वादयो,1
शिशु॒रिन्द्र॒स्यैक॑चत्वारि,1
शिशू,1
शिशोः,1
शिश्ना,1
शिश्रिया॒णस्ततो॑,1
शिष्टहेतोस्थूलधियामपीतिः,1
शिष्टाचारं,1
शिष्टेष्टालोकधर्मीणी,1
शिष्य,1
शिष्यःपुत्र,1
शिष्यजनानां,1
शिष्यमूर्धादि,1
शिष्यवत्ते,1
शिष्यसंयोजनार्थ,1
शिष्यसूत्रं,1
शिष्याः,1
शिष्यादेः,1
शिष्यान्,1
शिष्यायितं,1
शिष्येण,1
शिष्यैस्तु,1
शिष्योनुग्रहणमर्हति,1
शि॑शी॒ताति॑थिम्,1
शि॒वस्त्व॑ष्टरि॒हा,1
शि॒वाभि॒र्न,1
शि॒वो,1
शी,1
शीक्षां,1
शीघ्रचारि,1
शीघ्राद्या,1
शीघ्रैश्,1
शीघ्रोनिधीशश्च,1
शीघ्रोलखुर्वायुवेगः,1
शीत,1
शीतं,1
शीतकः,1
शीतज्वरो,1
शीतामुष्णां,1
शीतेना,1
शीतोष्णवातवर्षेषु,1
शीतोष्णौ,1
शीलमये,1
शुकघ्रामद्धपङ्कजे,1
शुकनासा,1
शुकस्तान्प्रत्युवाचाथ,1
शुक्तिं,1
शुक्त्याभाः,1
शुक्रान्तान्,1
शुक्राभिषेचनात्,1
शुक्राय,1
शुक्रो,1
शुक्लकर्मणः,1
शुक्लकृष्णान्यतरा,1
शुक्लकृष्णे,1
शुक्लधातुमहः,1
शुक्लपक्षं,1
शुक्लपक्षादौ,1
शुक्लपक्षे,1
शुक्लमेव,1
शुक्लयजुः,1
शुक्लरक्तपीतकृष्णाद्यनेकविधम्,1
शुक्लवासा॑,1
शुक्लशोणितात्मकदेहारम्भकभूतसद्भाव,1
शुक्लादि,1
शुक्लाद्यनेकधा,1
शुचं॒,1
शुचार्पिताः,1
शुचि,1
शुचिपा॒,1
शुचिर्नामाग्निरुद्भूतः,1
शुचि॑जिह्वो,1
शुचि॑भ्राजा,1
शुचीदयन्दीधितिमुक्थशासः,1
शुचीनां,1
शुच॑यश्चरन्ति,1
शुद्ध,1
शुद्धचिद्घने,1
शुद्धदेहश्च,1
शुद्धप्रणवमन्त्रकम्,1
शुद्धबुद्धे,1
शुद्धभक्तत्वम्,1
शुद्धभावनया,1
शुद्धयात्म,1
शुद्धरूपमपि,1
शुद्धलोचनाः,1
शुद्धवत्मनि,1
शुद्धवर्त्मनि,1
शुद्धविद्या,1
शुद्धविद्यातत्वमादिः,1
शुद्धविद्यातत्वाय,1
शुद्धविद्यादिशक्त्यन्ते,1
शुद्धविद्यान्तगो,1
शुद्धविद्यायां,1
शुद्धसत्त्वाः,1
शुद्धसूतं,1
शुद्धस्फटिकलिङ्‌गं,1
शुद्धस्योच्चारणे,1
शुद्धा,1
शुद्धाध्वबुभुक्षायां,1
शुद्धान्नभुक्सदा,1
शुद्धाशुद्धस्वरूपे,1
शुद्धाशुद्धात्मके,1
शुद्धाशुद्धाध्वबुभुक्षोराह,1
शुद्धाशुद्धारूपाध्वनि,1
शुद्धि,1
शुद्धिकामो,1
शुद्धिदम्,1
शुद्धिदा,1
शुद्धिमवाप्स्यसि,1
शुद्धिरूपा,1
शुद्धिर्ज्ञाता,1
शुद्धिर्भवेन्मह्यं,1
शुद्धिश्च,1
शुद्धेन,1
शुद्धेऽध्वनि,1
शुद्धो,1
शुद्धौ,1
शुद्यर्थदीक्षैषा,1
शुद्राम्लपनसो,1
शुध्यति,1
शुना॒मग्र,1
शुना॒सीरा॑य,1
शुनीक्षीरेण,1
शुने,1
शुप्ता॒वजु॑ह्वत,1
शुभं,1
शुभकाननम्,1
शुभशब्देनात्रोपस्थेन्द्रियव्यापारं,1
शुभस्पती,1
शुभाँल्लोकाननुत्तमान्,1
शुभाङ्गदं,1
शुभाचाराः,1
शुभादिषु,1
शुभानने,1
शुभान्,1
शुभारम्भः,1
शुभाशुभफलारम्भे,1
शुभाशुभे,1
शुभेच्छकान्,1
शुशुभे,1
शुश्राव,1
शुश्रूषमाणाय,1
शुश्रूषा,1
शुश्रूषाजीविनः,1
शुश्रू॒षेण्या,1
शुष्कः,1
शुष्मा॑य॒,1
शुष्मा॒यायु॑षे॒,1
शुष्मिन्नव॒या,1
शुष्म॑,1
शुष्यति,1
शुष्यदृशनपङ्क्तिप्रसृतधूसरदीधितितरङ्गिर्णां,1
शुष्यन्तम्,1
शुष्यमाणम्,1
शु॑चि॒षत्,1
शु॑चि॒षद्वसु॑रन्तरिख्ष॒,1
शु॑ष्कदृ॒तिर्दख्षि॑णा,1
शु॒काव॑ता,1
शु॒क्र,1
शु॒क्रः,1
शु॒क्रज्यो॑तिश्च,1
शु॒क्रव॑न्ति,1
शु॒क्रस्य॒,1
शु॒क्रा,1
शु॒क्राथ्स्वाहा॑कृत॒मिन्द्रा॑य॒,1
शु॒क्रासु॑,1
शु॒क्रेणोत्पु॑नामि,1
शु॒क्लकृ॑ष्णौ,1
शु॒क्लम्,1
शु॒चे॒,1
शु॒ण्ठो,1
शु॒भ॒स्प॒ती॒,1
शु॒मन्ति॑,1
शु॒र्वेदिः॑,1
शूद्रस्ताभ्यो,1
शूद्रहत्या,1
शूद्राणां,1
शूद्राणामपि,1
शूद्रान्न,1
शूद्रे,1
शूनमुलूक,1
शून्यतां,1
शून्यधर्मा,1
शून्यम्,1
शून्याधारे,1
शून्येषु,1
शून्यो,1
शूर,1
शूरा,1
शूरो॑,1
शूलपाणिं,1
शूलपाणिर्महान्कृष्ण,1
शूलभृत्,1
शूलमुद्यम्य,1
शूलाग्राश्वर्थ,1
शूलाच्छूलसहस्राणि,1
शूलाद्यात्मना,1
शूष॒,1
शृङ्गमेतत्त्रिधाभूतं,1
शृङ्गारसंस्थितानां,1
शृणातूष्णिहाः,1
शृणुतादरात्,1
शृणुध्वं,1
शृणुयात्,1
शृणुष्वान्यद्धनञ्जय,1
शृणोति॒,1
शृणोतु,1
शृण्वंश्च,1
शृतं,1
शृतंक॒र्तार॑मु॒त,1
शृतं॒कृत्याथा॒न्यत्रा॑वभृ॒थम॒वैत्या॑यु॒र्दा,1
शृ॑णोतु,1
शृ॑तास॒श्च,1
शृ॒णोतु॑,1
शृ॒णोत्य॒लक,1
शृ॒तास॒,1
शेकुमिव,1
शेकुर्दानवाः,1
शेवधिपा,1
शेषकूर्माद्या,1
शेषताहेतू,1
शेषत्वं,1
शेषत्वस्य,1
शेषपूरणं,1
शेषमिव,1
शेषवर्तिनी,1
शेषाणि,1
शेषात्मिपोपहा,1
शेषास्तेष्वन्तर्भवन्ति,1
शे॒षु,1
शै,1
शैक्यायसानि,1
शैक्षिकविभागेन,1
शैक्षिकाध्यक्षेण,1
शैघ्र्यम्,1
शैथिल्यहाय,1
शैनेयमच्युतम्,1
शैलं,1
शैलसम्पातं,1
शैली,1
शैलेयकं,1
शैलोत्सङ्गगभीराय,1
शैव,1
शैवं,1
शैवमन्त्र,1
शैवमुक्तानां,1
शैवशास्त्रस्याप्यप्रामाण्यशङ्काकलङ्कितत्वं,1
शैवशिवधर्मिणी,1
शैवानिति,1
शैवे,1
शैव्यायाश्चरित्रं,1
शैशि॑रीः,1
शोकसन्तप्ता,1
शोकसन्तप्तौ,1
शोकाधिक्यज्ञापनार्थ,1
शोकार्त्तः,1
शोकार्त्तानां,1
शोकेन,1
शोको,1
शोचति,1
शोचनीयताया,1
शोचनीयास्ति,1
शोधकार्याणि,1
शोधन,1
शोधनाय,1
शोधनार्थं,1
शोधनार्थमन्त्रर्भाव्यम्,1
शोधनीयाः,1
शोधयितु,1
शोधयेत्,1
शोध्यत्वादन्तर्भावः,1
शोध्यत्वेन,1
शोध्यत्वेनोपयोगाच्चयेतेषामेव,1
शोध्यन्ते,1
शोध्यात्वात्,1
शोफाः,1
शोभनं,1
शोभनः,1
शोभनसन्निवेशवतीं,1
शोभमानं,1
शोभितं,1
शोष,1
शोषयति,1
शोषिणाम्,1
शो॒चय॑न्ती॒र्नाम॒,1
शो॒भायै॑,1
शौ,1
शौक्रे,1
शौक्ल्यगुणग्रहणादृतेऽपि,1
शौक्ल्यगुणग्रहणाभावेऽपि,1
शौचने,1
शौचसापेक्षः,1
शौचाचमनादीन्,1
शौचाध्ययनव्रतनियमगुर्वनलशुश्रूषणाद्यौप,1
शौनकोक्तेः,1
शौर्य,1
शौर्यक्रौर्यादीनामरतिमान्द्यादीनां,1
श्घ्स्,1
श्चतु॒रुच्य॑ते,1
श्चत्वारि॒,1
श्चरा॑मसि,1
श्चाक॑र्णा,1
श्चार्धमा॒साश्च॑,1
श्चा॒ग्नेः,1
श्चिकि॒तुषे॑,1
श्चिताग्निना,1
श्चिद॒भिश॑स्त्या॒,1
श्चुत्वस्यासिद्धत्वाज्जशत्वेन,1
श्चुत्वेन,1
श्चै॒व,1
श्च्यवते॒,1
श्च्यौ॒त्नो,1
श्च॑,1
श्नथिष्टम्,1
श्नुशविकरणयो,1
श्मशान,1
श्मशानेषु,1
श्मीरिकनाम्ना,1
श्यामयो,1
श्यामवर्ण,1
श्यामां,1
श्यामायमानया,1
श्यामा॒कं,1
श्यामोरुकं,1
श्यायां,1
श्यावाश्व॒स्याऽवर्ति॑कामस्य,1
श्या॑मा॒कं,1
श्या॒माः,1
श्येनो,1
श्ये॒नो,1
श्ये॒नो॑,1
श्योनाकश्,1
श्रद्द॒ध्यात्,1
श्रद्धत्थ,1
श्रद्धयान्विताः,1
श्रद्धादयः,1
श्रद्धामेधे,1
श्रद्धेयमासीत्,1
श्रमोपलक्षणमर्थः,1
श्रयत,1
श्रयति,1
श्ररणाश्चेति,1
श्रवकयानिकं,1
श्रवण,1
श्रवणपथगता,1
श्रवणम्,1
श्रवणाकाशस्यैव,1
श्रवणादिभ्यां,1
श्रवणावुभौ,1
श्रवणे,1
श्रवणेन,1
श्रवणेन्द्रियत्वप्रसङ्गतया,1
श्रवनं,1
श्रवयतं,1
श्रवा,1
श्रवो॑,1
श्रव्यमाध्यमेन,1
श्रव॑णं॒,1
श्रव॑णम्पितृ॒णां,1
श्रव॒णाय॑,1
श्रव॒णो,1
श्राद्धकर्म,1
श्राद्धकृते,1
श्राद्धेऽपि,1
श्रान्तकरणम्,1
श्राय॒न्तीयं॑,1
श्रावकत्वे,1
श्रावकफलाभिसमयपरिपृच्छानिर्देशैः,1
श्रावकभूमिं,1
श्रावकभूमिर्,1
श्रावणीक्षुपः,1
श्रावय,1
श्रावयेद्,1
श्राविता,1
श्रा॑वयेदे॒षा,1
श्रा॑वय॒तीति॒,1
श्रिताः,1
श्रितातीतपतितगतात्यस्तप्राप्तापन्नैः,1
श्रितादिप्रकृतिकैः,1
श्रियं,1
श्रियं॒,1
श्रियः,1
श्रियमश्नुते,1
श्रियम्,1
श्रिये,1
श्रि॑ताः,1
श्रीउद्योतकारोऽपराभिधानः,1
श्रीकं,1
श्रीकण्ठश्च,1
श्रीकण्ठस्तस्यैव,1
श्रीकण्ठस्य,1
श्रीकण्ठाय,1
श्रीकण्ठाष्टमं,1
श्रीकल्पकविनायकम्,1
श्रीकालोक्तरे,1
श्रीकृष्णभट्टाचार्यस्य,1
श्रीकृष्णस्तोत्रम्,1
श्रीकृष्णस्य,1
श्रीकृष्णागमनं,1
श्रीकृष्णार्पणमस्तु,1
श्रीकृष्णास्यं,1
श्रीकृष्णेन,1
श्रीखण्डश्च,1
श्रीगरुडमहापुराणम्,1
श्रीगारुडे,1
श्रीगौरीशङ्कराभ्यां,1
श्रीगौरीशङ्करार्पणमस्तु,1
श्रीजवाहरलालनहरुमहोदयस्य,1
श्रीजवाहरलालनेहरुः,1
श्रीजवाहरलालनेहरुमहोदयस्य,1
श्रीजिनदत्तसूरिपादैरुक्तम्,1
श्रीजिनदत्तस्रेर्मूलविद्या,1
श्रीजैनशासनसमुन्नतिलब्धविश्वविश्वम्भरावलयविश्रुतकीर्तिपूरः,1
श्रीडॉक्टस्टैनूसाहिबराजतर,1
श्रीणीषे,1
श्रीदिङ्नागो,1
श्रीदेवीपुराणे,1
श्रीधरं,1
श्रीधृक्,1
श्रीनन्दीदेवनायकः,1
श्रीनागार्जुनस्य,1
श्रीनारदाद्यैः,1
श्रीनारायण,1
श्रीनृसिंह,1
श्रीपतितीर्थपूज्यपादानां,1
श्रीबीजं,1
श्रीब्रह्मरूपायै,1
श्रीभगवाञ्,1
श्रीभागवतादौ,1
श्रीभारत्यै,1
श्रीभारद्वाजो,1
श्रीभास्करं,1
श्रीमतां,1
श्रीमते,1
श्रीमत्कालोत्तरे,1
श्रीमत्खेटकनन्दनेन,1
श्रीमत्परमहंसपरिव्राजकाचार्यसर्वतन्त्रस्वतन्त्रश्रीव्यासतीर्थमुनिवर्यपौत्र,1
श्रीमत्पराख्यादौ,1
श्रीमत्सर्वज्ञानोत्तरे,1
श्रीमत्स्वायम्भुवादौ,1
श्रीमदध्यात्मरामायणे,1
श्रीमदाचार्याभिनवगुप्तकृतं,1
श्रीमदृग्भाष्यटीकाविवृतौ,1
श्रीमद्रारवे,1
श्रीमद्रौरवतन्त्रोपलक्षितसिद्धान्तशास्त्रे,1
श्रीमद्रौरवादौ,1
श्रीमद्रौरवे,1
श्रीमद्वरुणपद्धत्या,1
श्रीमद्व्याघ्रपुरवासिनी,1
श्रीमन्तः,1
श्रीमन्नन्दिकेश्वर,1
श्रीमन्मतङ्गवृत्त्यादावाचार्यैः,1
श्रीमन्मृगेन्द्रवृत्तिदीपिकायाम्,1
श्रीमम्मृगेन्द्रे,1
श्रीमहामारिकास्तोत्रं,1
श्रीमात्स्ये,1
श्रीमान्,1
श्रीमृगेन्द्रे,1
श्रीरामचन्द्रं,1
श्रीरामचन्द्रभिक्षुणा,1
श्रीरामचन्द्रेऽखिललोकसारे,1
श्रीरामसुसदन,1
श्रीरामायणे,1
श्रीरामार्णवसङ्गता,1
श्रीर्यौवनं,1
श्रीलङ्क,1
श्रीलङ्कायाः,1
श्रीवत्सेनविरचितम्,1
श्रीविश्वेशतीर्थश्रीपादः,1
श्रीशङ्कराचार्याः,1
श्रीशिवमहापुराणम्,1
श्रीशुक,1
श्रीशैलोकल्पेशाम्रादि,1
श्रीशैवे,1
श्रीश्रीमहाशयः,1
श्रीसनातनगोस्वामिना,1
श्रीस्कन्दपुराणे,1
श्रीहनुमते,1
श्रीहरिकोट्टा,1
श्री॒णी॒ष॒,1
श्रुतं,1
श्रुतयः,1
श्रुतयश्च,1
श्रुतयो,1
श्रुतवति,1
श्रुतानि,1
श्रुतान्यस्माभिरादरात्,1
श्रुतावपां,1
श्रुतिं,1
श्रुतिद्वैधं,1
श्रुतिबलेनातिव्याप्तिरसंभवश्चेति,1
श्रुतिमयैर्गुणैः,1
श्रुतिमातरम्,1
श्रुतिमुदाहरति,1
श्रुतिमेधाकरं,1
श्रुतिरेषा,1
श्रुतिर्जीवनित्यत्वे,1
श्रुतिविरोधे,1
श्रुतिस्त्वक्,1
श्रुतिस्मृत्याचारैरनवगते,1
श्रुतीयस्य,1
श्रुतेरणौ,1
श्रुतेरिति,1
श्रुतो,1
श्रुतौ,1
श्रुत्यादीति,1
श्रुत॒सद॑सि,1
श्रु॒तं,1
श्रु॒ष्टी,1
श्रूयतां,1
श्रूयमाणमर्थसिद्धत्वादाचार्येणाऽनुपात्तम्,1
श्रृणु,1
श्रृणुत,1
श्रृण्वन्ति,1
श्रेण्यां,1
श्रेयः॒,1
श्रेयांस्तत्र,1
श्रेयो,1
श्रेयोः,1
श्रेय॑सः॒,1
श्रेष्ठः,1
श्रेष्ठे,1
श्रेष्ठो॒,1
श्रैष्ठ्यात्,1
श्रैष्ठ्य॒,1
श्रोतआपत्तिफले,1
श्रोतामतो,1
श्रोतुं,1
श्रोतृतत्वाय,1
श्रोतृत्वाधिपाय,1
श्रोत्र,1
श्रोत्रं,1
श्रोत्रपेयम्,1
श्रोत्रम्,1
श्रोत्रसुधां,1
श्रोत्रा,1
श्रोत्रादीनां,1
श्रोत्रादीनामसाधारणवृत्तयः,1
श्रोत्रादेरेकस्मादेव,1
श्रोत्राधिपत्वमस्य,1
श्रोत्राभ्या,1
श्रोत्रा॑या॒त्मने,1
श्रोत्रे,1
श्रोत्रेण,1
श्रोत्र॒पा,1
श्रोत्र॒पाः,1
श्रोष्यसि,1
श्रौतग्रन्थाः,1
श्रौषटिति,1
श्र॑व॒स्यन्नव॒सोप॑,1
श्र॒व॒स्यवो॑,1
श्लक्ष्णचूर्णीकृतानि,1
श्लष्णोर्ध्वगं,1
श्लाघह्नुङ्स्थाशपां,1
श्लीपदं,1
श्लेष्मविसर्पः,1
श्लोकः,1
श्लोकतात्पर्योक्तिग्रहः,1
श्लोकाः,1
श्लोकानामुपद्देशरूपत्वादेव,1
श्लोकान्दावेव,1
श्लोकाभ्यामित्यर्थः,1
श्लोकावतारिकायामित्यर्थः,1
श्लोका॑य॒,1
श्लोक्येति,1
श्लोेकाभ्याम्,1
श्वकर्म॒णमेक॑कपालम्,1
श्वकर्म॒णानि॑,1
श्वतेद्द्वीपं,1
श्वदे॒वा,1
श्वमेक॒योज॑नम्,1
श्वयथुमान्,1
श्वयथुर्भ्रमश्च,1
श्ववल्लडितमेव,1
श्वशुरं,1
श्वशुरस्य,1
श्वशुरस्‍योकाराकारलोपश्‍च,1
श्वश्रूः,1
श्वसखा,1
श्वसनं,1
श्वसिते,1
श्वादिभिर्दूषितानां,1
श्वान॒राः,1
श्वान॒राश्च॑त्वारि॒,1
श्वापदैर्घोररूपिभिः,1
श्वापयो,1
श्वा॒,1
श्वेतं,1
श्वेतकेतूद्दालकाख्यायिकाया,1
श्वेतनखनयनवदनत्वङ्मूत्रवर्चस्त्वं,1
श्वेतपाण्डुभिरनुबध्यते,1
श्वेतार्द्रकर्पटार्पितकर्पूरपरागशीतलीकृतशलाके,1
श्वेताश्वतरः,1
श्वेताश्वतरशाखानां,1
श्वेताश्वतरोपनिषत्,1
श्वेतोथ,1
श्वेत॑सिकद्रु॒कः,1
श्वे॑तकु॒क्षम्,1
श्वे॒त,1
श्वे॒तव॑त्सायै,1
श्वे॒तव॑त्सा॒,1
श्वे॒ता,1
श्वे॒तायै,1
श्वो,1
श्व॒रो,1
श॑का,1
श॑री॒राण्य॑कल्पयन्न्,1
श॑श्च,1
श॑श्च॒,1
श॒,1
श॒ग्मया॑,1
श॒ग्मां,1
श॒त,1
श॒तदा॑यमु॒क्थ्यम्,1
श॒तद्वा॒ट्टार॑गम॒न्ता,1
श॒तप॑द्भिः॒,1
श॒तमिन्नु,1
श॒तश॑श्चै॒व,1
श॒बल॒,1
श॒मये॒दार्ति॒मार्च्छे॒द्यज॑मानो,1
श॒म्भूर्म॑यो॒भूः,1
श॒रदः॑,1
श॒रद्य॑त्रोप॒दृश्य॑ते,1
श॒स्त्रन्दु॑हा॒न्द्वावि,1
श॒स्त्रम्,1
श॒स्त्रम॒स्यूर्ज॒म्मह्य,1
श॒स्यत॑,1
श‍ृणुयात्स,1
श‍ृण्वन्ति,1
षचसमवाय,1
षट्कलम्,1
षट्कसमन्वितम्,1
षट्काण्यादयः,1
षट्क॑पालं॒,1
षट्त्रिंश,1
षट्त्रिंशत्तत्वाधिपेभ्यो,1
षट्त्रिंशत्तत्वानि,1
षट्पञ्चाशत्,1
षट्पलं,1
षट्पुराधिपतीनां,1
षट्प॑दी,1
षट्प॒दानि॑,1
षट्सहस्रकालोत्तरे,1
षडक्षरेण,1
षडङ्कस्तथा,1
षडङ्गानि,1
षडङ्गान्युदितानि,1
षडध्वनाममन्त्रादिनामुद्देशः,1
षडध्वर्णं,1
षडध्वव्यापिनीं,1
षडध्वानाम्,1
षडध्वानोपि,1
षडष्टानि,1
षडह,1
षडु॑द्य॒मा,1
षड्बिन्दुमात्रेण,1
षड्भिः,1
षड्वर्णं,1
षड्वा,1
षड्विध,1
षड्विधः,1
षड््वि,1
षड॑श्वैः,1
षण,1
षणिः,1
षणी॒धृतः॒,1
षणे,1
षण्डाख्यमेवं,1
षण्णां,1
षण्मासात्,1
षण्मासेभ्यः,1
षण्मुखेति,1
षद्द्यु॒मन्नमः॑,1
षन्ते॒,1
षभा॒मिन्द्रो॑,1
षम्ब॑रश्चै॒व,1
षय॒न्तून्न॑म्भय,1
षष्टिवारं,1
षष्टिवारन्न,1
षष्टिश्च,1
षष्टेनैवाष्टमेन,1
षष्ठं,1
षष्ठान्नकालभोजी,1
षष्ठान्नकालभोज्यस्य,1
षष्ठ्या,1
षष्ठ्यां,1
ष़ड्भिरष्टाभिरपि,1
षाभिर्द॑दता॒,1
षाभ्य॑,1
षामेव,1
षाष्टिकं,1
षाष्टि॑कौ,1
षा॒,1
षि,1
षिच्यते॒,1
षिभिः,1
षि॑मस्य,1
षि॑ष्ठमू॒तये॑,1
षीनुप॑,1
षी॑दतु,1
षु॑को,1
षु॑णुया॒द्यदा,1
षु॑णोति॒,1
षू,1
षेदनुपरि॒हार,1
षे॒याः,1
षैलेष्,1
षोडशकीर्तिताः,1
षोडशसप्तदशाविदितौ,1
षोडशानामृचां,1
षोडशैरुपचारकैः,1
षोडशैरुपचारैश्च,1
षोड॑श,1
षोढा,1
ष्टा,1
ष्टानिधवग्,1
ष्टोभत,1
ष्ट्र॒भृतो॒,1
ष्ट्र॒भृत॒,1
ष्ट्र॒भृत॒स्तस्मै॒,1
ष्ठा,1
ष्ठापयत्यभि॒जिद॑सि,1
ष्ठापयत्ये॒ता,1
ष्ठि,1
ष्डशस्वरसङ्ख्ये,1
ष्ण॒वो,1
ष्पते,1
ष्य,1
ष्यामि,1
ष्या॑मि॒,1
ष्य॑,1
ष्य॑तु॒,1
ष्य॑स्व॒,1
ष्वद,1
ष्वा॒भुवः॑,1
ष्वेतच्छुभर्क्षेष्वारभेतैतेन,1
ष्व॒ग्निः,1
ष्षोडशी,1
ष॑ण्याः,1
ष॑ति,1
ष॑ति॒,1
ष॑यो॒,1
ष॒,1
ष॒ड्भिर्,1
ष॒ड॒हँव्वाक्,1
ष॒ड॒हमिति॑,1
ष॒ड॒हम्,1
ष॒धस्था॑,1
ष॒न्ति,1
ष॒भं,1
सँल्लग्नम्,1
सँ॑व्वथ्स॒रस्य॑,1
सँ॒व्व॒थ्स॒रस्याय॑ने,1
सँ॒व्व॒थ्स॒रस्येति॑,1
संकल्पाज्जनयन्ति,1
संकुचितस्य,1
संकेतपद्धत्युक्तरीत्या,1
संकोचदृगिति,1
संक्षिप्तं,1
संख्यया,1
संख्यातुं,1
संख्याबलस्य,1
संगच्छते,1
संगतित्रयमिति,1
संगतित्रयमित्यर्थः,1
संगमेश्वरसंज्ञकम्,1
संगृहीतः,1
संग्रहीतम्,1
संग्रामेष्वपलायिनाम्,1
संग्रा॒मे,1
संग॒थे,1
संघटना,1
संचरन्ते,1
संचारभूमिं,1
संचालकानामपि,1
संजायते,1
संज्ञयातज्ज्ञजनावमतो,1
संज्ञानं,1
संज्ञार्थं,1
संज्ञेति,1
संततिं,1
संति,1
संतुष्टमिष्टानि,1
संतृप्तिः,1
संतोषं,1
संतोषः,1
संतोषस्तत्सापेक्षं,1
संतोषो,1
संत्यज्यैक्यमुपागताच,1
संत॑तिं॒,1
संदिग्धेऽपि,1
संद॑ग्ध॒,1
संध्यामौनं,1
संनियम्येन्द्रियग्रामं,1
संन्यवेशयत्,1
संन्यासः,1
संन्यासम्,1
संन्यासान्ते,1
संन्यासिनः,1
संपदो,1
संपातानानयति,1
संपाद्यतां,1
संपुटं,1
संपूजयेद्देवं,1
संपूर्णम्,1
संप्रसूयते,1
संप्राप्ते,1
संप्राप्य,1
संबंधितञ्च,1
संबध्यतो,1
संबलपुर,1
संभवति,1
संभवतीति,1
संभवत्कर्मभ्य,1
संभूत्यामृतमश्नुते,1
संभृत्य,1
संमि॑तश्च॒,1
संमोहयन्त्यञ्जसा,1
संयताञ्जलिसन्नुता,1
संयमी,1
संयाजयन्तीति,1
संयाज्ये,1
संयाति,1
संयावं,1
संयुक्तं,1
संयुक्तंश्रुत्वा,1
संयुक्तः,1
संयुक्तमेतद्धि,1
संयुक्तमेलने,1
संयुक्तयाचिकया,1
संयुक्तवार्तामेलने,1
संयुक्तसम्मेलनं,1
संयुक्तसम्मेलने,1
संयुक्ता,1
संयुक्तान,1
संयुक्तान्नर्चनै,1
संयुक्तो,1
संयुगे,1
संयोग,1
संयोगनिमित्तमुक्तम्,1
संयोगमासाद्य,1
संयोगवशाद्,1
संयोगा,1
संयोगादेर्व्याप्तिरूपत्वे,1
संयोगितास्वयंवरं,1
संयोगितास्वयंवरम्,1
संयोगे,1
संयोगेऽतिव्याप्तिरतो,1
संयोजनम्,1
संयोजनेन,1
संयोजितविरामस्थाण्वोः,1
संयोज्य,1
संयोज्यम्,1
संय॑त्ता,1
संय॑त्ते,1
संय॒न्ति,1
संरक्षणाय,1
संरक्षमाणमङ्गिरःप्रवरसुतमपश्यन्,1
संरक्षयेद्भिन्नं,1
संरक्षित,1
संरक्षितशरीरौ,1
संरक्षिताः,1
संरक्षितुं,1
संरम्भ,1
संरम्भश्च,1
संरम्भस्तु,1
संरम्भात्मकप्रयत्नसिद्धौ,1
संरम्भात्मको,1
संरम्भाद्,1
संरम्भोऽहम्प्रत्ययो,1
संरागाद्विरागाद्व्याहरेद्यदि,1
संरुद्धं,1
संलग्नाऽऽसीत्,1
संवतम्,1
संवत्सर,1
संवत्सरं,1
संवत्सरपूजकः,1
संवत्सरश्च,1
संवत्सरस्य,1
संवत्सराणां,1
संवत्सरानन्तरं,1
संवत्सराभ्यन्तरे,1
संवथ्सरः,1
संवथ्सरमेत॑द्व्रतं॒,1
संवथ्सरस्य,1
संवथ्सरात्ता,1
संवथ्सरीणं॑,1
संवथ्सरे,1
संवथ्सर॑स्य,1
संवथ्सर॒सदः॑,1
संवथ्स॒राद्गृ॒ह,1
संवधतञ्च,1
संवर्तो,1
संवर्धनस्य,1
संवसराणि,1
संवाद,1
संवादो,1
संवाहश्च,1
संविज्ज्ञायते,1
संविदा,1
संविदा॒ना,1
संविदि,1
संविद्रूपं,1
संविधान,1
संविधानस्य,1
संविशेथा,1
संविशेद्गृहमात्मनः,1
संविष्टं,1
संवि॑वे॒शेति॑,1
संवृतं,1
संवृतः,1
संवृतमात्मसञ्ज्ञम्,1
संवृतमानसा,1
संवृतवानिति,1
संवृताः,1
संवेग,1
संवेदनरूपत्वान्न,1
संवेद्यं,1
संवेद्यतैव,1
संवेद्यैव,1
संव्यवस्थिताः,1
संव्यवस्थिते,1
संव॑थ्सरा॒य,1
संव॑थ्सर॒स्य,1
संव॑सति,1
संशय,1
संशयभेदि,1
संशयमापन्नः,1
संशयविषयीभूतोऽर्थः,1
संशये,1
संशयो,1
संशयोत्पत्तिः,1
संशयोत्पत्तेः,1
संशयोऽपनेयः,1
संशृणुयादपि,1
संशोधनं,1
संशोधनानि,1
संशोधने,1
संशोष्य,1
संश्रवम्,1
संश्रावयन्सभाम्,1
संश्रिताः,1
संश्रुत्य,1
संश्लेष,1
संश्लेषमात्रं,1
संश्लेषो,1
संसक्तस्यात्वैवन्तु,1
संसरन्तु,1
संसर्गाल्लोहितप्रदूषणाल्लोहितगन्धवर्णानुविधानाच्च,1
संसारकान्तारे,1
संसारतोभितमनुग्रह्णाति,1
संसारनद्यामुह्यमानानुत्तारयिष्यसि,1
संसारपाशामुच्यते,1
संसारमण्डले,1
संसारमेवानुसरन्ति,1
संसारमोचकस्येश्वरप्रसादस्यानुकूलो,1
संसारमोचनेच्छा,1
संसारमोचिका,1
संसारयोगादनिर्मोक्षः,1
संसारस्य,1
संसारहेतुत्वं,1
संसारहेतुरभुपेयः,1
संसारादिति,1
संसारादृ,1
संसाराद्‌गुरुर्वै,1
संसाराब्धौनिमग्नांशरणमशरणानिच्छतो,1
संसारावस्थायामव्यापकत्वं,1
संसारिणः,1
संसारिणाम्,1
संसारिणो,1
संसारी,1
संसारीसपशुर्बद्धो,1
संसारेषु,1
संसिद्धा,1
संसिध्येद्,1
संसिध्येद्ब्राह्मणो,1
संसृतिः,1
संसृतिस्तिर्यगादियोनिप्राप्तिः,1
संसृष्टे,1
संस्करण,1
संस्करणं,1
संस्करणे,1
संस्कारं,1
संस्कारमभिरोचयन्,1
संस्कारवशाच्चकभ्रंवद्धृतशरीरैती,1
संस्कारस्य,1
संस्कारादिकम्,1
संस्काराह्येव,1
संस्कारे,1
संस्कारोत्तारकत्वाभावादितिः,1
संस्कृतचलनपवनेनाभिव्यज्यते,1
संस्कृतज्ञानां,1
संस्कृतपत्रकारिताया,1
संस्कृतपाटवयुक्तः,1
संस्कृतप्रचाराय,1
संस्कृतप्रेमिणः,1
संस्कृतप्रेमिणां,1
संस्कृतभारती,1
संस्कृतभाषा,1
संस्कृतभाषानुबन्धाः,1
संस्कृतभाषाया,1
संस्कृतमाध्यमेन,1
संस्कृतम्,1
संस्कृतवाङ्मयम्,1
संस्कृतशिक्षकः,1
संस्कृतशिक्षणं,1
संस्कृतशिष्यस्य,1
संस्कृतसम्भाषणशीलः,1
संस्कृताध्यापकाः,1
संस्कृताध्यापकानां,1
संस्कृताध्यापिकया,1
संस्कृतास्ते,1
संस्कृतिं,1
संस्कृतिः,1
संस्कृते,1
संस्कृतौ,1
संस्तरे,1
संस्तुतस्यैव,1
संस्तुतेति,1
संस्थस्य,1
संस्थाः,1
संस्थानं,1
संस्थानात्मकमपि,1
संस्थापकः,1
संस्थापनं,1
संस्थापयितुं,1
संस्थापितेन,1
संस्थाप्य,1
संस्थाया,1
संस्थायाः,1
संस्थायास्तस्याः,1
संस्थायै,1
संस्थितम्,1
संस्थिताजैनाशक्या,1
संस्पर्शाद्भूयः,1
संस्पृशेच्छिष्य,1
संस्पृशेच्छिष्यदेहं,1
संस्पृशेत्क्वचित्,1
संस्पृश्य,1
संस्पृष्ट,1
संस्पृष्टा,1
संस्मृतिस्ते,1
संस्मृत्य,1
संहतैः,1
संहननाङ्गः,1
संहर,1
संहरति,1
संहरेच्च,1
संहर्ता,1
संहार,1
संहारकालायते,1
संहारक्रमेणोद्,1
संहारश्चाष्टभैरवः,1
संहारावस्थायामप्युपलभ्येरन्,1
संहिताज्ञानपारगाः,1
संहितामन्त्रान्,1
संहितायामेकादशस्कन्धे,1
संह्रियते,1
सं॑ग्रही॒तुर्गृ॒हे,1
सं॑ग्रा॒म,1
सं॑ग्रा॒मं,1
सं॑द॒धुः,1
सं॑यन्ति॒,1
सं॑वथ्स॒र,1
सं॑वथ्स॒रः,1
सं॑वथ्स॒रस्या॒ऽ॒ऽ॒यत॑नं॒,1
सं॑वथ्स॒रस्या॒ऽ॒ऽ॒यत॑नम्,1
सं॑वे॒श,1
सं॒गम॑नी॒,1
सं॒चर॑न्तं,1
सं॒चर॑न्ती॒स्ताः,1
सं॒जय॑न्तीमप्स॒रां,1
सं॒जय॒न्क्षेत्रा॑णि॒,1
सं॒ज्ञानं॒,1
सं॒ज्ञाने॒ऽग्निं,1
सं॒तर॑ति॒,1
सं॒तर॑न्त॒,1
सं॒दृशि॒,1
सं॒धौ,1
सं॒यद्व॑सुः,1
सं॒यन्ति॑,1
सं॒यन्ति॒,1
सं॒वस॑न्त,1
सं॒वस॑न्तो,1
सं॒वि॒दा॒ना,1
सं॒व॒थ्स॒रं,1
सं॒व॒थ्स॒रस्य॑,1
सआसादो,1
सकमण्डलुः,1
सकर्मकाः,1
सकर्मकादिति,1
सकलजनानुचित्तीघ्रक्षया,1
सकलत्वमित्यलं,1
सकलनिष्कलं,1
सकलन्ते,1
सकलप्रलयाकलोविज्ञाः,1
सकलमलहरं,1
सकलवृत्तिनिरोधे,1
सकलस्य,1
सकलस्यैव,1
सकलाः,1
सकलाख्यानां,1
सकलानणून्,1
सकलाना,1
सकलानां,1
सकलास्तद्वत्,1
सकले,1
सकलेतरविसजातीयनित्यनिरतिशयसूक्ष्मतत्त्वात्मविषया,1
सकलेषु,1
सकलोभिधीयते,1
सकामानां,1
सकाशाद्,1
सकाशाद्भवती,1
सकुटुम्बं,1
सकुटुम्बो,1
सकृदागामिफले,1
सकृदेवास्तरेद्दर्भान्,1
सकृद्दृष्टे,1
सकृद्धौतस्य,1
सकृष्णास्ते,1
सकोपस्य,1
सकौतूहलापि,1
सक्ता,1
सक्तू,1
सक्तूँश्च,1
सक्तेः,1
सक्तो,1
सक्रियकार्याणि,1
सक्षमः,1
सक्षी॒महि॑,1
सक्ष॒,1
सखापि,1
सखायः,1
सखा॑यमब्रवीत्,1
सखा॑यम्,1
सखा॑यौ,1
सखि॑भि॒र्वाव॑दद्भिरश्म॒न्मया॑नि॒,1
सखि॑भ्यो॒,1
सखि॒विद॒,1
सखीभि,1
सखी॑नां,1
सख्या॑,1
सख्युर्,1
सख्ये,1
सगणाः,1
सगृ॑हः॒,1
सगोत्रो,1
सगौरवं,1
सग॑णो,1
सघा॑सि॒,1
सघोषं,1
सघ्यासम्,1
सङ्कटात्,1
सङ्करः,1
सङ्करोस्ति,1
सङ्कर्षणं,1
सङ्कर्षणः,1
सङ्कर्षणनृसिंहात्मा,1
सङ्कलनाभावे,1
सङ्कल्पं,1
सङ्कल्पधर्मि,1
सङ्कल्पम्,1
सङ्कल्पात्मनोऽवधानस्य,1
सङ्कल्पेनात्मवर्तिना,1
सङ्कल्पो,1
सङ्कीर्णेन,1
सङ्केतितश्चतुर्भेदो,1
सङ्केतोऽपि,1
सङ्क्रान्ता,1
सङ्क्राम्त,1
सङ्क्षयम्,1
सङ्क्षेपप्रकारमाह,1
सङ्क्षेपप्रकारमुक्त्वा,1
सङ्क्षेपमाह,1
सङ्क्षेपात्कथयस्व,1
सङ्क्षेपादिति,1
सङ्क्षेपाद्,1
सङ्क्षेपेण,1
सङ्क्षेपो,1
सङ्क्ष्यप्यते,1
सङ्ख्यां,1
सङ्ख्याः,1
सङ्ख्याकपच्चशोभितं,1
सङ्ख्याकपद्यमण्डितमपरञ्च,1
सङ्ख्याप्रमाणसंस्थान,1
सङ्ख्यामात्मनिवेदनम्,1
सङ्ख्याया,1
सङ्ख्याविशेषा,1
सङ्गत,1
सङ्गतिः,1
सङ्गत्यागपरायणम्,1
सङ्गमः,1
सङ्गमो,1
सङ्गम्य,1
सङ्गीतमुत्तमम्,1
सङ्गीताभ्यासः,1
सङ्गृह्णाति,1
सङ्गृह्यते,1
सङ्गोष्ठ्यः,1
सङ्ग्रहं,1
सङ्ग्रहमत्र,1
सङ्ग्रहे,1
सङ्ग्रहेण,1
सङ्ग्रहोऽवष्टम्भोऽम्भसः,1
सङ्ग्रामस्तमो,1
सङ्ग्रामोद्योगवर्णनन्नाम,1
सङ्घटनस्य,1
सङ्घटनेन,1
सङ्घट्टः,1
सङ्घर्षः,1
सङ्घर्षात्,1
सङ्घशः,1
सङ्घस्य,1
सङ्घैर्,1
सङ्टनशीलः,1
सङ्‌कल्पं,1
सङ्‌ग्राह्यं,1
सचता॒,1
सचथाय,1
सचथायेत्यनेन,1
सचन्ते॒,1
सचानादिर्मलः,1
सचिवश्चास्य,1
सचेद्,1
सचेमहि,1
सचेय,1
सच्चिदानन्दमद्वयम्,1
सच्चिदानन्दविग्रहः,1
सच्छिद्रं,1
सजम्भारि,1
सजा॒तानव॑,1
सजित्,1
सजित्प्रेमदासः,1
सजीवं,1
सज्जतां,1
सज्जनकुलानां,1
सज्जनाः,1
सज्जनानां,1
सज्जनैः,1
सज्जम्,1
सज्जीकृतानि,1
सज्ज्ञापयति,1
सज्ज॑ति,1
सञ्चक्ष्महे,1
सञ्चार,1
सञ्चारमाध्यमेन,1
सञ्चारयन्तम्,1
सञ्चारी,1
सञ्चारीत्युक्तम्,1
सञ्चितप्रचुरप्राचीनामलकमातुलुङ्गद्राक्षादाडिमादिफले,1
सञ्चितमित्यर्थः,1
सञ्चितम्,1
सञ्चिन्त्यशोध्यते,1
सञ्चिन्त्या,1
सञ्छन्नां,1
सञ्छिन्नवर्मा,1
सञ्जनयति,1
सञ्जवनपुञ्जितोद्विग्नपरिजने,1
सञ्जात,1
सञ्जातः,1
सञ्जायतेतराम्,1
सञ्जीति,1
सञ्जीवकं,1
सञ्जीवयन्त्यशेषाणि,1
सञ्ज्ञकः,1
सञ्ज्ञां,1
सञ्ज्ञाः,1
सञ्ज्ञानं,1
सञ्ज्ञाभेदः,1
सञ्ज्ञितः,1
सञ्ज्ञै,1
सततं,1
सततवाहिनौ,1
सततोत्थितः,1
सतह्,1
सता,1
सतीष्,1
सती॑,1
सतूलमूलबान्धवं,1
सतैः,1
सतोऽप्येकमयं,1
सत्कार्यवादाऽभ्युपगमेन,1
सत्तमहान्माहेश्वराव,1
सत्तमाः,1
सत्तवानि,1
सत्तामात्रमगोचरम्,1
सत्ताया,1
सत्त्रेधाख्यायते,1
सत्त्वगङ्गासुगासरिः,1
सत्त्वगुण्यगुरुस्वामी,1
सत्त्वमेकं,1
सत्त्वरजस्तमोबहुलाः,1
सत्त्वस्य,1
सत्त्वाः,1
सत्त्वाढ्यानां,1
सत्त्वादिगुणत्रयस्यैव,1
सत्त्वादिगुणत्रयाद्भोग्यरूपादन्यो,1
सत्त्वादिगुणत्रयान्वितेन,1
सत्त्वादिगुणबाहुल्यात्,1
सत्त्वादिगुणान्वयात्,1
सत्त्वादिबाहुल्यादिति,1
सत्त्वादीनां,1
सत्त्वेषु,1
सत्पुरुषानुप्रविष्टे,1
सत्प॑ति,1
सत्यग्नि,1
सत्यजीत्,1
सत्यतिरिच्यते,1
सत्यधस्तनविषयाद्,1
सत्यनेकत्वात्,1
सत्यपराक्रमम्,1
सत्यप्रज्ञाय,1
सत्यमक्रोध,1
सत्यमेतत्,1
सत्यमेतन्मयोदितम्,1
सत्यरूपाय,1
सत्यलोकोर्ध्वस्थितस्य,1
सत्यवतः,1
सत्यशौचपरायणाः,1
सत्यहङ्कृतिः,1
सत्यादिगुणसंयुतः,1
सत्यानन्दः,1
सत्यानि,1
सत्यानृते,1
सत्यान्ता,1
सत्यामपीच्छायां,1
सत्या॒नाम्,1
सत्ये,1
सत्येत्वर्धाञ्जसा,1
सत्येभिपूजिते,1
सत्यौजाः,1
सत्य॑रा॒जा,1
सत्य॒वाचे॑,1
सत्रयु,1
सत्वं,1
सत्वसङ्ग्रहे,1
सत्संप्रदायदेव्यः,1
सत्साधनं,1
सत्स्वपि,1
सत॑नु॒र्,1
सदः,1
सदनं,1
सदश्वैर्वेगवत्तरैः,1
सदसच्छब्दनिर्देश्यम्,1
सदसदुभयं,1
सदस्ति,1
सदात्मति,1
सदानन्दसुखप्रदं,1
सदाम्,1
सदारेण,1
सदाव्यान्नैरृतीं,1
सदाशिवः,1
सदाशिवतत्वम्,1
सदाशिवतत्वस्य,1
सदाशिवतत्वादिपाय,1
सदाशिवतत्वाय,1
सदाशिवतत्वे,1
सदाशिवम्,1
सदाशिवस्वरूपम्,1
सदाशिवाः,1
सदाशिवादि,1
सदाशिवान्तात्मकमित्येवं,1
सदाशिवाय,1
सदाशिष्यत्वयोगतः,1
सदाऽवतु,1
सदा॑वन्भा॒गमी॑महे,1
सदा॒सहम्,1
सदिसी,1
सदीक्षया,1
सदीश्वर,1
सदुःखो,1
सदूर्थापनकित्युच्यते,1
सदृशं,1
सदृशः,1
सदृशम्,1
सदृशी,1
सदेव॒त्वाय॒,1
सदो॑,1
सदो॒,1
सद्गुणार्णवः,1
सद्धोता॑,1
सद्भावभावकम्,1
सद्भावात्,1
सद्भावे,1
सद्भावेश्वरवाचकम्,1
सद्भोगमोक्षदं,1
सद्भोगार्थं,1
सद्म,1
सद्यः,1
सद्योजातब्रह्मादिष्ठिता,1
सद्योजातमूर्तये,1
सद्योजातवामदेवा,1
सद्योजातश्च,1
सद्योजातस्य,1
सद्योजातहृदयमन्त्रौ,1
सद्योजातादयो,1
सद्योज्योतिःशिवाचार्यप्रणीता,1
सद्योज्योतिष्पादैः,1
सद्योनिर्वाणाद्यनेकविधदीक्षान्तेवः,1
सद्य्ं,1
सद्रत्नगुटिकायुक्तकवचोरःस्थलोज्ज्वलम्,1
सद्रूपेत्यर्थः,1
सद्वृत्ताय,1
सद॑क्षः॒,1
सद॑ने,1
सद॑से॒,1
सद॑स॒स्पत॑ये॒,1
सद॒मिद॑प्रमृ॒ष्यः,1
सद॒स्यार्ति॑मा॒र्पय॑न्ति॒,1
सद॒स्यार्ति॒मार्च्छ॑ति,1
सद॒स्यार्ति॒मार्च्छ॑ति॒,1
सद॒स्यार्ति॒मार्प॑यन्ति॒,1
सद॒स्या॑ने॒व,1
सध्यक्षराणां,1
सनत्कुमार,1
सनत्कुमारेण,1
सनन्दनादीन्,1
सनातनं,1
सनातनः,1
सनातनम्,1
सनातनोऽसि,1
सनालनीलोत्पलपूलीसनाथसलिलपानभाजनभुवि,1
सनालाम्रककूर्चादीन्कलशांश्च,1
सनाशंसभिक्ष,1
सनी॑यान्,1
सनुमः,1
सनोतेः,1
सन्किंत्वस्यां,1
सन्ततं,1
सन्ततम्,1
सन्ततिभ्यो,1
सन्तत्यनपायिनी,1
सन्तन्त्राणां,1
सन्तन्त्राणि,1
सन्तप्ताप्तसामन्ते,1
सन्तरेद्दुस्तरं,1
सन्तर्पणोत्थेषु,1
सन्तर्पयति,1
सन्तापातिशयमिव,1
सन्तापो,1
सन्तारयति,1
सन्तिति,1
सन्तितिन्यायेन,1
सन्तिष्ठं,1
सन्तीति,1
सन्तुष्टः,1
सन्ते॒,1
सन्तोषं,1
सन्तोषसलिलेक्षणाः,1
सन्तोषो,1
सन्तो॑,1
सन्तौ,1
सन्त्येव,1
सन्त्य॑ग्ने॒,1
सन्त्वा॑,1
सन्त्व॒स्मे,1
सन्थ्स॒ता,1
सन्दधे,1
सन्दध्यात्स्वाध्यायगतं,1
सन्दर्शनं,1
सन्दर्शनसन्नाहस्य,1
सन्दर्शनात्सम्यक्ततः,1
सन्दर्शनाद्ध्रुवम्,1
सन्दिग्धत्वं,1
सन्दिग्धव्यतिरेको,1
सन्देशं,1
सन्देहनिवारणार्थम्,1
सन्देहसम्भावना,1
सन्देहाः,1
सन्देहेन,1
सन्देहेनान्यथाप्युपपत्तिरेव,1
सन्धयेत्सम्यङ्मृण्मूषासम्पुटे,1
सन्धानेन,1
सन्धारय,1
सन्धिवातः,1
सन्ध्यया,1
सन्ध्या,1
सन्ध्यायां,1
सन्ध्यास्विति,1
सन्ध्ये,1
सन्ध॑म,1
सन्नद्धाः,1
सन्नद्धो,1
सन्नासीताभिमुखं,1
सन्नि,1
सन्निकृष्टं,1
सन्नित्यर्थः,1
सन्निधान,1
सन्निधिमात्रेण,1
सन्निधेः,1
सन्निभेति,1
सन्निवर्तनम्,1
सन्निवर्तने,1
सन्निवेशेन,1
सन्निवेशो,1
सन्नि॒रव॑दये॒,1
सन्न्,1
सन्न्यासं,1
सन्न्यासयोगज्ञानानि,1
सन्न्यासयोगाद्,1
सन्बलीयसा,1
सन्मन्त्रमभेद्यं,1
सन्मार्गं,1
सन्मार्गदायकः,1
सन्मार्गस्थानां,1
सन्मुनेः,1
सन्राजा,1
सन्वत्त्वादित्त्वे,1
सन्वद्भावविषयत्वाऽभावान्नाऽभ्यासदीर्घः,1
सन्वाचं॒,1
सपत्नीकमाचार्यं,1
सपत्नीर्,1
सपत्न्या,1
सपत्न॒दम्भ॑न॒मद॑ब्धासो॒,1
सपरिहारः,1
सपाशत्रय,1
सपाशत्रयविश्लेषं,1
सपिता,1
सपुत्रपशुभृत्यकम्,1
सपुत्रबलवाहनम्,1
सपुत्रस्य,1
सपुत्रेण,1
सपुत्रेणाखिलं,1
सपुराणकैः,1
सप्तकर्ण॑श्च,1
सप्तकोटिमन्त्राणां,1
सप्तचर्वारिंशेऽध्याये,1
सप्तजन्मकृतं,1
सप्तड्गपीठेन,1
सप्तत्युत्तरशततमोऽध्यायः,1
सप्तदश,1
सप्तदशाक्षरश्,1
सप्तदशाक्षराण्येव,1
सप्तदशोध्यायः,1
सप्तदशोऽध्यायः,1
सप्तद॒श,1
सप्तद॒शः,1
सप्तद॒शेन॒,1
सप्तधा,1
सप्तपर्णसुवर्चिकाम्,1
सप्तमं,1
सप्तमशतकस्य,1
सप्तमे,1
सप्तमो,1
सप्तम्बरमासे,1
सप्तर्त्विजः,1
सप्तलक्षं,1
सप्तविंशतिकं,1
सप्तषष्टिषु,1
सप्तसुप्रथमेतिशस,1
सप्तस्वसा,1
सप्तहस्ता,1
सप्ताङ्गपीठस्य,1
सप्ताङ्गस्य,1
सप्ताहाभ्यन्तरे,1
सप्ताहे,1
सप्ते,1
सप्त॑मः,1
सप्त॒र्,1
सप्रजापतयस्सर्वे,1
सप्रणवशिरस्त्रिपदीं,1
सप्रथस्तमे,1
सप्रपञ्चमधिरूढसमाधियोगः,1
सप्रवर्त्यनीया,1
सप्र॑व॒र्ग्येण॑,1
सप॑शुः,1
सप॒त्नान्नः॑,1
सबीज,1
सबीजकानि,1
सबीजदीक्षा,1
सबीजां,1
सबीजाख्य,1
सबीजायामपि,1
सबीभत्से,1
सब्रह्मकानां,1
सभतॄणां,1
सभयभिषग्दृष्टैररिष्टैराविष्टम्,1
सभर्तॄणां,1
सभा,1
सभाः,1
सभानिर्मापणम्,1
सभार्येण,1
सभासदः,1
सभ्ये,1
सभ्रूभङ्गं,1
सभ॑राः,1
समः,1
समकालमपेक्ष्यते,1
समगुप्तागुप्तयुवतिपरिचेष्टम्,1
समग्रता,1
समग्रपरिशोधाय,1
समग्रस्य,1
समग्राः,1
समग्रे,1
समञ्जनं,1
समतलाः,1
समत॑,1
समदः,1
समदर्शनमप्यपरोक्षज्ञानद्वारेणैवापुनरावृत्तिसाधनम्,1
समदर्शिनः,1
समदृष्टिविषयस्तु,1
समधाया,1
समध्यगमत्,1
समनन्तः,1
समना,1
समनुशिष्टेन,1
समनो,1
समन्तादाश्चर्यभूताम्,1
समन्ताद्बहुभिश्,1
समन्त्रेणात्महस्तेन,1
समन्वितं,1
समन्वितप्रतिमां,1
समपादयत्,1
समभवंस्तस्य,1
समभागविलोडितः,1
समभिच्छन्नां,1
समभिद्रवन्,1
समभिव्याहाराद्यज्ञरूपं,1
सममेतद्द्वयं,1
समयं,1
समयदीक्षा,1
समयदीक्षानन्तरमेव,1
समयदीक्षामात्रेण,1
समयन्यपि,1
समयविशेष,1
समयविशेषादि,1
समयसंस्कार,1
समयाचार,1
समयाचारवर्जिता,1
समयाचारशुद्धिदा,1
समयाचारा,1
समयाचारानुष्ठाने,1
समयाचारानुष्ठानेन,1
समयादि,1
समयादिरेच्छातो,1
समयाद्यक्षमं,1
समयाद्यनुष्ठानापेक्षया,1
समयाद्यनुष्ठानेनाहिंसाद्यात्मगुणैः,1
समयिगम्यत्वात्तस्य,1
समयिनं,1
समयिनि,1
समयिनी,1
समयिन्,1
समयिन्यपि,1
समयुध्यत,1
समयेन,1
समयोऽप्याधिक्येनावश्यकः,1
समय्याख्ये,1
समरप्रक्रमः,1
समरवर्मणः,1
समर्चयेत्,1
समर्जितो,1
समर्थनगर,1
समर्थनगरस्य,1
समर्थविभक्तिः,1
समर्थाः,1
समर्थानां,1
समर्थानि,1
समर्थों,1
समर्थोऽन्तिके,1
समर्थ्यानां,1
समर्धयति,1
समर्पणमित्यनेन,1
समर्पणम्,1
समर्पयिष्यति,1
समर्पयेत्,1
समर्पितवती,1
समर्पितायाः,1
समलंकृतम्,1
समलत्वं,1
समलत्वसरागताद्यभ्युपगन्तव्यमिति,1
समलत्वेनाज्ञस्वभावत्वे,1
समवर्तताग्रे,1
समवायं,1
समवायान्,1
समवाये,1
समवायोऽथ,1
समवेतं,1
समवेतानां,1
समवैति,1
समव॒यन्त्रि॑तम्,1
समशिक्षयदनुशिष्टेन,1
समस्तं,1
समस्तपाशक्षये,1
समस्तम्,1
समस्तराज्ञां,1
समस्तशास्त्रोपदेशकत्वाल्लोकाचार्यः,1
समस्तस्योत्तरमुक्तम्,1
समस्ता,1
समस्ताभ्यां,1
समस्तुष्,1
समस्तेष्वेव,1
समस्तो,1
समस्थितौ,1
समस्यते,1
समस्यायाः,1
समस॒नादेकः॑,1
समांते,1
समाख्याता,1
समाख्याते,1
समागता,1
समागताः,1
समागतानां,1
समागतान्,1
समागत्य,1
समागमः,1
समागमम्,1
समागमो,1
समाजस्य,1
समाददानः,1
समादानाय,1
समादापयति,1
समादाय,1
समादिशत्,1
समादिष्टं,1
समादिष्टा,1
समादृतः,1
समाधाया,1
समाधिकरणम्,1
समाधिना,1
समाधिर्मध्यमो,1
समान,1
समानमा,1
समानयनम्,1
समानस्य,1
समानस्यामुदानोव्यान,1
समानेतुं,1
समान्,1
समापद्य,1
समाप्त,1
समाप्तम्,1
समाप्ता,1
समाप्तेयं,1
समाप्तौ,1
समाप्नुयात्,1
समाप्य,1
समाभ्यासाज्जीवेच्चैव,1
समाम्नातं,1
समाययुः,1
समायाति,1
समायातौ,1
समायास्थेन,1
समायुक्तं,1
समायुक्तैर्,1
समायोगे,1
समारब्धा,1
समारब्धुं,1
समारभेदिति,1
समारभ्य,1
समारुरुक्षति,1
समारुह्य,1
समारोपितवांश्च,1
समारोहानुबन्धतया,1
समालब्धगा,1
समालिख्य,1
समालिङ्ग्य,1
समावर्तनात्संस्कारान्,1
समावाह्यात्मतत्वं,1
समाविशेत्,1
समाशृत्य,1
समासतो,1
समासप्रत्ययविधावाते,1
समासाच,1
समासाच्च,1
समासीनः,1
समासे,1
समास्तायामन्द,1
समास्थायाद्योतितेश्वरतेजसा,1
समास्थितम्,1
समाहिताः,1
समाहितौ,1
समाहूयाब्रवीद्वचः,1
समाहृदः,1
समा॒नत्र॑,1
समितिञ्जयः,1
समितेः,1
समित्यः,1
समिदन्नाज्यकैर्द्रव्यैर्नाम्ना,1
समिद्भिः,1
समिद्भिरग्निं॑,1
समिद्भिश्चरुणाज्येन,1
समिषो॑,1
समि॑ध्यते,1
समि॒ध्यसे,1
समीक्षात्मक,1
समीक्ष्य,1
समीक्ष्यत,1
समीक्ष्यैनां,1
समीचीना,1
समीपं,1
समीपता,1
समीपस्थं,1
समीपस्थे,1
समीरितम्,1
समीरिताम्,1
समीष्यत,1
समीहितं,1
समीहिते,1
समी॑धे,1
समुचितम्,1
समुच्चय,1
समुच्चयार्थश्चशब्दः,1
समुच्छिदा,1
समुच्छ्रयाः,1
समुत्थानान्नियत्या,1
समुत्पन्ने,1
समुत्पेतुर्महार्चिषः,1
समुत्स्रष्टुं,1
समुदपादि,1
समुदाचरन्,1
समुदानविधायकमिति,1
समुदायेन,1
समुदिता,1
समुद्दिपित,1
समुद्देश,1
समुद्देशः,1
समुद्योगादात्मनि,1
समुद्र,1
समुद्रः,1
समुद्रमापः,1
समुद्राः,1
समुद्रान्तां,1
समुद्राय,1
समुद्राश्च,1
समुद्रे॒ष्ठा,1
समुद्रोऽसि,1
समुद्रोऽस्युरुव्यचा,1
समुपस्थितः,1
समुपागतः,1
समुपागत्य,1
समुल्लङ्घ्य,1
समु॑क्षत॒,1
समु॒दीरि॑ताः,1
समु॒द्रिया॑,1
समूढ्,1
समूहं,1
समूहम्,1
समूहवदिति,1
समूहे,1
समू॑ढ॒,1
समू॑हति,1
समृगद्विजाः,1
समृद्धः,1
समृद्धसांस्कृतिक,1
समृ॑द्धेन,1
समृ॑द्ध्यै,1
समेतानि,1
समेतास्तत्र,1
समेत्य,1
समेषु,1
समे॑तु,1
समो॑कसा,1
सम्पद्यमाने,1
सम्पन्नो,1
सम्पन्नौ,1
सम्परिष्वज्य,1
सम्पर्कः,1
सम्पादकीयम्,1
सम्पादयितुं,1
सम्पादयेद्,1
सम्पा॑दय॒त्यथो॒,1
सम्पा॑रय,1
सम्पा॑रय॒,1
सम्पा॑रय॒त्येदम॑गन्म,1
सम्पा॑र॒येत्या॑है॒ते,1
सम्पा॒दये॒त्तेजः॑,1
सम्पीड्य,1
सम्पुटेषु,1
सम्पूज्याभिरामं,1
सम्पूणे,1
सम्पूर्णदक्षिणाः,1
सम्पूर्णफलवत्त्वमुक्तमत्र,1
सम्पूर्णमनाहारा,1
सम्पूर्णम्,1
सम्पूर्णवर्णाश्रमधर्मवत्वमुच्यत,1
सम्पूर्णशीतलच्छायः,1
सम्पूर्णा,1
सम्प्रणश्यति,1
सम्प्रतस्थे,1
सम्प्रतीयते,1
सम्प्रदान,1
सम्प्रदानेन,1
सम्प्रदायः,1
सम्प्रदायनाम्नाऽधुना,1
सम्प्रदायवत्,1
सम्प्रभावेन,1
सम्प्रयोक्तव्या,1
सम्प्रयोजयेत्,1
सम्प्रश्नं,1
सम्प्रहृष्टतनूरुहः,1
सम्प्राप्तधनोत्सर्ग,1
सम्प्राप्ता,1
सम्प्राप्य,1
सम्प्रार्थितश्चिन्मयः,1
सम्प्रोक्तं,1
सम्प्रोक्तस्तेन,1
सम्प्रोक्ष्ययेज्जलैः,1
सम्प॑द्यन्ते॒,1
सम्प॒रीवृ॑ताम्,1
सम्बद्धं,1
सम्बद्धम्,1
सम्बन्धत्वं,1
सम्बन्धादपितानि,1
सम्बन्धाद्युगपत्,1
सम्बन्धिं,1
सम्बन्धिनी,1
सम्बन्धे,1
सम्बन्धो,1
सम्बन्धोऽन्वयव्यतिरेकाभ्यां,1
सम्बभूवतुः,1
सम्बुद्धिस्तद्विषयं,1
सम्बुबुधिरे,1
सम्बोधयिष्‍यति,1
सम्बोधितो,1
सम्भरति,1
सम्भवतीत्याशङ्कते,1
सम्भवत्यदृष्टपरिकल्पना,1
सम्भवन्ति,1
सम्भवन्ती,1
सम्भवेत्,1
सम्भवेदिति,1
सम्भव्त्,1
सम्भावनायां,1
सम्भावितव्यानि,1
सम्भाष्यते,1
सम्भिन्नप्रलापी,1
सम्भूतो,1
सम्भूय,1
सम्भूयाऽनन्यवत्,1
सम्भूयेच्छादिसाधनम्,1
सम्भूयेच्छादीनां,1
सम्भृतक्रोधभारः,1
सम्भ्रमस्त्वया,1
सम्भ्रमे,1
सम्भ॑वन्ति॒,1
सम्भ॑विष्यामः,1
सम्भ॑व॒न्त्योष॑धयः,1
सम्मतिपत्रं,1
सम्मतिरनुज्ञपनमेतद्,1
सम्मनितवन्तः,1
सम्मन्येत,1
सम्मर्दः,1
सम्मर्द्य,1
सम्माननं,1
सम्मितम्,1
सम्मितामिति,1
सम्मृज्याङ्गुष्ठमूलेन,1
सम्मेलनमेव,1
सम्मेलनानि,1
सम्मेलने,1
सम्मोहं,1
सम्म्प्रोक्तः,1
सम्यक्संशोध्य,1
सम्यक्संश्रूयतां,1
सम्यक्सम्बोधिः,1
सम्यक्सम्बोधिमभिसम्बुध्येयं,1
सम्यक्सम्बोधिमभिसम्भोत्स्यसे,1
सम्यक्सम्बोधिर्,1
सम्यक्स्थापनं,1
सम्यगभिपूज्य,1
सम्यगर्पणम्,1
सम्यगाकर्षणात्,1
सम्यगाचरेत्,1
सम्यग्,1
सम्यग्देहो,1
सम्यग्द्वादशवार्षिकी,1
सम्यग्भा,1
सम्यग्भावनीयाः,1
सम्यग्वसिष्ठेन,1
सम्यञ्चम्,1
सम्यतः,1
सम्याः,1
सम्राजः,1
सम्विधौ,1
सम्व्यवस्थिताः,1
सम॑जीगमम्,1
सम॑नमन्त॒,1
सम॑नसः,1
सम॑नसः॒,1
सम॑भवत्,1
सम॑भवन्न्,1
सम॑भूः,1
सम॑र्धय,1
सम॑र्धयति,1
सम॑र्धयति॒,1
सम॑वर्तत,1
सम॑वर्त॒ताधि॑,1
सम॑ष्ट्यै,1
सम॒हं,1
सम॒हमि॑न्द्रि॒येण॑,1
सयनेकत्वे,1
सयुक्तिकमुपपादितम्,1
सयोनी,1
सर,1
सरकार्येषु,1
सरथं,1
सरलशेवलवलयितगलद्गोलयन्त्रके,1
सरविषयिणी,1
सरस,1
सरसङ्घचालकाः,1
सरस्व,1
सरस्वतीम्,1
सरावणाः,1
सरित्प्रवेशाप्रवेशनिमित्तवृद्धिशोषौ,1
सरुग्मीति,1
सरोजरोचिराननां,1
सरोभिः,1
सरोवरम्,1
सर्,1
सर्गजयहेतुत्वाविरोधात्,1
सर्गप्रातिलोम्येन,1
सर्गविपर्ययात्,1
सर्गस्थितिलयास्तस्याः,1
सर्गस्थित्यन्तकारिणीम्,1
सर्गाः,1
सर्गादयः,1
सर्गादिगणनाच्युतम्,1
सर्गादौ,1
सर्गारम्भे,1
सर्गो,1
सर्जक,1
सर्पत,1
सर्पदंशेन,1
सर्पश्चरन्तं,1
सर्पसेनाग्रणीनां,1
सर्पिर्जीवनीयं,1
सर्पो,1
सर्प॑न्तम्,1
सर्प॑न्ति॒,1
सर्प॒तातः॑,1
सर्वं॒,1
सर्वकर्तृता,1
सर्वकर्तृत्व,1
सर्वकर्तृत्वम्,1
सर्वकर्तृत्वसम्बन्धात्,1
सर्वकर्तृत्वाच्च,1
सर्वकर्तृत्वादि,1
सर्वकर्तृसम्बन्धेन,1
सर्वकर्मपरित्यागप्रतिपादनार्थो,1
सर्वकर्माधिकारित्वा,1
सर्वकर्मानुष्ठानयोग्यत्वमेव,1
सर्वकामदम्,1
सर्वकामफलप्रदम्,1
सर्वकामार्थसाधनम्,1
सर्वकामार्थसिद्धये,1
सर्वकार,1
सर्वकारस्य,1
सर्वकार्याणां,1
सर्वकार्याणि,1
सर्वकालं,1
सर्वकालक्रमार्थज्ञं,1
सर्वकालक्रमार्थज्ञम्,1
सर्वकिल्बिषनाशनम्,1
सर्वकिल्बिषैः,1
सर्वकृत्,1
सर्वक्रमोऽपि,1
सर्वक्लेशविनाशक,1
सर्वगतं,1
सर्वगततया,1
सर्वगतवाक्ये,1
सर्वगता,1
सर्वगतोपि,1
सर्वगत्वादणोर्मते,1
सर्वगन्धजातिग्रहणेन,1
सर्वगन्धजातीनामपर्यन्तः,1
सर्वगात्रेषु,1
सर्वजीवाः,1
सर्वजीवानां,1
सर्वज्ञ,1
सर्वज्ञत्वमस्तुकानोहानिरिति,1
सर्वज्ञत्वसर्वकर्तृकत्वश्रवणाद्,1
सर्वज्ञत्वा,1
सर्वज्ञत्वात्,1
सर्वज्ञत्वादयुक्ताऽस्य,1
सर्वज्ञत्वादि,1
सर्वज्ञनाथोऽवतु,1
सर्वज्ञानक्रियायुक्तोऽपि,1
सर्वज्ञानमापतति,1
सर्वज्ञानोत्तराद्यागमैस्तत्वसङ्ग्रह,1
सर्वज्ञो,1
सर्वज्ञौ,1
सर्वणदीर्घः,1
सर्वतत्त्वाभावप्रसङ्गात्,1
सर्वतत्वानां,1
सर्वतश्च,1
सर्वतश्शोभनं,1
सर्वतीर्थानि,1
सर्वतोक्ष,1
सर्वतोऽक्ष,1
सर्वत्रन्यासं,1
सर्वत्रलीनं,1
सर्वत्राविशेषेणेति,1
सर्वत्रैव,1
सर्वत्रैवाधिकारित्वात्,1
सर्वत्वायेदं,1
सर्वथा,1
सर्वथाऽपि,1
सर्वदास्ते,1
सर्वदिक्षु,1
सर्वदियाधिपे,1
सर्वदीक्षा,1
सर्वदुःख,1
सर्वदुःखनिवारणाय,1
सर्वदुःखभयापहम्,1
सर्वदेत्यादि,1
सर्वदेवताः,1
सर्वदेवैः,1
सर्वदेवैस्स्तुतो,1
सर्वदैकरूपत्वादभिव्यक्त्यनभिव्यक्तिभेदानुत्पत्तेस्तत्कार्यभूत,1
सर्वदैत्यजनेश्वरः,1
सर्वदोत्पादप्रसङ्गात्,1
सर्वद्वाराधिदेवानां,1
सर्वधर्मविवर्जितैः,1
सर्वधर्मा,1
सर्वधर्माणां,1
सर्वधात्वन्तराश्रयान्,1
सर्वनागमहर्द्धिकानामपर्यन्तः,1
सर्वनागमहर्द्धिगणनया,1
सर्वनाम्ना,1
सर्वनियामकः,1
सर्वन्न,1
सर्वपादं,1
सर्वपापं,1
सर्वपापप्रशमनं,1
सर्वपापसमन्वितान्,1
सर्वपापापनुत्तये,1
सर्वपापैः,1
सर्वपालकः,1
सर्वपुण्यदम्,1
सर्वपुराणसंमतं,1
सर्वपुरुषाणामेक,1
सर्वपूजां,1
सर्वप्रथममनुत्तरां,1
सर्वप्रदं,1
सर्वप्रभवे,1
सर्वप्रमाणविरोधादिति,1
सर्वप्रयत्नेन,1
सर्वप्रसिद्धतया,1
सर्वप्राणविहिंसके,1
सर्वप्राणिभ्यः,1
सर्वफलजातिग्रहणेन,1
सर्वफलजातीनामपर्यन्तः,1
सर्वबाधानिवृत्त्यर्थं,1
सर्वबोधिसत्त्वशीलसंवरचारित्रगन्धसङ्ग्रहणेन,1
सर्वबोधिसत्त्वशीलसंवरचारित्रगन्धानामपर्यन्तः,1
सर्वभारतीयानामपि,1
सर्वभावेन,1
सर्वभूतदमनी,1
सर्वभूतये,1
सर्वभूतसुखप्रदम्,1
सर्वभूतसुहृदः,1
सर्वभूतहितो,1
सर्वभूतात्मप्रकृतिस्थं,1
सर्वभूताधिपतये,1
सर्वभूतानां,1
सर्वभूतान्यति,1
सर्वभूतेषु,1
सर्वभैषज्यजातिग्रहणतया,1
सर्वभैषज्यजातीनामपर्यन्तः,1
सर्वमङ्गले,1
सर्वमनोहारी,1
सर्वमन्त्रैरभिषेकेण,1
सर्वमशुद्धं,1
सर्वमशेषतः,1
सर्वमाचार्याय,1
सर्वमात्मनि,1
सर्वमात्मन्यजुहवीद्ब्रह्मण्यात्मनमव्यये,1
सर्वमार्गामार्गान्तरविशेषज्ञानपरिपृच्छानिर्देशैः,1
सर्वमार्गामार्गान्तरावतारनिर्देशविशेषज्ञानानामपर्यन्तः,1
सर्वमिति,1
सर्वमिदं,1
सर्वमुक्तं,1
सर्वमुक्तिप्रसङ्ग,1
सर्वमेतद्धि,1
सर्वमेव,1
सर्वमेवैतद्,1
सर्वमोक्षप्रसङ्गोऽत,1
सर्वयक्षमहर्द्धिकगणनया,1
सर्वयक्षमहर्द्धिकानामपर्यन्तः,1
सर्वयुद्धविशारदम्,1
सर्वयोनिषु,1
सर्वरत्नजातीनामपर्यन्तः,1
सर्वराक्षसाः,1
सर्वरूप,1
सर्वरोगप्रभञ्जनम्,1
सर्वरोगविमर्दनम्,1
सर्वरोगविशेषज्ञः,1
सर्वरोमकूपेभ्यो,1
सर्वलक्षणलक्षितम,1
सर्वलोकप्रभुर्,1
सर्वलोकहिताय,1
सर्वलोकानामिला,1
सर्वलोकेश्वरं,1
सर्वलोहानां,1
सर्वलौकिककाव्यशास्त्रमन्त्रविद्यास्थानानामपर्यन्तः,1
सर्वलौकिककाव्यशास्त्रमन्त्रविद्योपायेन,1
सर्वलौकिकध्यानाभिज्ञाविमोक्षसमाधिसमापत्तिपरिपृच्छानिर्देशैः,1
सर्वलौकिकरत्नजातिग्रहणेन,1
सर्ववर्णकरं,1
सर्ववर्णा,1
सर्ववर्णेष्वनुक्रमादिति,1
सर्ववातविकारनुत्,1
सर्ववातविकारांस्तु,1
सर्ववित्,1
सर्वविद्याधिपायेति,1
सर्वविद्याभिषिक्तरूपक,1
सर्वविद्याभिषेकेण,1
सर्वविषयं,1
सर्वविषयकज्ञानव्यञ्जकेन,1
सर्वविषयज्ञानादियुक्तत्वं,1
सर्वविषये,1
सर्वविषयोऽभिव्यज्यते,1
सर्ववेदान्तसङ्ग्रहम्,1
सर्ववेदैश्च,1
सर्वव्यापिनमात्मानं,1
सर्वव्यापिने,1
सर्वशत्रुजयाय,1
सर्वशब्दानामन्वाख्यानप्रयोजनम्,1
सर्वशरीरव्यापकत्वेनेष्टत्वाद्धस्तस्यैवायं,1
सर्वशस्त्रवारिणी,1
सर्वशास्त्रस्योपोद्घातरूपं,1
सर्वशोकवशङ्करी,1
सर्वसंक्षोभिणीप्रभृतयः,1
सर्वसंशयः,1
सर्वसत्त्वसुहृदात्मनां,1
सर्वसत्त्वानां,1
सर्वसम्पत्करं,1
सर्वसम्पदाम्,1
सर्वसान्निध्यकर,1
सर्वसिद्धवाचः,1
सर्वसिद्धि,1
सर्वसिद्धेश्वरः,1
सर्वसैन्येषु,1
सर्वस्मा,1
सर्वहोमान्त,1
सर्वां,1
सर्वांश्च,1
सर्वांस्तान्नाशयत्याशु,1
सर्वांस्तान्मले,1
सर्वाकारज्ञतायां,1
सर्वाकारज्ञतायाम्,1
सर्वाङ्गसुन्दरस्य,1
सर्वाङ्गाय,1
सर्वाणीन्द्रियाणि,1
सर्वाण्यपि,1
सर्वात्मदृक्,1
सर्वात्मना,1
सर्वात्मनेत्युक्त्वा,1
सर्वाधिष्ठितवामायां,1
सर्वानत्ति,1
सर्वानित्यत्वप्रसङ्ग,1
सर्वानुग्रह,1
सर्वानुग्राहकः,1
सर्वानेवैताभिः,1
सर्वान्कामान॑भिव॒हति,1
सर्वान्तरस्थोऽपि,1
सर्वान्ते,1
सर्वान्देवान्यजेद्‌बुधः,1
सर्वान्नामृतभोजिनाम्,1
सर्वान्यकारकप्रवृत्तिनिवृत्तिहेतुत्वेन,1
सर्वान्यच्च,1
सर्वान्संहृत्य,1
सर्वाभावे,1
सर्वाभिचारिके,1
सर्वाभिज्ञर्द्धिविकुर्वणप्रातिहार्यपरिपृच्छानिर्देशैः,1
सर्वाभिज्ञर्द्धिविकुर्वणप्रातिहार्याणामपर्यन्तः,1
सर्वाभीष्टप्रदं,1
सर्वाभीष्टप्रदा,1
सर्वाभेदमायन्ति,1
सर्वामिमां,1
सर्वायुधैरपि,1
सर्वारिष्टनिहन्ता,1
सर्वार्थग्रहणेऽप्येकरूपोऽहमिति,1
सर्वार्थवित्तम,1
सर्वार्थसाधनं,1
सर्वार्था,1
सर्वार्थाः,1
सर्वालङ्कारवरोपेतं,1
सर्वालङ्कारसम्युतम्,1
सर्वावयवविधूननकृतसङ्केतान्,1
सर्वाश्चकम्पे,1
सर्वासु,1
सर्वास्त्रमोक्षमिव,1
सर्वास्वपि,1
सर्वास्ववस्थासु,1
सर्वाऽनुग्राहकत्वं,1
सर्वा॑णि,1
सर्वा॑न्लो॒कान्प॒र्येति॒,1
सर्वा॑सां,1
सर्वा॑सां॒,1
सर्विका,1
सर्वेभ्य,1
सर्वेभ्यः,1
सर्वेभ्योऽस्तु,1
सर्वेमायात्मकाः,1
सर्वेविप्रा,1
सर्वेशानादिनीशिता,1
सर्वेषामधर्माणां,1
सर्वेषामप्यनेत्रवान्तर्भावादेते,1
सर्वेषामप्यन्योन्यविकृतित्वात्,1
सर्वेषामप्यात्मनां,1
सर्वेषामि,1
सर्वेषामेव,1
सर्वेषु॑,1
सर्वेष्वापद्यते,1
सर्वेऽत्रयो,1
सर्वेऽधोऽधः,1
सर्वेऽमरा,1
सर्वेऽमरादयः,1
सर्वे॑षु,1
सर्वैरपि,1
सर्वैरावरणैः,1
सर्वैर्ग्रहैर्गृहीतान्वै,1
सर्वैश्च,1
सर्वैस्तादृशैर्द्रव्यसञ्चयैः,1
सर्वैस्तु,1
सर्वै॑रेव॒,1
सर्वो,1
सर्वोक्त,1
सर्वोक्तरः,1
सर्वोच्चन्यायालयं,1
सर्वोच्चन्यायालयः,1
सर्वोत्तमत्वमुक्तं,1
सर्वोत्तर,1
सर्वोत्तरज्ञते,1
सर्वोत्तरभावमन्वते,1
सर्वोत्रद्रष्टव्यः,1
सर्वोदयः,1
सर्वोदात्तं,1
सर्वोपादानानाम्,1
सर्वोपाधिविनिर्मुक्तं,1
सर्वोपि,1
सर्वोर्ध्वे,1
सर्वो॒ऽग्निः,1
सर्वो॒ऽग्निरित्यन॑नुषङ्गं,1
सर्वौषधविशारदः,1
सर्व्वभूतहितः,1
सर्व्वभूतेभ्यो,1
सर्व्ववेदसदक्षिणाम्,1
सर्व्वसङ्गांश्च,1
सर्व्वसत्त्वेभ्यो,1
सर्व्वानारम्भानवनीपते,1
सर्व्वारामं,1
सर्व॑मध्व॒र्युरु॑पाकु॒र्वन्नु॑द्गा॒तृभ्य॑,1
सर्व॑मव॒रुद्ध्य॑,1
सर्व॑मा॒त्मन्ध॑त्ते॒,1
सर्व॑मा॒त्मन्ध॑त्त॒,1
सर्व॑मे॒वेदमा॒प्त्वा,1
सर्व॒,1
सर्व॒धात॑मम्,1
सर्व॒मायु॑रेति,1
सर्व॒मिज्जग॑दय॒क्ष्म,1
सर्षपजं,1
सर्षविषादाद्यनेकाकारविवर्तं,1
सर॑सा,1
सर॑स्वतः॒,1
सर॑स्वतीमे॒व,1
सर॑स्वत्यनुलो॒ममे॒वैना॒वा,1
सर॑स्वा॒न्तावे॒व,1
सलावृ॑क्या,1
सलिलान्,1
सलिलाश्रया,1
सलि॒लानि॒,1
सलीलम्,1
सवज्रं,1
सवनं,1
सवनयोः,1
सवना,1
सवर्णदीर्घे,1
सवसवः,1
सवातो,1
सवायी,1
सवायुषु,1
सवासा,1
सविकारान्‌राजसादीन्गुणान्‌रुन्धे,1
सविचारं,1
सविज्ञानमथानुभक्तिवैराग्ययुक्तं,1
सवितः,1
सवितरे॒तत्ते,1
सवितरे॒तत्ते॒,1
सवितर्कं,1
सविता॒,1
सवितुः॒,1
सवितुरित्यग्निं,1
सवितुर्मोक्यागात्,1
सवितुर्यथा,1
सवित॒रीशा॑नं॒,1
सविधमपि,1
सविशेषतया,1
सविषयकः,1
सवि॑त॒र्विश्व॑चर्,1
सवि॒तारम्,1
सवि॒तुराधि॑पत्ये,1
सवि॒तृने,1
सवी,1
सवृत्तिकमपानं,1
सव्यतः,1
सव्यसाचिनः,1
सव्यसाची,1
सव॑नम्,1
सव॑नस्य,1
सव॑नस्य॒,1
सव॑नाय॒,1
सव॑ना॒न्यथ॑,1
सव॑नेषु,1
सव॑न॒न्नोद्गा॑तृ॒णाम॑ध्व॒र्युर्नैति॑,1
सव॑न॒मव॑,1
सव॑न॒म्माध्यं॑दिन,1
सव॑र्चसम्,1
सशिरस्के,1
सश्रावकैः,1
ससाधनं,1
ससाधनः,1
ससाधनयोर्भोगमोक्षयोः,1
ससाधनो,1
ससिन्दूरं,1
ससुहृज्जनः,1
सस्पर्धैर्मानुषैर्वृताः,1
सस्मार,1
सस्यं,1
सस्यम्,1
सस्याहारस्य,1
सहः॑,1
सहकरणं,1
सहकारिभूतं,1
सहकृतस्यैव,1
सहचारज्ञानम्,1
सहचारिणः,1
सहजं,1
सहजः,1
सहजमलत्वं,1
सहजमलहेतुत्वात्,1
सहजरोगेण,1
सहजशक्त्याऽर्थप्रतिपादनं,1
सहजशब्देनोच्यन्ते,1
सहजेज्ञत्व,1
सहजो,1
सहजोनान्तरागतः,1
सहदेवः,1
सहने,1
सहन्त्य,1
सहमानो,1
सहमार्ग,1
सहमार्गं,1
सहमूरान्कयादो,1
सहवासेन,1
सहसङ्गतिः,1
सहसैव,1
सहसैवाङ्गना,1
सहसैवान्तःपुरे,1
सहसो,1
सहसोच्चचाट,1
सहसोत्थाय,1
सहस्रकुलमुद्धृत्य,1
सहस्रधा,1
सहस्रधारेण,1
सहस्रपो॒ष,1
सहस्रपो॒षस्ये॑शिषे॒,1
सहस्रबाहवे,1
सहस्रम्भ॒रः,1
सहस्रया॒जिनो॑,1
सहस्रवदनाय,1
सहस्रशाः,1
सहस्रशिरसे,1
सहस्रसूर्यताया,1
सहस्रा,1
सहस्रांशमपि,1
सहस्रांशुर्मत्समीपगतोऽभवत्,1
सहस्राक्ष,1
सहस्राक्षरा,1
सहस्राक्षाय,1
सहस्राक्षोऽयुताक्षो,1
सहस्राणि,1
सहस्रायुतकोटिदानात्,1
सहस्रेणेति,1
सहस्र॒धाय॑स॒मिति॑,1
सहस्र॒वन्धु॑रम्,1
सहानुजेन,1
सहायकं,1
सहायकमभवत्,1
सहायकानि,1
सहायतायै,1
सहायां,1
सहायिनं,1
सहावापगमनम्,1
सहास्य,1
सहाऽवस्थानाद्धर्मिस्वरूपानवस्थानात्,1
सहितं,1
सहितः,1
सहिता,1
सहेत,1
सहेऽद्य,1
सहैलाकुङ्कुमस्पृक्कात्रिदशाह्वैश्च,1
सहोजसो,1
सहोजा,1
सहोप्तमुद्गादिवत्,1
सहो॒,1
सह॑सश्चि॒थ्सही॑यां,1
सह॑सायु॒जा,1
सह॑सा॒हमि॑न्द्र,1
सह॑स्राश्वम्,1
सह॒स्रिणम्,1
सांख्यनये,1
सांख्यायना,1
सांगैः,1
सांशयिकः,1
सांसिद्धिकवैनयिकप्राकृतभेदात्,1
सांसिद्धिका,1
सांसिद्धिके,1
सांसिद्धिकेभ्यस्तु,1
सांसिद्धिको,1
सांस्कृतिकपृष्टभूमिका,1
सांस्कृतिकप्ररम्परा,1
सांस्कृतिकम्,1
सांस्कृतिकराजधानी,1
साकं,1
साकमर्चत,1
साकमेव,1
साकमे॒धान्पि॑तृय॒ज्ञं,1
साकला,1
साक्षरता,1
साक्षाच्छिवत्वाभिव्यक्तिरिति,1
साक्षात्कथितं,1
साक्षात्करोति,1
साक्षात्कृतायां,1
साक्षात्क्षमां,1
साक्षात्ज्ञाननिवर्त्यं,1
साक्षात्ज्ञाननिवर्त्यत्वेऽप्यस्ति,1
साक्षात्परम्परया,1
साक्षादिति,1
साक्षादीश्वरज्ञानशक्त्या,1
साक्षाद्गुणकार्यत्वादेव,1
साक्षाद्ब्रह्मर्षिसुतस्य,1
साक्षाद्भगवतानिमिषारिवरायुधेनाप्रमत्तेन,1
साक्षाद्भोग्यत्वात्,1
साक्षाद्रामेण,1
साक्षाद्विद्धा,1
साक्षान्मोक्षप्रदे,1
साक्षिण्यारोप्यते,1
साक्षिद्वैधे,1
साक्षिभास्येऽन्तःकरणादौ,1
साक्षेपम्,1
साक्ष्यभेदे,1
सागरङ्गमाम्,1
सागरस्येव,1
सागरे,1
सागरोन्नाद,1
साङ्केतिकनैपुणी,1
साङ्केतिकविद्यां,1
साङ्ख्यज्ञानं,1
साङ्ख्ययोगानां,1
साङ्ख्यानां,1
साङ्ख्याश्च,1
साङ्ख्यैः,1
साङ्ख्यैरपि,1
साङ्ख्यैरभ्युपगतः,1
साङ्ख्यैर्व्रतैस्तथा,1
साङ्गात्कृतात्कर्मणः,1
साङ्गोपाङ्गसाकल्यवत्या,1
साङ्ग्रामिकमिदं,1
साचार्यगोचरे,1
साचाशुद्धिः,1
साञ्जना,1
साञ्जनाः,1
साटलैट्,1
सातत्ये,1
सातिशयत्वेन,1
सात्त्वराजसवर्गयोः,1
सात्त्विकतेषद्युक्तादयथार्,1
सात्त्विकमित्येवमष्टविधं,1
सात्त्विकराजसतामसास्त्रयोऽहङ्कारस्कन्धाः,1
सात्त्विकश्चैव,1
सात्त्विकाज्जातः,1
सात्त्विकात्,1
सात्त्विकादयः,1
सात्त्विकादित्वं,1
सात्त्विकादिभोगसाधनविषयाकाराध्यवसायद्वारेण,1
सात्त्विकादिव्यवहारस्तु,1
सात्त्विकादुत्पत्तिरुक्ता,1
सात्त्विकाद्,1
सात्त्विकैर्धर्मादिभिरीषत्सम्पृक्तादधर्मादित्रयात्,1
सात्मकमाक्रम्य,1
सात्म॒त्वाय॒,1
सात्यमुग्रीरायनीया,1
सात्विका,1
साथार,1
साथी,1
सादनापेक्षयेन,1
सादयति॒,1
सादयामि॒,1
सादाक्षरा,1
सादाख्यः,1
सादाख्ये,1
सादाख्यौ,1
सादृश्यादेरयथार्थज्ञानम्,1
सादेश,1
साधक,1
साधकः,1
साधकबोधाय,1
साधकमिति,1
साधकस्या,1
साधकस्येति,1
साधकाः,1
साधकाअचार्ययोन्नित्यं,1
साधकाचार्ययोन्नित्यं,1
साधकाचार्ययोरपि,1
साधकाचार्ययोर्देशकालादि,1
साधकानामभिलक्षित,1
साधको,1
साधनत्वं,1
साधनमब्रुवन्नपि,1
साधनमस्ति,1
साधनमिष्यते,1
साधनसामर्थ्यदिस्द्धाः,1
साधनस्योक्तत्वात्,1
साधनां,1
साधनादितिकर्तव्यतायाः,1
साधनानि,1
साधनायाह,1
साधनावयवः,1
साधनियोगतः,1
साधनैर्भोगो,1
साधयतामन्तर्मुखागतानामन्तःकरणानां,1
साधयित्रा,1
साधयित्वा,1
साधयिष्यामि,1
साधयेत,1
साधवः,1
साधारः,1
साधारण,1
साधारणकार्यकर्तृणामेकापाये,1
साधारणतत्त्वसृष्टिमाह,1
साधारणतया,1
साधारणत्वमक्षयत्वं,1
साधारणत्वा,1
साधारणभुवनादिरूपैः,1
साधारणमिन्द्रियाधारत्वं,1
साधारणलोकशिक्षार्थम्,1
साधारणवृत्तिरिति,1
साधारणादिवचनवदिति,1
साधारणाऽसाधारणभुवनजदेहात्मभिश्च,1
साधारणी,1
साधारणोऽक्षयः,1
साधारमाह,1
साधारा,1
साधिकरणा,1
साधिकारिणी,1
साधिकारेत्याह,1
साधितमिति,1
साधितमित्येतत्,1
साधितवान्,1
साधुत्वं,1
साधुना,1
साधुषु,1
साधूनां,1
साधो,1
साध्यं,1
साध्यत,1
साध्यतावच्छेदके,1
साध्यधर्मविशिष्टधर्मिवचनमित्यर्थ,1
साध्यप्रतीतिनि,1
साध्यबुद्धिः,1
साध्यबुद्धिर्,1
साध्यमण्डलान्युच्यते,1
साध्यमन्त्राभिषेकाच्च,1
साध्यमन्त्राभिषेकेण,1
साध्यमन्त्राभिषेक्त,1
साध्यम्,1
साध्यव्यभिचारादर्शनात्,1
साध्यसाधनखण्डे,1
साध्यसाधनमुत्तमम्,1
साध्यसाधनयोः,1
साध्या,1
साध्यो,1
साध्वङ्गिरसः,1
साध्वी,1
साध्व्,1
साध॑ते,1
सानः,1
सानन्दः,1
सानुबन्धाः,1
सान्तं,1
सान्तप॒नेभ्यो॑,1
सान्निध्यं,1
सान्निध्यम्,1
सान्निध्यार्थं,1
सान॒सि,1
सान॒सिम्,1
सापेक्षं,1
सापेक्षत्वमनपेक्षत्वं,1
सापेक्षयैव,1
साप्र॑णी॒तेऽयम॒फ्सु,1
साफल्यस्य,1
साबरकाठामण्डालं,1
साबरमतीनदी,1
साभासबुद्धेः,1
साभासस्याहमस्तथा,1
साभिगम्याब्रवीच्छ्वश्रूं,1
साभिधीयते,1
साभिलाषत्वे,1
सामग्रिप्रत्यय,1
सामग्री,1
सामग्रीं,1
सामग्रीसमेतोऽक्लेशं,1
सामतः,1
सामन्तः,1
सामयिकं,1
सामयिकम्,1
सामरस्यमुदियात्,1
सामर्थेन,1
सामर्थ्यं,1
सामर्थ्यमात्मनो,1
सामर्थ्याभावा,1
सामर्थ्याभावात्,1
सामर्थ्ये,1
सामर्थ्योपोद्बलनार्थमात्मनां,1
सामर्थ्योपोद्बलनेन,1
सामवादाः,1
सामवेदेनाऽपि,1
सामा,1
सामाजिकदृष्ट्या,1
सामानसीत्यभिधीयते,1
सामान्य,1
सामान्यं,1
सामान्यजनानां,1
सामान्यतः,1
सामान्यतया,1
सामान्यतो,1
सामान्यलक्षणम्,1
सामान्यवेदान्त,1
सामान्येन,1
सामान्येनोक्तानि,1
सामा॒ग्निर्दे॒वता॒,1
सामीन्दुबिन्दुभ्यः,1
सामीप्यं,1
सामृतमिति,1
साम्प्रतमपि,1
साम्प्रतमहमेकैकशोऽङ्गुलीः,1
साम्प्रतिककाले,1
साम्बस्य,1
साम्यं,1
साम्यज्ञानम्,1
साम्यदर्शनं,1
साम्यमिति,1
साम्यमिदमुक्तम्,1
साम्यम्,1
साम्ये,1
साम्राज्यं,1
साम॑नी॒,1
साम॑भिः,1
साम॒,1
सायकैः,1
सायणभा,1
सायणस्तु,1
सायातिः,1
सायाह्ने,1
सायुधभीकराः,1
सारणचारुदेष्णौ,1
सारतरं,1
सारथिम्,1
सारभूतं,1
सारमिहोद्धृतम्,1
सारमेय,1
सारात्,1
सारात्स्वदेहं,1
साराभाइ,1
सारेण,1
सारोपरिचर,1
सार्कांशुना,1
सार्थकत्वम्,1
सार्धत्रिशतवर्षाभ्यन्तरे,1
सार्धद्वाभ्याम्,1
सार्धभाग,1
सार्धभागयुगक्रमात्,1
सार्वकामिकम्,1
सार्वकालं,1
सार्वज्ञ,1
सार्वज्ञयमस्ति,1
सार्वज्ञसिद्धेः,1
सार्वज्ञादि,1
सार्वज्ञादिगुणयुक्त,1
सार्वज्ञाद्यं,1
सार्वदिकी,1
सार्वदेशिकलिङ्गस्य,1
सार्वधातुकसंज्ञायां,1
सार्वभौमत्वासम्भवात्,1
सार्वभौमत्वेन,1
सालोक्यमुच्यते,1
साल्वः,1
सावनानि,1
सावलम्बं,1
सावस्था,1
सावित्रि,1
सावित्र्याः,1
साश्रुनेत्रो,1
सास्य,1
सास्यान्निवृत्तिका,1
सास्रम्,1
साहमेवंविधं,1
साहसं,1
साहायार्थं,1
साहाय्याय,1
साहाय्यार्थं,1
साहितीप्रकिया,1
साहित्यप्रक्रियारूपम्,1
साऽतो,1
सा॑रस्व॒तीर॒पो,1
सा॑स॒ह्याम॑,1
सा॒,1
सा॒कम्,1
सा॒क्षादा,1
सा॒क॒ञ्जाना,1
सा॒तावथा॒स्मभ्य,1
सा॒धु,1
सा॒ध्याः,1
सा॒यं,1
सा॒रा॒ग॒व॒स्त्रैर्ज॒रद॑क्षः,1
सा॒र॒स्व॒तौ,1
सा॒वि॒त्रं,1
सा॒वि॒त्रः,1
सिंहः,1
सिंहगुप्तसूनुः,1
सिंहगुप्तस्य,1
सिंहनादम्,1
सिंहव्याघ्रवर्क्ष्वादींश्च,1
सिंहशब्दो,1
सिंहासनं,1
सिंहासनासीनस्य,1
सिंहासने,1
सिंह्याः,1
सिकता,1
सिकन्दरपराजयिनीं,1
सिक॑ता,1
सिङ्डे,1
सिङ्वि,1
सिञ्चति,1
सिड्णि,1
सिड्नि,1
सितं,1
सिद्धग॑मनः॒,1
सिद्धज्योतिष्टोमादि,1
सिद्धत्वाच्च,1
सिद्धमपि,1
सिद्धमित्यलं,1
सिद्धमित्याह,1
सिद्धमित्युक्तम्,1
सिद्धमुत्तरेषां,1
सिद्धम्,1
सिद्धयः,1
सिद्धयश्च,1
सिद्धयोगस्त्यजन्,1
सिद्धयोज्ञेया,1
सिद्धरामय्य,1
सिद्धव्याप्तिकाज्जातस्य,1
सिद्धसङ्घान्,1
सिद्धसन्घैः,1
सिद्धाग॑मनः,1
सिद्धात्,1
सिद्धानामधिपो,1
सिद्धानीत्यर्थः,1
सिद्धान्तः,1
सिद्धान्तकौमुदीं,1
सिद्धान्तसारावल्याम्,1
सिद्धान्तसिद्धः,1
सिद्धान्तानां,1
सिद्धान्ते,1
सिद्धामन्त्रैस्तरुण,1
सिद्धायाति,1
सिद्धास्तता,1
सिद्धास्मार्ताश्च,1
सिद्धि,1
सिद्धिप्रदा,1
सिद्धिभान्मन्रसामर्थ्यात्तक्तत्वाभ्यास्तस्तथे,1
सिद्धिमनुत्तमाम्,1
सिद्धिमवाप्नुयात्,1
सिद्धिरत्र,1
सिद्धिरिति,1
सिद्धिरित्यत,1
सिद्धिरुच्यते,1
सिद्धिरुत्पद्यते,1
सिद्धिर्नेह,1
सिद्धिसंघिस्त,1
सिद्धीराकृष्य,1
सिद्धेत्याह,1
सिद्धोपि,1
सिद्धौ,1
सिद्ध्यः,1
सिद्ध्यन्ति,1
सिद्ध्यन्तीति,1
सिद्ध्यन्ते,1
सिद्ध्यभिकाङ्क्षिणः,1
सिद्ध्या,1
सिद्ध्यादिजनका,1
सिद्ध्यादिप्रत्ययवर्गश्च,1
सिद्ध्यै,1
सिध्यति,1
सिध्यन्त्यसंशयः,1
सिध्यर्थं,1
सिनात्वेनान्,1
सिनाय्,1
सिनीवाल्य॑नु॒ष्टुप्कु॒हूर्धा॒ता,1
सिनीवा॒ली,1
सिन्धुराजो,1
सिन्धूनामुपोदये,1
सिन्धू॑नामसि,1
सिन्ध॑वःप्र॒दिवः॑,1
सिबलः,1
सिरसाऽवदम्,1
सिष॒द्विश्वे॑,1
सिसृतं,1
सि॑तोः॒,1
सि॑षक्ति,1
सि॒,1
सि॒क्त,1
सि॒ञ्चथा॒,1
सि॒म,1
सी,1
सीः,1
सीतां,1
सीताकृतेऽनेन,1
सीतापतिं,1
सीतापहरणं,1
सीतामुवाचेदं,1
सीतायाश्च,1
सीताराममरुत्सूनुसंवादं,1
सीतारामय्यः,1
सीतारामेन,1
सीतासमारोपितवामभागम्,1
सीतोवाच,1
सीदतु,1
सीदत्सुहृदि,1
सीदन्ति,1
सीदन्योनौ,1
सीदे॒ति,1
सीद॑,1
सीद॒,1
सीद॒तोर्ज॑स्वती॒र्महि॒,1
सीद॒त्वा,1
सीमन्तमुन्नीयाभिमन्त्रयते,1
सीमायाः,1
सीरं॒,1
सीरिया,1
सीव्य॒त्वपः॑,1
सीषधेम,1
सीष॒ती,1
सी॑द,1
सी॑देत्पुनरा॒धेयः॑,1
सी॑दो॒र्ध्वान्तरि॑क्ष॒मुप॑,1
सी॑षधातु,1
सी॒न्निष॑साद,1
सी॒न्मा,1
सी॒र्मधु॑,1
सी॒र्वसु॑भ्यो,1
सुकरम्,1
सुका,1
सुकुमारतरं,1
सुकुमारवनिताया,1
सुकृतक्रियाः,1
सुकृतस्य,1
सुकृतां,1
सुकृतिना,1
सुकृतो,1
सुकृ॒तस्य॑,1
सुकॄतानि,1
सुक्रतू,1
सुक्रतो,1
सुक्लादेवी,1
सुक्षि॒तिः,1
सुखकारणजनकत्वं,1
सुखतमः,1
सुखदु,1
सुखदुः,1
सुखदुःखं,1
सुखदुःखमोहरूपेण,1
सुखदुःखमोहाकारः,1
सुखदुःखमोहात्मकानि,1
सुखदुःखमोहाध्यवसायरूपया,1
सुखदुःखयोर्द्वन्द्वनिमित्तयो,1
सुखदुःखादिम्कमुच्यते,1
सुखदुःखादिवैचित्र्यं,1
सुखदुःखादिसंवेद,1
सुखप्रतिपत्यर्थ,1
सुखमानन्दमिकारः,1
सुखमिच्छता,1
सुखमेधन्ति,1
सुखरूपमेति,1
सुखलक्षणमिति,1
सुखसाधनानीति,1
सुखसाधनान्यजनयदित्यर्थ,1
सुखादिरूपं,1
सुखादिरूपा,1
सुखादिरूपायाश्छायया,1
सुखादिसङ्कल्पेन,1
सुखादीनां,1
सुखादीन्दुः॑खनि॒धनाम्,1
सुखाद्यध्यवसायस्यापि,1
सुखाध्यवसायाकारबुद्धिवृत्तिनिष्ठतया,1
सुखाय,1
सुखावत्यां,1
सुखावस्थित्या,1
सुखावस्थित्यै,1
सुखावहः,1
सुखावहम्,1
सुखी,1
सुखे,1
सुखेन,1
सुखैकघनेत्यर्थः,1
सुखैकतानेति,1
सुखैषिणः,1
सुखोत्पादादौ,1
सुगतस्यापि,1
सुगतो,1
सुगन्ध,1
सुगन्धसितवाससा,1
सुगन्धाढ,1
सुगन्धैश्च,1
सुगमम्,1
सुगमां,1
सुगोप्य,1
सुग्रीवमैत्रीं,1
सुग्रीवलक्ष्मणाभ्यां,1
सुग॒न्धिं,1
सुचरितं,1
सुचरितचरितं,1
सुच्छाय,1
सुजाता॒,1
सुज्ञातः,1
सुज्ञान,1
सुतरामनित्यताभावनया,1
सुतस्य,1
सुताः,1
सुतान्,1
सुतारुण्यं,1
सुतार्थ,1
सुतार्यतया,1
सुतार्यता,1
सुतीर्थाय,1
सुतृप्तं,1
सुतृप्तः,1
सुतैश्च,1
सुत्या,1
सुदर्श,1
सुदानवः,1
सुदारुणम्,1
सुदीर्घसांस्कृतिक,1
सुदुर्जयायां,1
सुदुश्चरम्,1
सुदृढम्,1
सुदृढहृदयग्रन्थीनां,1
सुदे॒वा,1
सुद्धाशुद्धाध्वनि,1
सुद्विरममरस्त्री,1
सुधन्विने,1
सुधा,1
सुधां,1
सुधांशेरेषा,1
सुधाकरस्य,1
सुधाख्याद्योगजं,1
सुधाद्विजिह्वाश्रितम्,1
सुधायां,1
सुनक्षत्रे,1
सुनादश्च,1
सुनियुक्तां,1
सुनिर्मलम्,1
सुनिविष्टां,1
सुनिहितमेव,1
सुनीती,1
सुनीथश्च,1
सुनोति,1
सुन्दरं,1
सुन्दराणि,1
सुपः,1
सुपगमाच्च,1
सुपर्णं,1
सुपर्णस्थस्य,1
सुपर्णा,1
सुपात्रमिति,1
सुपिष्टं,1
सुपू,1
सुपूर्णेति,1
सुपूर्वाम्,1
सुप्तञ्छक्त्या,1
सुप्तानिमान्,1
सुप्तान्दह्येन,1
सुप्तोत्थित,1
सुप्त्यादिकासु,1
सुप्त्वा,1
सुप्रजा॒स्त्वायेहि॑,1
सुप्रभातम्,1
सुप्रवृद्धानां,1
सुप्रसिद्धनाम,1
सुप्रसिद्धमिति,1
सुप्रीतश्शरण्यश्शरणागतान्,1
सुप्र॒जसं॑,1
सुप्र॒जसो॒,1
सुप्र॒जा,1
सुप्र॒जाः,1
सुप॒र्णो॑,1
सुबन्तैः,1
सुबहूनि,1
सुबाहुः,1
सुबीरि॒णः,1
सुबी॑रिण॒,1
सुबोधम्,1
सुब्धं,1
सुब्रह्मचारी,1
सुब्रह्मण्य,1
सुब्रह्मण्यमहाशयः,1
सुभग,1
सुभगवपुषो,1
सुभद्रया,1
सुभद्रायाः,1
सुभागा,1
सुभाष,1
सुभूतिर्,1
सुभू॑तिर्भद्र॒कृत्,1
सुभू॑तिर्भद्र॒कृथ्सुव॑र्वान्प॒र्जन्यो॑,1
सुभे॑षजमिहि॒,1
सुभे॑षजम्,1
सुभ्रूः,1
सुमङ्गलेन,1
सुमतौ,1
सुमत्याख्यं,1
सुमधुरविकसद्रागमुद्भाव्यमानैः,1
सुमपहरति,1
सुमहदाश्चर्यमात्मनो,1
सुमुखेशो,1
सुमुखोऽमृतवागपि,1
सुमृडीके॑ति,1
सुमेरुश्च,1
सुम॑ङ्ग॒लाँ,1
सुम॒तयः॑,1
सुम॒ति,1
सुम॒तिं,1
सुयोग्यः,1
सुयोषिताम्,1
सुरक्तायै,1
सुरक्षायाः,1
सुरक्षासचिवः,1
सुरक्षासेनायाः,1
सुरगणाः,1
सुरतवग्रीष्मे,1
सुरतेष्विव,1
सुरथं,1
सुरभारती,1
सुरभिरियं,1
सुरभिश्च,1
सुरभ्यसुरभिरूपः,1
सुरभ्या,1
सुरर्षिभिः,1
सुरश्रेष्ठे,1
सुरसत्तमैः,1
सुरसस्तथा,1
सुरसुरभेरास्यदेशं,1
सुरां,1
सुराघटसहस्रेण,1
सुरान्,1
सुरान्विप्राः,1
सुरान्सर्वान्रक्ष,1
सुरापे,1
सुरासुराः,1
सुरासुरोरगसिद्धगन्धर्वविद्याधर,1
सुरास्तदा,1
सुरूपम्,1
सुरेन्द्रः,1
सुरेश्वरः,1
सुरेश्वरम्,1
सुरेश्वरे,1
सुरेष्,1
सुरैः,1
सुरैर्ब्रह्मर्षिभिश्चैव,1
सुरैर्हताः,1
सुललितैर्,1
सुल्त्तान्पुर्,1
सुवक्त्राय,1
सुवचनादतोऽनुवादकत्वमेव,1
सुवताम॒ग्निर्गृ॒हप॑तीना॒,1
सुवध्वं,1
सुवन्ता॒,1
सुवर्चसम्,1
सुवर्चसे,1
सुवर्ण,1
सुवर्णकेतकीवर्णाभ्यां,1
सुवर्णदीपान्,1
सुवर्णप्रतिमां,1
सुवर्णमुखरीजलम्,1
सुवर्णरजतादौ,1
सुवर्णाकृति,1
सुवर्णानां,1
सुवर्वा॒ट्थ्स्वाहा॒,1
सुवाससे,1
सुविदितं,1
सुविवेचितस्य,1
सुवि़ज्ञाः,1
सुवी॒रता॑यै॒,1
सुवैनान्,1
सुवो॒,1
सुव्रतः,1
सुव्रताः,1
सुव्रताय,1
सुव॑रानशा॒नाः,1
सुव॑र्मा॒,1
सुव॑र्वान्,1
सुव॒र्ग,1
सुव॒र्गमे॒व,1
सुव॒र्गो,1
सुव॒र्विद॑सि॒,1
सुशक्तम्,1
सुशिष्यकः,1
सुशीघ्रगाः,1
सुशुचिनन्नपर्वतान्,1
सुशोभनम्,1
सुश्च॑न्द्र॒,1
सुश्रुत,1
सुश्लिष्टां,1
सुश्लो॒काँ,1
सुषाव,1
सुषुप्तवद्यश्चरति,1
सुषुप्तिकाले,1
सुषुप्तिजाग्रत्स्वप्नेषु,1
सुषुप्त्यादावान्तरदेहस्पर्शमात्रविषयत्वेन,1
सुषुम्ना,1
सुषुम्नायै,1
सुषुवा॒णस्य॑,1
सुषुवे,1
सुषु॒म्नः,1
सुषूमा,1
सुष्टु॒ती,1
सुष्टु॒तीर्वा॑वृधा॒ना,1
सुष्ठु,1
सुष्ठुकृताम्,1
सुष्म्ना,1
सुसंस्कृतवंशे,1
सुसं॒दृशं॑,1
सुसङ्कल्पितबुद्धियुक्तिः,1
सुसमाहितः,1
सुसम्पन्नं,1
सुसम्मृष्टनिवेशनः,1
सुस्त्रीधनादिविषयं,1
सुहाकाः,1
सुहृज्जनं,1
सुह॑स्तः,1
सु॑कृ॒तस्य॑,1
सु॑कृ॒तस्य॒,1
सु॑कृ॒तेन॑,1
सु॑न्वान॒,1
सु॑प्रजा॒स्त्वमिषं॑,1
सु॑प॒र्णं,1
सु॑प॒र्णो,1
सु॑ब्रह्म॒ण्योम्,1
सु॑भगे॒,1
सु॑मख॒स्यमा॑न॒,1
सु॑वन्तां॒,1
सु॑श्चन्द्र,1
सु॒केतः॑,1
सु॒क्रतु॑म्पुरो॒यावा॑नमा॒जिषु॑,1
सु॒क्रतु॒र्ब्रह्मा,1
सु॒क्षि॒तिः,1
सु॒गं,1
सु॒गा॒र्,1
सु॒चक्षा॒,1
सु॒तस्ये॒ष्टय॑जुषः,1
सु॒तस्य॑,1
सु॒त्रामा॑णं,1
सु॒दक्षो॑,1
सु॒दान॑वः॒,1
सु॒दा॒न॒व॒इति॑सुऽदानवः,1
सु॒दा॒न॒व॒इन्द्रे॑ण,1
सु॒दृशी॑को,1
सु॒द॒,1
सु॒पत्नी॒रुप॑,1
सु॒पथा॑,1
सु॒पि॒प्प॒ला,1
सु॒पेश॑सो॒,1
सु॒पोषः॒,1
सु॒प्तज॑नाद्वे॒पि,1
सु॒प्र॒जस॑स्त्वा,1
सु॒भगां,1
सु॒भरो॑,1
सु॒मना॑,1
सु॒मना॒,1
सु॒म्नमी॑महे,1
सु॒यजं॑,1
सु॒युजो॑वहन्तु,1
सु॒युज॒इति॑सु॒ऽयुजः॑,1
सु॒व,1
सु॒वर्चा॒,1
सु॒वासाः,1
सु॒वीरम्,1
सु॒वीरा॑भिस्तरति॒,1
सु॒वीरो॑,1
सु॒वीर्य॑मु॒त,1
सु॒वीर्य॑स्य,1
सु॒शेवो॒,1
सु॒श्च॒न्द्रेति॑,1
सु॒श्च॒न्द्रेति॒,1
सु॒श्च॒न्द्र॒,1
सु॒षदा॒मा,1
सु॒षूमा॑,1
सु॒हवा,1
सु॒हवां,1
सु॒ऽम॒तिम्,1
सु॒ऽवीरा॑म्,1
सूकरः,1
सूक्तैर्वेदोक्तैः,1
सूक्त्यनुसारम्,1
सूक्ष्मग्रहणशकक्तिः,1
सूक्ष्मजलादिभूतचतुष्टये,1
सूक्ष्मत्वात्,1
सूक्ष्मत्वेनाविभागेन,1
सूक्ष्मदेहभेदो,1
सूक्ष्मदेहभेदोऽवश्यमभ्युपगन्तव्यः,1
सूक्ष्मदेहरूपाद्,1
सूक्ष्मदेहवर्तित्वेनानेकत्वात्,1
सूक्ष्मदेहव्यञ्ज,1
सूक्ष्मदेहसम्बन्धादेवोत्पत्तेः,1
सूक्ष्मदेहस्थत्वेनाह,1
सूक्ष्मदेहस्थभूततन्मात्राधार,1
सूक्ष्मदेहस्थानां,1
सूक्ष्मदेहस्योर्ध्वाधोनयनं,1
सूक्ष्मदेहात्मकैः,1
सूक्ष्मदेहात्मिका,1
सूक्ष्मदेहात्मिकां,1
सूक्ष्मदेहात्मिकामसाधारणतत्त्वसृष्टिमुक्त्वा,1
सूक्ष्मदेहारम्भककलादिपृथ्व्यन्ततत्त्वात्मकै,1
सूक्ष्मदेहोऽस्तीत्युक्तम्,1
सूक्ष्मपृथिवीतत्त्वे,1
सूक्ष्मप्रणवरूपं,1
सूक्ष्मबाह्यशरीरद्वारेण,1
सूक्ष्मभूतानि,1
सूक्ष्ममिन्द्रियभोगदम्,1
सूक्ष्मरन्ध्रसमूहो,1
सूक्ष्मरूपं,1
सूक्ष्मरूपस्वकार्यशक्तिसमाहाराऽऽत्मिका,1
सूक्ष्मरूपाग्रे,1
सूक्ष्मलक्षणाः,1
सूक्ष्मशिवोत्तमश्चैकनेत्ररुद्रौ,1
सूक्ष्मस्य,1
सूक्ष्मस्वायम्भुवेयो,1
सूक्ष्माग्रां,1
सूक्ष्मादीन्याधारदेह,1
सूक्ष्मैलापिप्पलीकुष्ठत्वगेलागुरुकेसरैः,1
सूक्ष्मो,1
सूचके,1
सूचनाधिकारनियमस्य,1
सूचयद्भिस्तस्यैवाऽविघ्नपरिसमाप्त्यर्थं,1
सूचयितुं,1
सूचयितुमधस्तनतत्वेषवस्थानमाह,1
सूचितवान्,1
सूचियितुं,1
सूच्यते,1
सूढया,1
सूतं,1
सूतकम्,1
सूतपुत्रस्त्वसम्भ्रान्तो,1
सूतेन्द्रं,1
सूतो,1
सूत्रधारः,1
सूत्रनडस्यापत्यं,1
सूत्रमूले,1
सूत्रविदो,1
सूत्रव्याख्यानावसरे,1
सूत्रसन्दर्भरूपस्यास्य,1
सूत्रार्थः,1
सूत्रार्धेनार्धचन्द्रवत्,1
सूत्रितं,1
सूनवे,1
सूनायामप्यननुमतमालम्भनं,1
सूनुः,1
सूनोः,1
सूरयः,1
सूर्यं,1
सूर्यं॑,1
सूर्यकोटिसमप्रभम्,1
सूर्यजे,1
सूर्यमण्डला,1
सूर्यमण्डलान्यष्टा॑त,1
सूर्यमन्त्रै,1
सूर्यमिति,1
सूर्यवंशध्वजो,1
सूर्यश्च,1
सूर्यसङ्काशं,1
सूर्यसन्निभः,1
सूर्यसोमाग्निमण्डलम्,1
सूर्यस्य,1
सूर्यस्येव,1
सूर्याः,1
सूर्यादिग्रहभेदैश्च,1
सूर्यादिद्वारतस्ततः,1
सूर्यास्तमयः,1
सूर्या॒,1
सूर्या॒य,1
सूर्येण,1
सूर्ये॑णोद्य॒ता,1
सूर्ये॑णोद्य॒ताग्ने॒यम॒ष्टाक॑पालं॒,1
सूर्ये॒,1
सूर्यो,1
सूर्योदयं,1
सूर्योदयः,1
सूर्योदयरहितानि,1
सूर्यौ,1
सूर्य॑गतम्,1
सूर्य॑त्वचः,1
सूर्य॑त्वचसः,1
सूर्य॑मुभ॒यतो॑,1
सूर्य॑रश्मिश्च॒न्द्रमा॑,1
सूर्य॑वर्चसः,1
सूर्य॑स्यपरि॒धीन्,1
सूर्य॑स्य॒,1
सूर्य॒स्या,1
सूष्म,1
सू॒क्तैर॒द्या,1
सू॒क्त॒वाच॒ः,1
सू॒च्या,1
सू॒तस्य॑,1
सू॒य॒व॒साद्,1
सू॒य॒व॒सिनी॒,1
सू॒र्यया॑,1
सू॒र्यस्यो॑दय॒नं,1
सू॒र्याः,1
सृजतु,1
सृजन्ती,1
सृजा,1
सृजामीदमतन्द्रिता,1
सृजा॒,1
सृज्यध्वं॒,1
सृतिर्,1
सृष्टं,1
सृष्टमनु,1
सृष्टा,1
सृष्टाः,1
सृष्टामं,1
सृष्टिं,1
सृष्टिकाले,1
सृष्टिक्रममिच्छन्ति,1
सृष्टेः,1
सृष्ट्यन्तैः,1
सृष्ट्यादि,1
सृष्ट्यादिकरणपूर्वमात्मनां,1
सृष्वपि,1
सृस्टोत्कण्ठाः,1
सृ॑जस्व॒,1
सृ॑जा॒,1
सृ॑जेय॒मिति॑,1
सृ॒जामि॒,1
सृ॒ज॒ते॒,1
सेए,1
सेचनादि,1
सेति,1
सेतुबन्धश्च,1
सेतुरीशः,1
सेतु॒नाति॑,1
सेदिम,1
सेनया,1
सेनां,1
सेनां॒,1
सेनानीरनार्यो,1
सेनानी॑भिः,1
सेनापतिर्महेष्वासः,1
सेनाया,1
सेना॒न्यो॑,1
सेनेव,1
सेन्,1
सेन्द्रपुरोगमाः,1
सेन्द्राः,1
सेन्द्रादिषु,1
सेन्द्रा॒स्तेन॑,1
सेय,1
सेयमशक्तिस्तामसाद्,1
सेरसुगित्यसुक्,1
सेवन्ते,1
सेवमानाः,1
सेवा,1
सेवायां,1
सेवितं,1
सेवेत,1
सेव्यः,1
सेशरः,1
सेश्वर,1
सेश्वरं,1
सैनिकप्रक्रमे,1
सैनिकवस्त्रस्य,1
सैनिकसन्नाहा,1
सैनिकस्थे,1
सैनिकानयनम्,1
सैनिकान्,1
सैनिकीय,1
सैनिकेभ्यः,1
सैन्यघोषेऽप्यसंभ्रमम्,1
सैन्यप्रहरणं,1
सैन्यप्रहरणानि,1
सैन्यमेवं,1
सैन्यानि,1
सैवपुत्रके,1
सैवास्मि॒न्वाचं॑,1
सैवोक्ता,1
सोंशुमान्नाम,1
सोक्ता,1
सोच्यते,1
सोढ्वा,1
सोत्त॑रवे॒दिषु॑,1
सोदरः,1
सोदी॑ची॒,1
सोद्देशसञ्ज्ञिता,1
सोध्वगा,1
सोनेनादित्या,1
सोपस्कारप्रागुक्तलक्षणानुवादपुरःसरं,1
सोपानक्रमतः,1
सोपानमारोहामि,1
सोपानारोहण,1
सोपायश्चानिमित्तश्च,1
सोपिधीयते,1
सोप्यंधः,1
सोब्रवीद्वचः,1
सोमः,1
सोमगुणभूयिष्ठायां,1
सोमग्र॒हं,1
सोमपा,1
सोममपां,1
सोमममृता,1
सोमम्,1
सोमवारे,1
सोमसूर्यद्वयातीतं,1
सोमसूर्ययोः,1
सोमसूर्यौ,1
सोमस्य,1
सोमस्योत्तिष्ठमानस्य,1
सोमा,1
सोमाख्यस्य,1
सोमापौ॒ष्णं,1
सोमाभी,1
सोमाश्रमं,1
सोमा॑पूषणा॒,1
सोमा॑रुद्रा,1
सोमा॑रुद्रा॒,1
सोमे॑ना॒न्नाद्य॒मन्न॑वाने॒वान्ना॒दो,1
सोमे॑नेजा॒नाद्दे॒वता,1
सोमे॑न॒,1
सोमे॒नाती॑तृपं॒,1
सोमे॒नामी॑मद,1
सोमोऽर्धं,1
सोम्य,1
सोम्या,1
सोम॑प्रतीकाः,1
सोम॑म॒मृता॑,1
सोम॑स्याभिषू॒यमा॑णस्य,1
सोम॒मप्र॑तिष्ठाप्य,1
सोम॒मित्या॒हौष॑धीभ्य,1
सोम॒स्त,1
सोयमनुग्राह्यः,1
सोयम्,1
सोर्ध्वा,1
सोऽजि॑ह्वो,1
सोऽद्यान्यैर्भूतिमिच्छसि,1
सोऽनवेक्ष्य,1
सोऽनुगान्,1
सोऽन्ते,1
सोऽपवर्गः,1
सोऽभिजायते,1
सोऽभिवाद्य,1
सोऽरुणेनाङ्गरागेण,1
सोऽवकाशः,1
सोऽविमुक्त,1
सोऽश्विनौ,1
सोऽश्वोस्ति,1
सोऽसति,1
सोऽस्ति,1
सोऽस्य,1
सोऽहं,1
सोऽहङ्कारवृत्तिरित्यहङ्कारसिद्धिः,1
सोऽहमेव,1
सो॑मापू॒ष,1
सो॑ऽनङ्गुलि॒राव॑यत्,1
सो॑ऽपाम्,1
सो॒मेति॑,1
सो॒म्यः,1
सो॒म॒ग॒न्ध॒र्वे,1
सो॒रुः,1
सो॒ऽ॒ग्री॒वः,1
सौ,1
सौः,1
सौख्यनाम्नाऽपि,1
सौगताः,1
सौत्रनाडिः,1
सौभद्रं,1
सौभद्रसहिता,1
सौभपतिश्चैव,1
सौभाग्यकाण्डे,1
सौम्यं,1
सौम्यशक्तिभेदविषये,1
सौम्यश्च,1
सौम्यैः,1
सौरपुराणे,1
सौवर्णमपरं,1
सौव्रजति,1
सौ॑धन्व॒नाः,1
सौ॒क्ष्म्यात्,1
सौ॒म्य,1
सौ॒म्यास्ता,1
सौ॒रीं,1
सौ॒र्यमेक॑कपालं,1
स्कन्दति॒,1
स्कन्दन्ति॒,1
स्कन्द॑ति,1
स्कन्धा,1
स्कन्धादन्यो,1
स्कन्धान्,1
स्कन्धोऽपरः,1
स्कन्धोऽपरो,1
स्कान्थ्स॒ह,1
स्कान्दमुद्दिष्टं,1
स्काम्भायना,1
स्क्प्,1
स्क्वार,1
स्खालित्यं,1
स्टडीसर्किल्,1
स्ततामहा,1
स्ततोंऽते,1
स्तत्,1
स्तत्तद्भुवनजदेहरूपैश्च,1
स्तत्रैव,1
स्तथा॒,1
स्तनं॒,1
स्तनयि॒त्नुतेह्य॒पो,1
स्तनान्तरे,1
स्तन्यं,1
स्तबकम्,1
स्तब्धां,1
स्तब्धात्मा,1
स्तम्भ,1
स्तम्भनी,1
स्तम्भाः,1
स्तम्भाद्यर्थोपलब्धिषु,1
स्तम्भाभिभूतिचतुरौ,1
स्तम्भेषु,1
स्तरः,1
स्तरङ्गमनात्,1
स्तरीरसी,1
स्तर्यस्यार्थं,1
स्तलेश्वरस्थलेश्वरः,1
स्तवमुच्चतरं,1
स्तवा,1
स्तवैर्देवांस्तोषयेद्,1
स्तस्याः,1
स्तानु॑पब्दि॒मतो॑,1
स्ताभ्यां,1
स्तामैरिति,1
स्ताम्र॒रथाः,1
स्तार्क्ष्यो॒,1
स्ता॒वः,1
स्तिस्रो,1
स्तीक्ष्णः,1
स्ती॒र्त्वा,1
स्ती॒र्य,1
स्तुतावधिकोक्तिः,1
स्तुतिभाजनम्,1
स्तुतेरनन्तर,1
स्तुत्यर्थत्वेनावयवस्तुतिर्,1
स्तुनुबन्धाय,1
स्तु॑तश॒स्त्रयो॒र्दोह॒मवि॑द्वा॒न्,1
स्तु॑तश॒स्त्रयो॒र्दोह॒स्तं॒,1
स्तु॒त,1
स्तु॒तः,1
स्तु॒तो,1
स्तु॒वते॑,1
स्तू॒यमा॑नाः,1
स्तृणुते॒,1
स्तृतीयसव॒नम॑कुर्वत॒,1
स्तृ॑तीयसव॒न,1
स्तृ॒णाति॒,1
स्तृ॒णु॒त,1
स्तेभ्यो॒,1
स्तेयी,1
स्ते॑,1
स्तैमित्यमग्निनाशो,1
स्तो,1
स्तोतृ,1
स्तोत्र,1
स्तोत्रमुत्तमम्,1
स्तोत्रमेतज्जितेन्द्रियः,1
स्तोत्रविशेषः,1
स्तोभम्,1
स्तोमं,1
स्तोमः,1
स्तोमा॒श्छन्दा,1
स्तोमो,1
स्तोमौ॑,1
स्तोम॑,1
स्तोम॑स्य॒,1
स्तोम॒,1
स्तोम॒म्प्रत्यु॒क्थानि॒,1
स्तोष्प॒तिर्यदहु॑त्वा,1
स्तोष्यन्ति,1
स्तो॒का,1
स्तो॒कावप॒,1
स्तो॒तृ,1
स्तो॒त्रं,1
स्तो॒त्रमु॑पाक॒रोत्यप्र॑तिष्ठितः॒,1
स्तो॒त्रमु॒पाकु॑र्या॒त्प्रत्ये॒व,1
स्तौति,1
स्तौमि,1
स्त्,1
स्त्रियः,1
स्त्रियः॑,1
स्त्रियक्षस्त्र,1
स्त्रिया,1
स्त्रिलोचनः,1
स्त्रिवृ,1
स्त्री,1
स्त्रीजनस्य,1
स्त्रीजितो,1
स्त्रीधातवश्चत्वार,1
स्त्रीपाठवशमागता,1
स्त्रीपुंसाभ्यां,1
स्त्रीपुत्रधनसम्पदः,1
स्त्रीपुन्धर्मो,1
स्त्रीपुमांसप्रयोगेण,1
स्त्रीपु॒मम्,1
स्त्रीलिङ्गनिर्देशः,1
स्त्रीलिङ्गे,1
स्त्रीवस्त्रगन्धधनलाभाः,1
स्त्रीशेषमभवज्जगत्कालेन,1
स्त्रैषू॑यम॒न्यत्र॒,1
स्त्वरया,1
स्त्वर्ता॒युभ्य॒,1
स्त्वा,1
स्त्वेतानिनाञ्जसा,1
स्त्वे॒व,1
स्त्वो॒र्ध्वा,1
स्त॒नय॑न्त्य॒भ्रा,1
स्त॒नय॑न्त॒मक्षि॑तम्,1
स्त॒नय॒,1
स्त॒न॒यि॒त्नुर्वृ॒ष्टिः,1
स्त॒वाः,1
स्थः,1
स्थः॑,1
स्थण्डिलसंवेशनानुन्मर्दनामज्जन,1
स्थण्डिलाच्छयितरि,1
स्थण्डिले,1
स्थण्डिलेपि,1
स्थपितः,1
स्थलं॒,1
स्थले,1
स्थलेन,1
स्थले॑,1
स्थलोपलपर्वतसरित्समुद्राद्याकारभेदेन,1
स्था,1
स्थाणवे,1
स्थाणुर्भवति,1
स्थाणुर्भूतादिर्निधिरव्ययः,1
स्थाणुर्महाराज,1
स्थाणुलिङ्‌गाश्रयेणैव,1
स्थाण्डिलो,1
स्थाण्वष्टकाख्याख्याताः,1
स्थाण्वष्टकाश्च,1
स्थातव्याः,1
स्थातुं,1
स्थातुमुत्सहते,1
स्थादिः,1
स्थान,1
स्थानदो,1
स्थानपद्धतिः,1
स्थानप्रदर्शनादिना,1
स्थानमष्टांशं,1
स्थानमात्राणि,1
स्थानमैद्रं,1
स्थानवतामपि,1
स्थानस्यैव,1
स्थानात्,1
स्थानान्यप्याह,1
स्थानान्येवेन्द्रियाणि,1
स्थानापराधः,1
स्थानापराधोऽथ,1
स्थानार्थी,1
स्थानावशिष्टसूत्र,1
स्थानेष्वत्यर्थः,1
स्थानेष्वे,1
स्थापनमित्यपि,1
स्थापनमित्युच्यते,1
स्थापनादयः,1
स्थापयन्ति,1
स्थापयामि,1
स्थापयिष्यसि,1
स्थापयेद्राजते,1
स्थापयेयुः,1
स्थापयेल्लिङ्गवद्गुरुः,1
स्थापयेल्लिङ्‌गं,1
स्थापितमतस्तस्य,1
स्थापितम्,1
स्थालीं,1
स्थावराङ्‌कुरवद्‌भूमिमुद्‌भिद्य,1
स्थावरादावकृत्रिमे,1
स्थाव॑रोऽस्म्यथ॒,1
स्थास्नुना,1
स्थास्यतीति,1
स्थास्यन्ति,1
स्थाऽफ्सु॒षदः॑,1
स्था॑तो॒रित्या॑हु॒रिन्द्र॑स्य॒,1
स्था॑व॒राः,1
स्था॒त्रे,1
स्था॒पय॑ति॒,1
स्था॒व॒रा,1
स्थितको,1
स्थितत्व,1
स्थितधीः,1
स्थितमिति,1
स्थितमुज्झितं,1
स्थितलिङ्गश्च,1
स्थितश्,1
स्थितस्थापनमेव,1
स्थितस्यास्य,1
स्थितानाम्,1
स्थितानीत्युक्तं,1
स्थिताप्रत्वादि,1
स्थिताम्,1
स्थिताश्चान्ये,1
स्थिताऽहं,1
स्थितिकालः,1
स्थितित्युक्तपरिज्ञानार्थं,1
स्थितिमभिधाय,1
स्थितिमाह,1
स्थितिमाहात्म्य,1
स्थितिम्,1
स्थित्यन्तमाह्याद्यं,1
स्थित्यन्ति,1
स्थित्यन्ते,1
स्थित्यावेदनम्,1
स्थिरं,1
स्थिरतयैव,1
स्थिरत्वेन,1
स्थिरप्रदीपताम्,1
स्थिरबुद्धिरसम्मूढो,1
स्थिरस्यैव,1
स्थिरस्व,1
स्थिरां,1
स्थिरासनः,1
स्थिरैर्जालावततैः,1
स्थिरो,1
स्थूणा॒वुदि॑तौ॒,1
स्थूरि॑,1
स्थूलजलादि,1
स्थूलत्वाच्च,1
स्थूलमूलिकाम्,1
स्थूलरूपेण,1
स्थूललिङ्‌गं,1
स्थूलसूक्ष्मत्वेनेन्द्रियाधाराणि,1
स्थूला,1
स्थूलानि,1
स्थूलेन,1
स्थूलेषु,1
स्थैर्यधैर्यादीनां,1
स्थैर्याध्यारोपो,1
स्थो॑,1
स्थौल्यालस्यकफकृमिविषकुष्ठक,1
स्नपनं,1
स्नातकान्ब्राह्मणान्प्राप्ताञ्श्रुत्वा,1
स्नाता,1
स्नानं,1
स्नानङ्कुर्याम्,1
स्नानदानादिकाः,1
स्नानम्,1
स्नानर्ं,1
स्नानाभिषेकनैवेद्यैर्भोजनैश्च,1
स्नानार्थं,1
स्नायात्,1
स्नि,1
स्निग्धं,1
स्निग्धाम्बुदाभासं,1
स्निग्धैर्बहुलत्वगुप,1
स्नेकपर्णाप्ठीवन्त,1
स्नेव॒,1
स्नेहसुप्तिस्तम्भगौरवैरन्वितोऽल्पवेदनः,1
स्नेहस्तथा,1
स्नौ॑तु,1
स्पन्दमापिन्यां,1
स्पन्दादिरूपः,1
स्परा,1
स्पर्धा,1
स्पर्धां,1
स्पर्धाः,1
स्पर्धायाम्,1
स्पर्धार्थिनः,1
स्पर्धासु,1
स्पर्धिष्यमानेभ्यः,1
स्पर्ध॑मानेनै॒ते,1
स्पर्शग्राहक्त्वं,1
स्पर्शतन्मातृतत्वाधिपाय,1
स्पर्शतन्मातृतत्वाय,1
स्पर्शतन्मात्रं,1
स्पर्शति,1
स्पर्शशब्दोपस्थानि,1
स्पर्शश्च,1
स्पर्शांश्चतुरो,1
स्पर्शात्संघर्षेणेति,1
स्पर्शादिग्रहणे,1
स्पर्शाधिपत्वमस्य,1
स्पर्शाधिपाय,1
स्पर्शान्,1
स्पर्शाय,1
स्पर्शेन,1
स्पर्शैकग्राहिका,1
स्पर्शो,1
स्पश,1
स्पष्टभेदश्रुत्यनुसारेणेन्द्रस्याऽऽत्माऽन्तर्गामीत्येवार्थो,1
स्पष्टमेवेदं,1
स्पष्टम्,1
स्पष्टार्थाः,1
स्पष्टी,1
स्पष्टीकृतम्,1
स्पष्टोर्थः,1
स्पष्टोर्थस्तत्वत्रयन्यासे,1
स्पसरो,1
स्पार्हा,1
स्पुटम्,1
स्पृशति,1
स्पृशते,1
स्पृशन्तीं,1
स्पृशेमां,1
स्पृष्टं,1
स्पृष्टः,1
स्पृष्ट्वेव,1
स्पृष्ठश्,1
स्पृहयन्ती,1
स्प्तमे,1
स्प्तैतानि,1
स्प्राक्षीः,1
स्प्रोञ्चः,1
स्प॒र्श्य,1
स्फटिकमणिः,1
स्फटिकस्य,1
स्फटिकस्येव,1
स्फतयेति,1
स्फान,1
स्फा॑लयेत्,1
स्फा॒नेत्या॑हा॒सौ,1
स्फुटं,1
स्फुटम्,1
स्फुरदधरजनीकल्याः,1
स्फोटरूपता,1
स्फोटस्यान्तरत्वम्,1
स्फोटैः,1
स्मः,1
स्मय॑मानाभि॒रागा॒त्पत॑न्ति॒,1
स्मरणम्,1
स्मरणात्,1
स्मरणादेव,1
स्मरणावृत्तिर्,1
स्मरणीयाः,1
स्मरन्ति,1
स्मरन्हुनेत्,1
स्मरमाणाऽऽत्मनः,1
स्मरशरपातस्य,1
स्मरिष्यन्ति,1
स्मरेदेत्कपिलाख्यं,1
स्मरेशशर्वौ,1
स्मर्यते,1
स्मर्यमाणं,1
स्मस्तेभ्यः॒,1
स्मादेवोत्पत्त्यभ्युपगमे,1
स्माद्दी॒क्षा,1
स्मारकनाणयं,1
स्मास्य,1
स्माहारु॒णः,1
स्मिंश्चावकाशे,1
स्मितस्य,1
स्मितास्यो,1
स्मिम्हि,1
स्मृत,1
स्मृततन्मुखश्रीः,1
स्मृतत्वात्स,1
स्मृतम्,1
स्मृतयश्च,1
स्मृतिं,1
स्मृतिः॑,1
स्मृतिकरीत्य्,1
स्मृतितन्त्रे,1
स्मृतिरतः,1
स्मृतिर्,1
स्मृतिर्मे,1
स्मृतिश्चेति,1
स्मृतेति,1
स्मृतो,1
स्मृत्या,1
स्मृत्यादीनामवान्तरभेदेऽपि,1
स्मृत्युपस्थानानि,1
स्मृत्वा,1
स्मृ॑तः,1
स्मृ॒तं,1
स्म॒र्यते॑,1
स्य,1
स्यः,1
स्यतं,1
स्यते,1
स्यन्दनैः,1
स्यसनोः,1
स्याच्चतुरक्षरम्,1
स्याच्छिवस्य,1
स्याच्छिवान्त्यकम्,1
स्याच्छिवोक्तमवाचकम्,1
स्यात्कण्टकार्या,1
स्यात्कांस्ये,1
स्यात्कृती,1
स्यात्त,1
स्यात्तत्र,1
स्यात्तथा,1
स्यात्तस्मै॑,1
स्यात्तु,1
स्यात्तेषां,1
स्यात्परतः,1
स्यात्परिरम्भणं,1
स्यात्प॒शवो॒,1
स्यात्संहितायाम्,1
स्यात्सर्वरोगनुत्,1
स्यात्सुपापकृत्,1
स्याथ्स॒मारो॑हयति॒,1
स्यादनियमोऽविशेषात्,1
स्यादनिष्ठुरम्,1
स्यादभस्मपदं,1
स्यादसति,1
स्यादस्त्रवाचकम्,1
स्यादस्माकं,1
स्यादाकारस्,1
स्यादापि,1
स्यादास्ये,1
स्यादित्यर्थ,1
स्यादित्याह,1
स्यादित्येके,1
स्यादित्येवोक्तम्,1
स्यादृणौ,1
स्यादेवमेषाहुतिरेतया,1
स्यादोन्नमो,1
स्याद्धृताद्यस्त्रान्तयोजिता,1
स्याद्भुक्तिमुक्तिफलप्रदम्,1
स्याद्योजनार्धं,1
स्याद्वन्दिता,1
स्याद्वपुरुषस्थितिः,1
स्याद्वामकर्णे,1
स्याद्वामदेव,1
स्याद॑तिरा॒त्रं,1
स्याद॒प्सु,1
स्यान्,1
स्यान्न,1
स्यान्नसंशयः,1
स्यान्निधनाय,1
स्यान्नि॑र्म॒न्थ्यं॑,1
स्यान्मम,1
स्यान्मात्रिकस्तु,1
स्याल्लिङ्‌गादौ,1
स्याशून्यताहेतोः,1
स्यास्य,1
स्या॑म,1
स्या॒दिति॒,1
स्या॒द्द्विर्,1
स्या॒द्यो,1
स्या॒न्नाना,1
स्या॒मित्य॒ग्निनै॒वान्न॒मव॑,1
स्या॒मीति॒,1
स्यु,1
स्युपदान्यपि,1
स्युरिच्छादिकाः,1
स्युर्,1
स्युस्तान्ब्रू॑याद्यु॒ङ्ग्ध्वमिति॑,1
स्युस्त्रि,1
स्यु॒र्यच्छ्वा,1
स्यु॒र्यथ्स्कन्दे॒द्यज॑मानः,1
स्यू॒र्मिर्वृ॑षसे॒नो॑,1
स्यैव,1
स्यैवमाना,1
स्योनाः,1
स्यो॒न,1
स्यो॒नं,1
स्यो॒नामा,1
स्यौ,1
स्य॑स्व,1
स्रक्चन्दनादिभोग्यं,1
स्रक्ष्यमाणविशेषाकाङ्क्षानुगुणसामान्यसृष्टिः,1
स्रज॑मुद्गा॒त्रे,1
स्रवति,1
स्रवदति,1
स्रवन्तीः,1
स्रवेत्,1
स्रवेदेष,1
स्रा॒तः,1
स्रा॒वं,1
स्रा॒वम॑जुहो॒त्ततो॒,1
स्रुग्घ्नादागतः,1
स्रुग्वा,1
स्रुचो॑,1
स्रुचो॒,1
स्रुवहस्ताय,1
स्रु॒वो,1
स्रोतःस्वावृतेषु,1
स्रोतआपत्तिफले,1
स्रोतसां,1
स्रोतोभिर्विश्वधामभिः,1
स्रो॒त्याना॒मन्न॒,1
स्रौग्घ्नः,1
स्र्त्प्,1
स्र्यक्षौणि,1
स्वकम्,1
स्वकरः,1
स्वकरे,1
स्वकर्मणां,1
स्वकर्मणाम्,1
स्वकर्मणि,1
स्वकां,1
स्वकाण्डकारस्य,1
स्वकापाङ्गविलासेन,1
स्वकारणैस्तन्मात्रैः,1
स्वकार्यं,1
स्वकार्यैः,1
स्वकार्यैरेव,1
स्वकार्यैर्मलव्युदासेनैकदेशस्वरूपव्यक्तिरेवात्मनः,1
स्वकार्यैश्च,1
स्वकार्योत्पत्तितत्पुष्टिकर्तृता,1
स्वकीयत्वसंरक्षणमित्‍येतत्,1
स्वकीयत्‍वं,1
स्वकीयवचनपालने,1
स्वकीयविषयेषु,1
स्वकीयवैशिष्टयमादधाति,1
स्वकीये,1
स्वकृत,1
स्वकृ॑त॒,1
स्वके,1
स्वगणान्वितः,1
स्वगर्भजातं,1
स्वगानशैलीं,1
स्वगृहचैत्येषु,1
स्वगृहम्,1
स्वगृहे,1
स्वङ्गुरिः,1
स्वचापसौन्दर्यम्,1
स्वचिन्तितेषु,1
स्वच्छताकरणम्,1
स्वच्छत्वात्,1
स्वच्छत्वान्नोक्तकारणात्,1
स्वच्छन्दं,1
स्वच्छन्दभैरवं,1
स्वच्छाया,1
स्वजनसङ्गाच्च,1
स्वजनैर्युक्तो,1
स्वतनुज,1
स्वतन्त्रं,1
स्वतन्त्रता,1
स्वतन्त्रत्वा,1
स्वतन्त्रपुरुषाभावे,1
स्वतन्त्रश्च,1
स्वतन्त्रस्याऽस्य,1
स्वतेजसि,1
स्वत्वेन,1
स्वदः,1
स्वदय॒त्यह्नां,1
स्वदिमभिव्याप्येति,1
स्वदिस्त्वकर्मकः,1
स्वदुष्कर्मफलं,1
स्वदेह,1
स्वदेहे,1
स्वदेहेन,1
स्वदेहेऽन्यत्र,1
स्वदौष्ट्यं,1
स्वधर्मतः,1
स्वधावः,1
स्वधावन्तौ,1
स्वधावो॒,1
स्वधि॑ति॒र्वना॑ना॒,1
स्वनाम्ना,1
स्वनीक,1
स्वपक्षसाधनदोषपरिहारेण,1
स्वपक्षस्य,1
स्वपदं,1
स्वपदस्य,1
स्वपदाधःस्थानिगामधिष्ठानम्,1
स्वपन्न्,1
स्वपरात्मप्रकाशिका,1
स्वपरात्महितोत्साहैः,1
स्वपार्षदैः,1
स्वपिषि,1
स्वपीयत्तेत्ता,1
स्वपूर्वजन्मावलिरात्मानमुन्मत्तजडान्धबधिर,1
स्वपेत्क्वचित्,1
स्वप्नस्मृतिप्रतिभादावसत्यप्यर्थे,1
स्वप्नादिबोधवत्,1
स्वप्ने,1
स्वप्रकाशमकल्मषम्,1
स्वप्रतिज्ञां,1
स्वप्रथमम्,1
स्वप्रमाणतः,1
स्वप्रवृत्तौ,1
स्वप्रियं,1
स्वफलभोगार्थमात्मनः,1
स्वबलमन्तिकात्,1
स्वबाहुभ्यां,1
स्वबुद्ध्या,1
स्वभक्तितः,1
स्वभर्त्रा,1
स्वभावं,1
स्वभावजं,1
स्वभावतः,1
स्वभावता,1
स्वभावशान्तं,1
स्वभावान्तरयोगादनित्यत्वप्रसङ्ग,1
स्वभा॑नवो॒,1
स्वभू॒ते,1
स्वभोज्यं,1
स्वभ्रातृभिरपि,1
स्वमतेन,1
स्वमतेनेत्यादिना,1
स्वमनोबलनैतिकबलविधिशास्त्रनैपुण्यादिभि,1
स्वमहिमन्यपि,1
स्वमात्मानं,1
स्वमात्रापूरपुष्टानां,1
स्वमात्रापूरपुष्टानामिति,1
स्वमाश्रमम्,1
स्वमेव,1
स्वयंकृतम्,1
स्वयंदि॒नं,1
स्वयंभुवम्,1
स्वयंवरं,1
स्वयमचला,1
स्वयमनुसंस्थयापतिलोकमगात्,1
स्वयमभ्यर्चनं,1
स्वयमवप॒न्नायै॒,1
स्वयमिति,1
स्वयमित्यसौ,1
स्वयमुपसंहृताः,1
स्वयमेतत्कर्तव्यमित्यर्थः,1
स्वयमेनं,1
स्वयमेवानुग्राहति,1
स्वयमेवावभासते,1
स्वयमैश्वर्यमाप्नोति,1
स्वयम्भुवः,1
स्वयम्भू,1
स्वयम्भूरिति,1
स्वयम्भूवाणलिङ्गादि,1
स्वयम्भूश्च,1
स्वयशसैव,1
स्वयैवैनं,1
स्वय॒म्भुम्,1
स्वय॒म्भ्विति॑,1
स्वरत्नं,1
स्वरन्यासक्रमेणैव,1
स्वरवर्णार्थाञ्छास्त्रदृष्ट्याऽनुचिन्तयन्,1
स्वराशिके,1
स्वरुपं,1
स्वरूअप्माह,1
स्वरूप,1
स्वरूपकथनगर्भ,1
स्वरूपकथनमात्रमेव,1
स्वरूपज्योतिरेवान्तः,1
स्वरूपज्ऽनैराचार्येरिति,1
स्वरूपतः,1
स्वरूपतस्तु,1
स्वरूपनाशनेनात्मनिजढत्वं,1
स्वरूपभूतधर्मैः,1
स्वरूपभूतस्थित्या,1
स्वरूपभेद,1
स्वरूपमधुनोच्यते,1
स्वरूपमनुपदमेव,1
स्वरूपमाह,1
स्वरूपम्,1
स्वरूपलक्षणत्वेन,1
स्वरूपविज्ञानं,1
स्वरूपव्यक्तिलाभाच्च,1
स्वरूपहेतू,1
स्वरूपादप्रच्युतो,1
स्वरूपानन्द,1
स्वरूपानुकार,1
स्वरूपावस्थितिरच्युतैव,1
स्वरूपाविवेकेन,1
स्वरूपेणात्मनो,1
स्वरूपेऽवस्थानम्,1
स्वरूपैक्यम्,1
स्वरूपैक्यस्य,1
स्वरूपोपकारकेण,1
स्वरूपोपलब्धिः,1
स्वर्गजितो,1
स्वर्गद्वारं,1
स्वर्गभाजो,1
स्वर्गवासादिहेतवः,1
स्वर्गशब्दितं,1
स्वर्गसाधने,1
स्वर्गस्थो,1
स्वर्गादिप्रयोजनेनैव,1
स्वर्गाद्,1
स्वर्गेऽप्यपकर्षमल्पं,1
स्वर्गो,1
स्वर्गोऽखिलो,1
स्वर्णकेशाय,1
स्वर्णपुष्पाणि,1
स्वर्णरम्भादिभिश्चान्यैः,1
स्वर्णरस्य,1
स्वर्णरो,1
स्वर्णलिङ्‌गं,1
स्वर्णाक्षस्थाणुरित्यपि,1
स्वर्णितं,1
स्वर्ध्वसंहृ,1
स्वर्यम्बिका,1
स्वर्वान्,1
स्वर॒थस्य॒,1
स्वलक्षणमित्यत्र,1
स्वलक्षणविलक्षितैः,1
स्वलक्षणामवतारयति,1
स्वलक्षणैः,1
स्वलङ्कृत्य,1
स्वलङ्‌कृते,1
स्वलो॒के,1
स्वल्पं,1
स्ववचनस्य,1
स्ववर्णाश्रमादिनियतानां,1
स्ववशं,1
स्ववा॑ने॒व,1
स्वविधिनाभिषिच्याहतेन,1
स्वविषयमेवावतिष्ठते,1
स्वविषयासंप्रयोगे,1
स्वविषये,1
स्वव्यतिरिक्तसकलजननियमनसामर्थ्यम्॑,1
स्वशक्त्या,1
स्वशब्देन,1
स्वशरीरसंस्थं,1
स्वशासनप्राप्त्यै,1
स्वशास्त्रोक्तं,1
स्वशिरश्च्छेदन,1
स्वशिष्येष्वैक्येन,1
स्वश्च,1
स्वश्नेत्राङ्ग,1
स्वश्वि॑यम्,1
स्वश्शिधा,1
स्वसंवेदन,1
स्वसंवेदनप्रत्यक्षसिद्धो,1
स्वसंवेदनसिद्धत्वादित्युक्तम्,1
स्वसंवेदनसिद्धत्वेऽप्यनुमेयत्वमभ्युपगम्योच्यते,1
स्वसंस्थया,1
स्वसन्तापसन्तानमाप्तहृदयेषु,1
स्वसा,1
स्वसामर्थ्येण,1
स्वसिद्धान्त,1
स्वसुतां,1
स्वस्तिकं,1
स्वस्तिकेष्विह,1
स्वस्तिवाचनविप्रेभ्यः,1
स्वस्त्ययं,1
स्वस्त्यस्तु,1
स्वस्थः,1
स्वस्थचित्ता,1
स्वस्थम्,1
स्वस्थानं,1
स्वस्थानान्न्यक्कारः,1
स्वस्मात्,1
स्वस्रा,1
स्वस्वकारणान्येव,1
स्वस्वकारणेषूपसंहार,1
स्वस्वकालव्यावृत्तशक्तिकः,1
स्वस्वकालान्तो,1
स्वस्वप्रवृत्तिविभागैः,1
स्वस्वभुवनवर्तिष्वादिमध्यान्तेष्वधिष्ठिता,1
स्वस्वविद्याधिपोपेतन्यसेत्,1
स्वस्वविद्याधिपोपेतमात्मविद्या,1
स्वस्वशास्त्रोक्तपदस्यैव,1
स्वस्वातन्त्र्यादेव,1
स्वस्व्सविद्याधिपोपेतन्यसेत्,1
स्वहस्ताद्‌गुरुहस्ताद्वा,1
स्वहस्ताल्लिखितं,1
स्वहस्ताल्लिख्यते,1
स्वहृदि,1
स्वाकारे,1
स्वाक्षनिष्ठाभि,1
स्वाक्षरं,1
स्वाङ्गाद्,1
स्वाज्ञानमप्यात्मनि,1
स्वातन्त्र्य,1
स्वातन्त्र्यगर्भत्वात्,1
स्वातन्त्र्ययोजकः,1
स्वातन्त्र्योपपत्तेः,1
स्वात्मतया,1
स्वात्मदुःखाय,1
स्वात्मन,1
स्वात्मन्यारोपयच्छिवः,1
स्वात्मन्यारोपितं,1
स्वात्मप्रकाशकत्वं,1
स्वात्मयज्ञं,1
स्वात्मलाभाधिगमः,1
स्वात्मसंस्थं,1
स्वात्मसंस्थमिति,1
स्वात्मसंस्थाः,1
स्वात्मसम्भवम्,1
स्वात्मसाक्षात्कारलक्षणं,1
स्वात्मसिद्ध्यर्थमेव,1
स्वात्मानन्दोदये,1
स्वात्मानमपि,1
स्वात्मारामो,1
स्वात्मार्थं,1
स्वादने,1
स्वादीयः,1
स्वादी॑यः,1
स्वादुना,1
स्वादुभिस्तैस्तरोः,1
स्वादुसुरभ्यभिजातमर्मरशब्दवदभिरूपदीर्घतरशष्कुल्या,1
स्वादे॒व,1
स्वादे॒वास्मै॒,1
स्वादोः,1
स्वाधिकारान्तं,1
स्वाधिष्ठानं,1
स्वाधिष्ठेयप्रपञ्चस्य,1
स्वाधीनकार्यकर्तृभिः,1
स्वाधीनतान्दोलने,1
स्वाध्यायः,1
स्वाध्यायस्तत्सापेक्षमीश्वरप्रणिधानानि,1
स्वाध्यायस्य,1
स्वाध्यायाध्ययनत्यागसन्तोषतितिक्षाप्रश्रयविद्या,1
स्वाध्याय॑धर्मे॒ण,1
स्वानुरूपादहङ्कृतः,1
स्वान्तरात्,1
स्वान्ताः,1
स्वान्तेवासिभ्यः,1
स्वान॒भ्राट्,1
स्वापदादि,1
स्वापेन,1
स्वापेऽप्यास्ते,1
स्वाभाविकः,1
स्वाभिप्रायमाविष्करोतीत्यर्थः,1
स्वाभिप्रायाविष्करणं,1
स्वामित्वम्,1
स्वामिनम्,1
स्वामिन्देहि,1
स्वामिभक्तिपरित्यक्ताहारहीयमानबलविकलवल्लभभूभृति,1
स्वामिविवेकानन्दद्वारा,1
स्वायम्भु॒वाः,1
स्वाया॑मे॒वैनं॒,1
स्वारम्भकं,1
स्वारोपयन्तीह,1
स्वार्जितैर्गुरुम्,1
स्वार्थ,1
स्वार्थं,1
स्वार्थः,1
स्वार्थत्वम्,1
स्वार्थत्वाभावाद्,1
स्वार्थिकत्वमभिप्रेत्य,1
स्वार्येत,1
स्वाशासु,1
स्वाश्रमं,1
स्वासं,1
स्वास्थ्य,1
स्वास्थ्यकरः,1
स्वास्थ्यहानिः,1
स्वास्थ्याय,1
स्वाहया,1
स्वाहाकारान्तसंयुता,1
स्वाहान्त,1
स्वाहा॑कृत,1
स्वाहा॑कृताः,1
स्वाहेति॑,1
स्वाहेत्य॒भितो॑,1
स्वाहेन्द्रा॑य॒,1
स्वाहेन्द्र॑स्य॒,1
स्वाहो॒र्जो,1
स्वाहो॒शिक्त्वं,1
स्वाहौष॑धीभ्यः॒,1
स्वाऽऽसीदिति,1
स्वा॑य॒म्भुवः॑,1
स्वा॒दोः,1
स्वा॒द्वीं,1
स्विदत्रान्त॑रा,1
स्विष्टिं,1
स्वि॑ष्टिं,1
स्वीकृतः,1
स्वीकृतभूसंबन्ध,1
स्वीकृतस्तमेप,1
स्वीक्रियते,1
स्वीय,1
स्वीयधर्मसम्प्रदायमप्यजीजनत्,1
स्वीययानस्य,1
स्वीयाभावेऽन्यदीयं,1
स्वीयाभीप्सित,1
स्वेच्छया,1
स्वेच्छाय,1
स्वेदोरोमां,1
स्वेनै॒वैनं॒,1
स्वेषु॒,1
स्वे॒व,1
स्वैरं,1
स्वैरमुपासते,1
स्वैराचारपरा,1
स्वैश्वर्यबलमनुभवितुं,1
स्वोचितकिंचित्कर्मणामपि,1
स्वोचितेन,1
स्वोद्योगार्थं,1
स्वोपगमविरोधः,1
स्वोपचयगैराप्तिः,1
स्वोपज्ञवृत्तितो,1
स्वोवर्णद्वयञ्चानिधनेति,1
स्व॑ङ्गु॒रिः,1
स्व॑ती॒स्तेन॒,1
स्व॑ध्व॒रम्,1
स्व॑प्त,1
स्व॑यंकृ॒त,1
स्व॑यंकृ॒ता,1
स्व॑यंमथि॒त,1
स्व॑यंमू॒र्ते,1
स्व॑र्गाल्लो॒कात्,1
स्व॑र्यन्तो॒,1
स्व॑र्वा॒च्यदि॑ति॒रना॑हतशीर्ष्णी॒,1
स्व॒कर्म॑भिः,1
स्व॒गाकृ॑तो॒,1
स्व॒गाकृ॑त्या॒,1
स्व॒गाकृ॑त्यै॒,1
स्व॒धाभि॒र्ये,1
स्व॒ने,1
स्व॒राजे,1
स्व॒र्काः,1
स्व॒र्गका॑मश्चिन्वीत,1
स्व॒र्गस्य॑,1
स्व॒र्गो,1
स्व॒सिच॑,1
स्व॒स्तये॒,1
स्व॒स्तिभिः॒,1
स्व॒स्तिर्भक्षेहि॑,1
स्व॒स्तिर्मानु॑षेभ्यः,1
स्व॒स्तिर्वि॑घ॒नः,1
स्व॒स्तिर॑स्तु,1
स्व॒स्तिऽभिः॑,1
स्ह्,1
स॑,1
स॑कं॒,1
स॑चन्ते॒,1
स॑जा॒ता,1
स॑जा॒तानव॑,1
स॑जा॒ताना॒,1
स॑ञ्चस्क॒रर्द्धि॑या॒,1
स॑ति,1
स॑ति॒,1
स॑त्य॒स्या,1
स॑दा,1
स॑द॒स्या,1
स॑ध॒मादं॒,1
स॑नवो॒,1
स॑निर्व॒चनाः,1
स॑न्न,1
स॑पीत॒स्याति॑,1
स॑माय॒न्ति,1
स॑मावि॒ष्टः,1
स॑मासे॒न,1
स॑मा॒नाना,1
स॑मु॒द्रं,1
स॑मु॒द्रः,1
स॑मु॒द्रादा,1
स॑मु॒द्रौ,1
स॑मे,1
स॑म्भा॒र्याः,1
स॑र्पन्ति॒,1
स॑र्पिर्ग्री॒वी,1
स॑र्वदेव॒त्या॑,1
स॑र्व॒त्वाय॑,1
स॑वा॒त्यौ॑,1
स॑वि॒ता,1
स॑वि॒तुर्य॑था॒,1
स॑साहिषे,1
स॑ह,1
स॑हस्रा॒णि,1
स॑ह॒जान्तवा,1
स॒कृद्यत्त्वा॒,1
स॒ख्यमावि॑थ,1
स॒जित्वा॑न,1
स॒जोषाः,1
स॒जोष॑सः,1
स॒ञ्चर॑न्ति॒,1
स॒तती॑,1
स॒तस्त॑द्देव॒लक्ष॑णम्,1
स॒ताम॑सि॒,1
स॒तीः,1
स॒ते,1
स॒तो,1
स॒तोबृ॑हती॒,1
स॒त्तमा॑सते॒,1
स॒त्य,1
स॒त्यज्यो॑तिश्च॒,1
स॒त्यध॒र्मेन्द्र॑स्य॒,1
स॒त्यमु॒त,1
स॒त्यरा॑धसः,1
स॒त्यश्च॑र्त॒पाश्च॑,1
स॒त्यस॑व,1
स॒त्यस॑वो॒,1
स॒त्याया॒,1
स॒त्यायेत्या॑ह॒,1
स॒त्याय॑,1
स॒त्याय॒र्तस्य॑,1
स॒त्याशीर्दे॒वेषु॑,1
स॒त्येन॒,1
स॒त्यौजा,1
स॒त्यौजाः,1
स॒द्यः,1
स॒द्ये,1
स॒धस्थ॑म॒पा,1
स॒ध्रिय॑ञ्चो,1
स॒ध॒मादो,1
स॒नात॑नः,1
स॒न्तं,1
स॒न्ति॒,1
स॒प्तक॑पालं॒,1
स॒प्तच॑त्वारि,1
स॒प्तत्रि,1
स॒प्तथ॑माहुरेक॒जम्,1
स॒प्तप॑दा,1
स॒प्तप॑द्य॒ष्टाप॑दी॒,1
स॒प्तप॒देति॑,1
स॒प्तभिः॑,1
स॒प्तभि॒र्वा,1
स॒प्तात्रि॑श्च॒,1
स॒प्तार॒ण्याः,1
स॒प्रथा॒,1
स॒प॒र्यन्तः॑,1
स॒भायां॒,1
स॒भाया॑मुत्ता॒नो,1
स॒भावान्॑,1
स॒मभ॑रः॒,1
स॒मभ॑र॒न्तस्मा॑दभ्याता॒ना,1
स॒मर्धु॑कमस्य,1
स॒मा,1
स॒माभृ॑तम्,1
स॒माभृ॑ताः,1
स॒मारू॑ढः,1
स॒मारू॑ढो॒,1
स॒मारो॑हयति,1
स॒मारो॑हयते,1
स॒मारो॑हय॒त्यथो॒,1
स॒माव॑द्वीर्याणि,1
स॒माव॑वृत्रन्नध॒रागुदी॑ची॒रहिं॑,1
स॒माहि॑ता,1
स॒माहि॑ताः,1
स॒मा॒नमे॒तदुद॑कम्,1
स॒मा॒नाना॒मोष॑धीष्वे॒व,1
स॒मित्,1
स॒मिदिति॑,1
स॒मिद्दी॒दय॑ति,1
स॒मिधः॒,1
स॒मिध॒मा,1
स॒मीची॒,1
स॒मु॒द्रस्य॒,1
स॒मृधे,1
स॒म्भा॒र्या,1
स॒युजो॑,1
स॒युजो॑षसः,1
स॒रमा॑,1
स॒र्पान॑सृजत॒,1
स॒र्पिषः॑,1
स॒र्पिषो॒,1
स॒र्पिष्वा,1
स॒र्पि॒र्ग्री॒वी,1
स॒र्वग॑णं,1
स॒र्वाम्,1
स॒र्वैः,1
स॒व,1
स॒विता॑रेप॒सो॑ऽभवत्,1
स॒वितुः,1
स॒वि॒तारं॒,1
स॒वि॒त॒र्दे॒वा,1
स॒व्यो,1
स॒स्यम्भ॑वत्यग्नीषो॒मीया॒मा,1
स॒स्रुत॑,1
स॒हजा॑नि॒र्यः,1
स॒हभ॑क्षाः,1
स॒हवी॑रा,1
स॒हस्रं॒,1
स॒हस्रैः,1
स॒हस्र॑पात्,1
स॒हस्र॑युक्,1
स॒हस्र॑वृत्,1
स॒हस्र॑शश्च॒,1
स॒हस्र॑शी,1
स॒हास्ता॒न्ते,1
स॒हेष्टेन॒,1
स॒होर्जा,1
स॒ह॒जान्,1
स॒ह॒स्रा॒क्षः,1
स॒ह॒स्र॒पो॒ष,1
स॒ह॒स्र॒वृदि॑यं,1
हं,1
हंसज्ञानोपायो,1
हंसदेवं,1
हंसपंक्तिं,1
हंसबीजेन,1
हंसषोढोपनिषत्,1
हंससारससेवितैः,1
हठप्रदीपिकायाः,1
हठात्परिचुम्बनम्,1
हतं,1
हतः,1
हतभूयिष्ठा,1
हतराक्षसः,1
हताशं,1
हते॒,1
हतैस्तै,1
हन,1
हनधातोर्हिंसा,1
हनिष्ये,1
हनि॒ष्यन्थ्सखे॑,1
हनुमन्नाटकसंज्ञितम्,1
हनूमत्प्रमुखैर्वृतः,1
हनूमन्तं,1
हनूमन्तमुपस्थितम्,1
हन्ता,1
हन्ति,1
हन्तुकामेवेदं,1
हन्तुमभियानम्,1
हन्तेरज्घुरचेत्यु्नोचथ,1
हन्तोः,1
हन्त्यर्थाश्चेति,1
हन्यात्कथं,1
हन्याद्वास्तोष्प॒तीयं॑,1
हयं,1
हयांश्च,1
हयैः,1
हरं,1
हरंस्तरूणां,1
हरम्,1
हरलिङ्गं,1
हरसमाख्यस्तामसीमेत्य,1
हरस्य,1
हरहसितसितं,1
हरा,1
हरांशौ,1
हरा॒मीत्या॑हा॒न्नाद्य॑मे॒वास्य॑,1
हरिकीर्तनात्,1
हरिकेशाय,1
हरिणा,1
हरितालं,1
हरितालमयं,1
हरिदास्यप्रदं,1
हरिद्राचूर्णमिश्रेण,1
हरिनेत्राय,1
हरिमखे,1
हरिमन्दिरम्,1
हरिमादिदेवं,1
हरिमेव,1
हरिरित्यर्थः,1
हरिव,1
हरिवंश,1
हरिवर्ण॒,1
हरिशार्दूल,1
हरिश्चन्द्रं,1
हरिश्चन्द्रः,1
हरिश्चन्द्रादि,1
हरिश्चन्द्रोऽथ,1
हरिश्चापि,1
हरि॑णीम्,1
हरि॑भि॒र्ये,1
हरि॑वत॒,1
हरीतकी,1
हरे,1
हरेःप्रियतमं,1
हरेत्,1
हरेर्मन्त्रैर्यथोदितम्,1
हरेस्याज्य,1
हरे॒त्तेनै॒वैन॑म्भा॒गिनं॑,1
हरौ,1
हर्म्यतलस्थाऽहं,1
हर्म्यमदृष्टे,1
हर्म्यार्हा,1
हर्यक्ष्णे,1
हर्यते,1
हर्याज्ञाकरणादेव,1
हर्षवर्धन,1
हर्षवर्धनः,1
हर्षश्चार्जुन,1
हर्षान्,1
हर॑न्ति॒,1
हर॑यः,1
हर॒स्तेना॒ह,1
हल,1
हलः,1
हलन्‍तनपुंसकलिङ्गाः,1
हलसमन्वितः,1
हलादिशेषे,1
हलिनि,1
हवामहे,1
हविरातिथ्यं,1
हविषा,1
हविषामुद्वासनात्,1
हविष्मते,1
हविष्याशी,1
हवि॒र्धाने॒,1
हवेषु,1
हवे॒मा,1
हव्या॑,1
हव्यो॑,1
हव्य॑,1
हव्य॑वाट्,1
हव्य॑वा॒ट्तुभ्य,1
हव्य॑वा॒डिति॒,1
हव्य॒वाह,1
हव्य॒वाह॑नो॒,1
हव्य॒वाह॒मिति॑,1
हसत्सु,1
हसन्,1
हसित,1
हस्तः॒,1
हस्तगतं,1
हस्तमेकारं,1
हस्तमोकारं,1
हस्ता,1
हस्तादाने,1
हस्तिभूयं,1
हस्ति॒,1
हस्तीकृतं,1
हस्ते॒,1
हस्तो,1
हस्तौ,1
हस्त्यश्वं,1
हस्त्यश्वरथपादातम्,1
हस्प॒त्यो,1
हांषट्त्रिम्शत्तत्वेभ्यो,1
हाटकः,1
हाटकब्राह्मविष्णवम्,1
हाटकेश्वरकाङ्क्षया,1
हाटकेश्वरक्षेत्रमाहात्म्ये,1
हाटकेश्वरजे,1
हाटकेश्वरदेवस्य,1
हाटकेश्वरदेवे,1
हाटकेश्वरम्,1
हाटकेश्वरसञ्ज्ञे,1
हाटकेश्वरे,1
हानयश्च,1
हानयोऽपि,1
हाम,1
हारकाः,1
हाराय,1
हारैश्च,1
हार्दम्,1
हार्दि॑,1
हार्हणं,1
हासिष्टं,1
हासी॒थ्सूर्य॑,1
हासी॒दिन्द्रौ॑जस्विन्नोज॒स्वी,1
हासी॒न्मयि॑,1
हासी॒रित्या॑ह॒,1
हा॑सी॒न्मा,1
हा॑सी॒न्माह,1
हा॑सी॒न्माहमोजो॑,1
हा॒यसे,1
हिंसको,1
हिंसागत्यो,1
हिंसागत्योरिति,1
हिंसाविहाराणां,1
हिंसिधातो,1
हिं॑क॒र्ता,1
हिः,1
हिःश्वसन्निराशासन्नसेवके,1
हिङ्गुरूपनिर्यासरसयुक्तमूलानां,1
हितकरः,1
हितकाम्यया,1
हितप्रापकः,1
हितमिच्छन,1
हितम्,1
हिताः,1
हितानि,1
हिताय,1
हितार्यं,1
हिनसानीति,1
हिनस्ति,1
हिनु॒,1
हिन्दुस्तानीसङ्गीतस्य,1
हिन्व॑,1
हिमफलकानामधः,1
हिमाचलप्रदेशस्य,1
हिमालयं,1
हिमालयम्,1
हिरण्म॑यः,1
हिरण्म॑यीं,1
हिरण्यक,1
हिरण्यगर्भः,1
हिरण्यबाहवे,1
हिरण्यादिं,1
हिरण्येनाजया,1
हिर॑ण्यं,1
हिर॑ण्यकेशो॒,1
हिर॑ण्यमव॒धाय॑,1
हिर॑ण्यम॒भि,1
हिर॑ण्यवर्णावु॒षसां,1
हिर॑ण्य॒मश्वा,1
हिर॑ण्य॒मायुः॑,1
हिर॒ण्ययी,1
हिविजिविदिविधि,1
हिशब्दः,1
हिषि॒,1
हिषो॒,1
हि॒तो,1
हि॒नो॒मीन्द्रा॑विष्णू॒,1
हि॒र॒ण्यये॑न,1
हि॒र॒ण्य॒ग॒र्भो,1
हि॒र॒ण्य॒ना॒भये॑,1
हि॒षद्भ्यो॑,1
ही,1
हीत्यादिना,1
हीनं,1
हीनज्ञाना,1
हीनसत्त्वा,1
हीना,1
हीन्द्रियाणां,1
हीमन्मथद्वैरथरङ्गभूमी,1
हीयते,1
हीयते॒,1
हीयमथो॑,1
हीयेत,1
हीय॑ते,1
हीय॑ते॒,1
हीरकादौ,1
हुंफट्,1
हुड्,1
हुतादः,1
हुतादश्चाहुतादश्च,1
हुतादो,1
हुताश,1
हुताशनम्,1
हुताशश्च,1
हुता॑,1
हुत्वा,1
हुत्वार्कपलाशखदिरापामार्गाश्वत्थोदुम्बरशमीदूर्वाकुशान्यथा,1
हुम्फट्,1
हुलयो,1
हुवाऽथ,1
हु॑वामहे,1
हु॒तम॑सि,1
हु॒ताः,1
हु॒त्वोपा,1
हु॒वे,1
हूतवहेऽमलधिरभिवाह्य,1
हूम्फडन्तं,1
हूयते,1
हू॒यन्ते॑,1
हू॒य॒त॒,1
हृतं,1
हृतचेतनः,1
हृतम्,1
हृति,1
हृत्कुम्भस्यापि,1
हृत्वोप॑तिष्ठे॒त,1
हृत्संशयबन्धनं,1
हृत्स्थम्,1
हृदमिति,1
हृदयद्वौ,1
हृदयरूपदेशा,1
हृदयशिरः,1
हृदयशोषणाः,1
हृदयादा,1
हृदयादि,1
हृदयाद्,1
हृदयाद्यङ्गबीजानीख्याता,1
हृदयायतनाय,1
हृदये,1
हृदादि,1
हृदिस्थं,1
हृदिस्थस्ते,1
हृदिस्थाने,1
हृदिस्पृक्,1
हृदीजात,1
हृद्धूपेनाभि,1
हृद्यं,1
हृद्यो,1
हृद्व्यथा,1
हृद॑यं॒,1
हृद॑यम॒स्येक॑मिष॒,1
हृद॑ये,1
हृषीकेशो,1
हृष्टमनसो,1
हृष्टानां,1
हृष्टास्याः,1
हृष्यति,1
हृस्वमुच्चरेत्,1
हृ॒दि,1
हेएत्वमित्यप्रतीतेर्नासुरा,1
हेक्टर्,1
हेङ्कोङ्,1
हेड॑सि॒,1
हेतवः,1
हेति,1
हेतिरस्मान्वृणक्तु,1
हेतु,1
हेतुं,1
हेतुकः,1
हेतुगर्भविशेषणाभिप्रायेण,1
हेतुतः,1
हेतुतया,1
हेतुते,1
हेतुत्वं,1
हेतुत्वलक्षणैः,1
हेतुत्वा,1
हेतुत्वाद्,1
हेतुत्वे,1
हेतुभूतं,1
हेतुभूताद्,1
हेतुमण्णिच्,1
हेतुमद्भावेनान्योन्यसङ्कलनम्,1
हेतुमालोकशक्तः,1
हेतुमुद्भाव्य,1
हेतुमेकं,1
हेतुरभिधीयते,1
हेतुरिति,1
हेतुरित्यर्थः,1
हेतुर्ना,1
हेतुर्नित्य,1
हेतुर्भवती,1
हेतुर्मनीषिभिः,1
हेतुर्वाक्यभेदस्तु,1
हेतुर्विभिरिति,1
हेतुव्यपदेशात्,1
हेतुश्चात्र,1
हेतुसमानाधिकरणात्यन्ताभावप्रतियोगिताऽनव,1
हेतुसमानाधिकरणाऽभावप्रतियोगितानवच्छेदकत्व,1
हेतोरुपहिते,1
हेतोर्गोचरत्वं,1
हेतोर्नासिद्धतेति,1
हेतोर्व्यभिचारग्रहात्,1
हेतोर्व्यभिचारङ्कथयति,1
हेत्या,1
हेमजं,1
हेमतश्चक्षु॑षी,1
हेमतारादिजं,1
हेमत्वं,1
हेमत्वाभिव्यक्तिरिव,1
हेमन्ताय,1
हेमपरिष्कृतम्,1
हेमरत्नादि,1
हेमसूच्या,1
हेमाद्रौ,1
हेयः,1
हेयत्वम्,1
हेयहेतुः,1
हेलेन्,1
हैतत्पुरुषः,1
हैदराबाद्,1
हैयान्,1
हैवास्मिंलोक,1
हैवास्य,1
होङ्कोङस्य,1
होङ्कोङ्,1
होतः॒,1
होता॑र,1
होता॒साव॑ध्व॒र्युर्यदासी॑नः॒,1
होतुः,1
होतृभिर्,1
होतृ॒षद॑ने॒,1
होतो॑पयाम॒गृ॑हीतो,1
होत्राः,1
होत्रा॑,1
होत्रा॒,1
होत्रा॒विदं॒,1
होत्रे,1
होत्रे॑,1
होत॒व्यं॑,1
होम,1
होममाचरेत्,1
होमान्ते,1
होमा॑वपश्य॒न्ताव॑जुहवु॒स्ततो॒,1
होमि,1
होमे,1
होम॑मि॒मं,1
होराः,1
होरासौख्यं,1
होवाचाजातशत्रुर्यत्रैष,1
होष्या॒मीति॒,1
होस्टस्,1
हो॑,1
हो॑त॒व्याः,1
हो॑त॒व्या॑,1
हो॒त्रीय॑मा॒शिष॑मे॒वैतामा,1
हो॒मुचे॒,1
हौत्रीत्यादिरनेकया,1
हौत्रीमाह,1
हौत्रीह,1
ह्ज्म्,1
ह्नु॑वाते,1
ह्मकल्पान्ते,1
ह्मणा,1
ह्मणाच्छ॒,1
ह्म॒णा,1
ह्यकेयो,1
ह्यक्षहीनोऽपि,1
ह्यजोहवीत्,1
ह्यणिमाद्याश्च,1
ह्यत्याश्रमी,1
ह्यत्र,1
ह्यनंतांशेन,1
ह्यनिरोधसम्भवम्,1
ह्यन्यं,1
ह्यपानं,1
ह्यभिमन्योश्च,1
ह्ययं॑,1
ह्यवनिपतिरभूत्तत्तनूजोऽमराख्यो,1
ह्यव॑,1
ह्यसंवेद्या,1
ह्यसि,1
ह्यस्वत्वपक्षे,1
ह्यस्वोपध,1
ह्यस्वोपधः,1
ह्यहं,1
ह्यात्मन,1
ह्यात्मनः,1
ह्यात्मनो,1
ह्यात्मानात्मपरात्मनाम्,1
ह्यादि॒त्यास्त्वा॒,1
ह्याधिदैविकाः,1
ह्याध्यात्मिकी,1
ह्याम्रेषु,1
ह्यासुरशूर्पजाश्च,1
ह्युपस्थानं,1
ह्युपास्यो,1
ह्येकनेत्रस्य,1
ह्येन,1
ह्येनम्,1
ह्येषा,1
ह्ये॑तद्दे॒वा,1
ह्ये॑व,1
ह्ये॑वास्मि॑,1
ह्ये॑षात्मा,1
ह्य्,1
ह्य॑ग्निश्ची॒यते,1
ह्य॑ग्निहो॒त्रं,1
ह्य॑सावथो॑,1
ह्य॑स्य,1
ह्य॒स्मथ्स॑खा॒,1
ह्रदाः,1
ह्रर्थगतिः,1
ह्रस्व,1
ह्रस्वं,1
ह्रस्वग्रीवा,1
ह्रस्वत्वं,1
ह्रस्वस्य,1
ह्रस्वान,1
ह्रस्वाभावात्,1
ह्रस्वे,1
ह्रस्वोदहति,1
ह्रां,1
ह्रियमाणमिव,1
ह्रियमाणश्रमः,1
ह्रिया,1
ह्रि॒यमा॑णायाम॒ग्नेर्मेधो,1
ह्रीनिषेधो,1
ह्रूं,1
ह्रेपणमगुणो,1
ह्लादन,1
ह्लादयते,1
ह्लादी,1
ह्वयध्व॒मुप॑,1
ह्वयस्वेति,1
ह्वये,1
ह्वर॑ते॒,1
ह्व॑यन्ता॒न्नमो॒,1
ह्व॑येता॒मुपा,1
ह॑थः,1
ह॑न्तो॒स्तम॒भि,1
ह॑न्यते॒,1
ह॑पत्यः॒,1
ह॑रति॒,1
ह॑रामि,1
ह॑र॒न्त्युत्पत्नी॒मा,1
ह॑र॒स्वी,1
ह॑वन्त,1
ह॑वि॒र्धाने॒,1
ह॑वि॒र्धान॑माग्ने॒य्या,1
ह॑सः,1
ह॑सः॒,1
ह॑सस्पातु,1
ह॑सस्पात॒,1
ह॒त,1
ह॒तवृ॒त्रं,1
ह॒थो,1
ह॒न्ति,1
ह॒न्येता,1
ह॒प॒त्याः,1
ह॒रा॒,1
ह॒विरासी॒दथा॑दि॒त्या,1
ह॒विर्भिः॑,1
ह॒विर्य॑जति॒,1
ह॒विर॑ति॒रिच्य॑ते॒,1
ह॒विर॑दन्तु,1
ह॒विर॑सि,1
ह॒विर॒सीत्या॑ह,1
ह॒विश्शु॒क्रस्य॑,1
ह॒विषाव॒,1
ह॒विष्म॑तो,1
ह॒विष्म॑त्यसि,1
ह॒विष्म॑न्तो॒,1
ह॒विष॑श्चिकेतु,1
ह॒व्यमु॒षसो॑,1
ह॒व्यानि॑,1
ह॒व्याय॒,1
ह॒व्य॒वाड्जु॒ह्वा,1
ह॒व्य॒वाड॒ग्निर॒जरः॑,1
ह॒स्प॒त्यं,1
ऽअतिक्रान्तानां,1
ऽअहमेवं,1
ऽओषधीर्जग्ध्वापः,1
ऽकाङ्क्षया,1
ऽक॑र्णाः॒,1
ऽखिलं,1
ऽगृ॑हीता,1
ऽग्नयः॑,1
ऽग्नावैष्णव॒मेका॑दशकपालं॒,1
ऽग्नावैष्ण॒वमेका॑दशकपालं,1
ऽग्निजि॒ह्वेभ्य॑,1
ऽग्निना,1
ऽग्निना॒,1
ऽग्निने,1
ऽग्निभ्यां॒,1
ऽग्निमे॒व,1
ऽग्निर्गा॑य॒त्रछ॑न्दाः॒,1
ऽग्निर्ग॑न्ध॒र्वस्तस्यौष॑धयो,1
ऽग्निर्मा॑,1
ऽग्निर्वा,1
ऽग्निर्वै,1
ऽग्निष्वा॒त्तेभ्यो॑,1
ऽग्नीषो॒मीयम्,1
ऽग्नीषो॒मीय॑मा॒त्मना॒,1
ऽग्नीषो॒मीय॒मेका॑दशकपालं॒,1
ऽग्नेरा॒यत॑नं॒,1
ऽग्नेर्मि॑थू॒या,1
ऽग्नेस्ते॑ज॒स्याः,1
ऽग्ने॒यम॒ष्टाक॑पाल,1
ऽग्ने॒यम॒ष्टाक॑पालं॒,1
ऽग्ने॒यम॒ष्टाक॑पालमै॒न्द्रं,1
ऽग्रं॑,1
ऽच्छिन॒त्तस्यै॒,1
ऽच्छि॑द्यमानया॒,1
ऽच्छि॑न्नस्य,1
ऽजनयन्त,1
ऽजागर्,1
ऽतप्यत॒,1
ऽतिक्रम्य,1
ऽति॑रिक्त,1
ऽती॑तृपन्त,1
ऽती॒ह्यव॑ततधन्वा॒,1
ऽत्येत्य॒न्ये,1
ऽत्र,1
ऽत्राऽदरे,1
ऽथाश्रुमुखो,1
ऽदधा॒त्तां,1
ऽदशत्,1
ऽदा,1
ऽदि॒त्यां,1
ऽदु॒र्वै,1
ऽद्भ्यः,1
ऽद्यानु॑मतिर्य॒ज्ञं,1
ऽधि॑पति॒र्यदे॒ताभ्या॑मुपाक॒रोति॒,1
ऽधीष्टः,1
ऽध्यास॑ते,1
ऽध्वर्यू॒णाम्,1
ऽध्वर्योर्,1
ऽध्व॒र्युर्वा॑य॒व्यं॑,1
ऽनयो॑रे॒वैनं॑,1
ऽनायत॒ना,1
ऽनी॑कवते,1
ऽनुख्या॒ता,1
ऽनुत्पन्नांश्,1
ऽनुसंप्राप्तं,1
ऽनु॑मतिं॒,1
ऽनु॒ष्टुप्छन्दो॑,1
ऽनेकः,1
ऽन्तरि॑क्षात्प्र॒जाप॑तिरुद॒धिं,1
ऽन्तरि॑क्षेण,1
ऽन्तरि॑ख्षाय॒,1
ऽन्तरि॒क्षे,1
ऽन्तरे॑ति,1
ऽन्तर्या॒मस्य॒,1
ऽन्तश,1
ऽन्नं॒,1
ऽन्यत्राचलता,1
ऽन्ये,1
ऽन्यो,1
ऽन्वत॑प्यन्त॒,1
ऽन॑न्वारभ्याश्रा॒वये॒थ्स्वादि॑या॒त्तस्मा॑दन्वा॒रभ्या॒श्राव्य॒,1
ऽपत्तेः,1
ऽपश्यत्,1
ऽपश्य॒त्तया॒,1
ऽपामोष॑धीनां॒,1
ऽपामोष॑धीना॒,1
ऽपा॒नं,1
ऽपि॒सृज्या॒भि,1
ऽपु॑ण्यस्य॒,1
ऽपो,1
ऽप्यनभिधानं,1
ऽप्यन्तरान्तरा,1
ऽप्रति॒ख्येन॑,1
ऽप्रमाणकम्,1
ऽप्र॑तिष्ठितान्यु॒क्थान्यप्र॑तिष्ठितो॒,1
ऽप्र॑तिष्ठितो,1
ऽप्सरसां,1
ऽप्स॒रसः॑,1
ऽप्स॒रसो॑,1
ऽप्स॒रसो॒,1
ऽप्स॒रस॑,1
ऽप्स॒रस॒,1
ऽप॑,1
ऽफ्सु,1
ऽब्रवीत्क॒था,1
ऽब्रवीत्प्र॒जाप॑ति॒श्छन्द॑सां,1
ऽब्रवीद्य॒ज्ञे,1
ऽब्रवी॒त्ते,1
ऽब्रवी॒द्ब्राह्म॑णं,1
ऽब्रवी॒न्मम॒,1
ऽब्रुवन्नध्वर्त॒व्या,1
ऽभव॒त्तत्प॒र्णस्य॑,1
ऽभव॒द्यस्य॑,1
ऽभिगमिष्यति,1
ऽभिजि॑ता,1
ऽभिद्रो॒ह,1
ऽभिवा॒न्या॑यै,1
ऽभिषू॒यमा॑णस्य॒,1
ऽभिषेक्ष्यति,1
ऽभि॒चर॒न्नवे,1
ऽभि॒जित्यै॒वेमाल्लोँ॒कान्पुन॑रि॒मं,1
ऽभू॒त्,1
ऽभ्याभवेदुदस्तोकमाश्चोतयितवै,1
ऽभ्य॑य,1
ऽमावा॒स्या॑,1
ऽमी॑मदन्त,1
ऽमी॑मृजन्त,1
ऽमुमा॒प्याय॑मान॒मन्वा,1
ऽमृड॒यष्षट्च॑त्वारि,1
ऽमृता,1
ऽमृते॑नै॒वायु॑रा॒त्मन्ध॑त्ते,1
ऽमृत॑मसि,1
ऽमृत॑स्य॒,1
ऽमे॒ध्यम्पश्य॒त्यपा,1
ऽम्बानां,1
ऽम्बि॑कया॒,1
ऽयः॑,1
ऽयम॑स्तु,1
ऽयम॒ग्निश्ची॒यते,1
ऽयम॒सावा॑मुष्याय॒णो,1
ऽयु॒क्तो,1
ऽराती॒यति॒,1
ऽरो॑हतं,1
ऽर्था॒न्मा,1
ऽर्या॒दित्या॑हव॒नीय॒मुप॑,1
ऽर्वाञ्च॑,1
ऽर्वा॒चीन,1
ऽर्वा॒चीनम्,1
ऽर्ष्टुः,1
ऽलयः,1
ऽवतर,1
ऽवतु,1
ऽवन्तु॒,1
ऽवरे॒,1
ऽवा॒ङ्नाभि॒मति॑,1
ऽवि॑मा,1
ऽवी॑वृधं,1
ऽवृणत,1
ऽवे,1
ऽव॑च्छिद्यते,1
ऽव॑च्छिद्यते॒,1
ऽव॑धिष्म॒,1
ऽव॑मृ॒शेच्चतु॑ष्पादो,1
ऽव॑वृत्र॒न्थ्सद॑नानि,1
ऽव॒यज॑नमसि,1
ऽव॒यज॑नमस्य॒प्सु,1
ऽव॒साय्य॑,1
ऽशा,1
ऽश्राद्धः,1
ऽश्वं॑,1
ऽश्वकर्णगिरिर्निमिन्धरश्चक्रवालः,1
ऽश्वा॑य॒,1
ऽश्विनो,1
ऽश्विनोः॒,1
ऽश्वि॒नं,1
ऽश्व॒त्थो,1
ऽष्टाच॑त्वारि,1
ऽष्टाद॑श,1
ऽष्टाप॑दी॒,1
ऽष्टावि,1
ऽसिताः,1
ऽसीत्या॑ह॒,1
ऽसीन्द्रो॑,1
ऽसु॑राणा॒न्तौ,1
ऽसु॑रा॒ननु॑,1
ऽसृज्यत,1
ऽसौ,1
ऽस्तं॒,1
ऽस्तु,1
ऽस्त॒मेति॑,1
ऽस्मत्पाक॑तर॒,1
ऽस्माकं,1
ऽस्माकं॒,1
ऽस्माङ्,1
ऽस्मादे॒तर्,1
ऽस्मान्द्वेष्टि॒,1
ऽस्मा॒,1
ऽस्मि,1
ऽस्मिन्क्षये॒,1
ऽस्मिन्भू॑मिलो॒के,1
ऽस्मिल्लोँ॒के,1
ऽस्मिल्लोँ॒के॑,1
ऽस्मि॑न्नु॒ग्रा,1
ऽस्मि॑न्नु॒ग्राः,1
ऽस्मीति,1
ऽस्मै,1
ऽस्यां,1
ऽस्यामा॒शिष्य॒स्याम्पु॑रो॒धाया॑,1
ऽस्यृत॒सद॑सि,1
ऽस्य॒श्वि,1
ऽस्य॒श्विनो,1
ऽस॑ति,1
ऽहमुपगत्य,1
ऽहि॒र्धुनि॒र्वात॑,1
ऽहु॑तिं,1
ऽहु॒तादेकः॑,1
ऽहोरा॒त्राणि॒,1
ऽह्न॑,1
ऽह॑न्गृह्यन्ते,1
ऽह॑न्गृ॒ह्यन्ते,1
ऽह॑न्वामदे॒व्यं,1
ातृस्नेहपरिप्लुतः,1
ाश्च,1
्,1
्यपि,1
ॐकारमयाय,1
॑रेकाद॒शा,1
॑शच्च,1
॑शता॒,1
॑शत्या॒,1
॑शुं,1
॑शुः,1
॑शुपा॒त्रे,1
॑शुम॒वास्य॒,1
॑शु॒मती॑मतिष्ठत्,1
॑शु॒मद्यद॑भिषु॒णोति॒,1
॑श्चिन्वीत,1
॑श्चेत्ये॒ते,1
॑षि,1
॑सां,1
॑सिषं॒,1
॑सी॒दिय॑द॒स्यायु॑र॒स्यायु॑र्मे,1
॑सो,1
॑स्यसृजत॒,1
॑स्युत्त॒,1
॑स्यु॒भय॑स्य,1
॑स्य॒,1
॑हाः,1
॑हा॒न्तरि॑क्षे॒,1
॒शः,1
॒शुः,1
॒शुम॑ती,1
॒शुर्बा॒हुच्यु॑तो,1
॒शोः,1
॒शौ,1
॒स,1
॒सदा॑,1
॒समासी,1
॒समि॒वास्थी॑व॒,1
॒सा,1
॒सिनां,1
॒सिने॒,1
॒सि॒षं॒,1
॒सि॒ष॒द्विश्वे॑,1
॒सेन॒,1
॒सैरि॑व॒,1
॒स्तृष्य॑ध्यायत्,1
॒स्त्र्य॑स्मि,1
॒स्फानो॑,1
॒स्फान॑,1
॒स्यपा,1
॒स्यया॑तयामानि,1
॒स्यया॑तयामा॒न्यव॑,1
॒हः,1
॒हार्यं॒,1
क़्,1
फ़िनले,1
फ़ोउर्थ्,1
ॠत,1
